2026/05/08 17:10:40 INFO  : NYSE_without_fees_2026-04-13_to_2026-04-15/summary_runs.csv: Copied (new)
2026/05/08 17:10:44 INFO  : PSE_without_fees_2026-04-13_to_2026-04-15/summary_runs.csv: Copied (new)
2026/05/08 17:10:46 INFO  : NYSE_without_fees_2026-04-13_to_2026-04-15/slurm_logs/tm-eiie-batch-74120.err: Copied (new)
2026/05/08 17:10:46 INFO  : NYSE_without_fees_2026-04-13_to_2026-04-15/slurm_logs/tm-eiie-batch-74120.out: Copied (new)
2026/05/08 17:10:46 INFO  : NYSE_without_fees_2026-04-13_to_2026-04-15/slurm_logs/tm-eiie-batch-74122.err: Copied (new)
2026/05/08 17:10:46 INFO  : NYSE_without_fees_2026-04-13_to_2026-04-15/slurm_logs/tm-eiie-batch-74121.err: Copied (new)
2026/05/08 17:10:46 INFO  : NYSE_without_fees_2026-04-13_to_2026-04-15/slurm_logs/tm-eiie-batch-74123.err: Copied (new)
2026/05/08 17:10:46 INFO  : NYSE_without_fees_2026-04-13_to_2026-04-15/slurm_logs/tm-eiie-batch-74122.out: Copied (new)
2026/05/08 17:10:46 INFO  : NYSE_without_fees_2026-04-13_to_2026-04-15/slurm_logs/tm-eiie-batch-74121.out: Copied (new)
2026/05/08 17:10:47 INFO  : NYSE_without_fees_2026-04-13_to_2026-04-15/slurm_logs/tm-eiie-batch-74123.out: Copied (new)
2026/05/08 17:10:48 INFO  : NYSE_without_fees_2026-04-13_to_2026-04-15/slurm_logs/tm-eiie-batch-74124.err: Copied (new)
2026/05/08 17:10:48 INFO  : NYSE_without_fees_2026-04-13_to_2026-04-15/slurm_logs/tm-eiie-batch-74125.out: Copied (new)
2026/05/08 17:10:48 INFO  : NYSE_without_fees_2026-04-13_to_2026-04-15/slurm_logs/tm-eiie-batch-74124.out: Copied (new)
2026/05/08 17:10:49 INFO  : NYSE_without_fees_2026-04-13_to_2026-04-15/slurm_logs/tm-eiie-batch-74126.out: Copied (new)
2026/05/08 17:10:49 INFO  : NYSE_without_fees_2026-04-13_to_2026-04-15/slurm_logs/tm-eiie-batch-74125.err: Copied (new)
2026/05/08 17:10:49 INFO  : NYSE_without_fees_2026-04-13_to_2026-04-15/slurm_logs/tm-eiie-batch-74126.err: Copied (new)
2026/05/08 17:10:49 INFO  : NYSE_without_fees_2026-04-13_to_2026-04-15/slurm_logs/tm-eiie-batch-74127.err: Copied (new)
2026/05/08 17:10:49 INFO  : NYSE_without_fees_2026-04-13_to_2026-04-15/slurm_logs/tm-eiie-batch-74127.out: Copied (new)
2026/05/08 17:10:50 INFO  : NYSE_without_fees_2026-04-13_to_2026-04-15/slurm_logs/tm-eiie-batch-74128.err: Copied (new)
2026/05/08 17:10:51 INFO  : NYSE_without_fees_2026-04-13_to_2026-04-15/slurm_logs/tm-eiie-batch-74128.out: Copied (new)
2026/05/08 17:10:51 INFO  : NYSE_without_fees_2026-04-13_to_2026-04-15/slurm_logs/tm-eiie-batch-74129.err: Copied (new)
2026/05/08 17:10:51 INFO  : NYSE_without_fees_2026-04-13_to_2026-04-15/slurm_logs/tm-eiie-batch-74130.out: Copied (new)
2026/05/08 17:10:51 INFO  : NYSE_without_fees_2026-04-13_to_2026-04-15/slurm_logs/tm-eiie-batch-74129.out: Copied (new)
2026/05/08 17:10:51 INFO  : NYSE_without_fees_2026-04-13_to_2026-04-15/slurm_logs/tm-eiie-batch-74130.err: Copied (new)
2026/05/08 17:10:51 INFO  : NYSE_without_fees_2026-04-13_to_2026-04-15/slurm_logs/tm-eiie-batch-74131.err: Copied (new)
2026/05/08 17:10:51 INFO  : NYSE_without_fees_2026-04-13_to_2026-04-15/slurm_logs/tm-eiie-batch-74131.out: Copied (new)
2026/05/08 17:10:53 INFO  : NYSE_without_fees_2026-04-13_to_2026-04-15/slurm_logs/tm-eiie-batch-74132.err: Copied (new)
2026/05/08 17:10:53 INFO  : NYSE_without_fees_2026-04-13_to_2026-04-15/slurm_logs/tm-eiie-batch-74132.out: Copied (new)
2026/05/08 17:10:53 INFO  : NYSE_without_fees_2026-04-13_to_2026-04-15/slurm_logs/tm-eiie-batch-74134.err: Copied (new)
2026/05/08 17:10:54 INFO  : NYSE_without_fees_2026-04-13_to_2026-04-15/slurm_logs/tm-eiie-batch-74133.err: Copied (new)
2026/05/08 17:10:54 INFO  : NYSE_without_fees_2026-04-13_to_2026-04-15/slurm_logs/tm-eiie-batch-74135.out: Copied (new)
2026/05/08 17:10:54 INFO  : NYSE_without_fees_2026-04-13_to_2026-04-15/slurm_logs/tm-eiie-batch-74133.out: Copied (new)
2026/05/08 17:10:54 INFO  : NYSE_without_fees_2026-04-13_to_2026-04-15/slurm_logs/tm-eiie-batch-74134.out: Copied (new)
2026/05/08 17:10:54 INFO  : NYSE_without_fees_2026-04-13_to_2026-04-15/slurm_logs/tm-eiie-batch-74135.err: Copied (new)
2026/05/08 17:10:59 INFO  : NYSE_without_fees_2026-04-13_to_2026-04-15/work_dir/backtests_eiie_20260414_231549_job74129_qj7ppkrx/all_runs_metrics.csv: Copied (new)
2026/05/08 17:11:02 INFO  : NYSE_without_fees_2026-04-13_to_2026-04-15/work_dir/backtests_eiie_20260414_231549_job74129_qj7ppkrx/manifest.json: Copied (new)
2026/05/08 17:11:02 INFO  : NYSE_without_fees_2026-04-13_to_2026-04-15/work_dir/backtests_eiie_20260414_231549_job74129_qj7ppkrx/summary.json: Copied (new)
2026/05/08 17:11:02 INFO  : NYSE_without_fees_2026-04-13_to_2026-04-15/work_dir/backtests_eiie_20260414_062011_job74124_5nwqr3ja/manifest.json: Copied (new)
2026/05/08 17:11:02 INFO  : NYSE_without_fees_2026-04-13_to_2026-04-15/work_dir/backtests_eiie_20260414_231549_job74129_qj7ppkrx/total_return_hist.png: Copied (new)
2026/05/08 17:11:56 INFO  : NYSE_without_fees_2026-04-13_to_2026-04-15/work_dir/backtests_eiie_20260414_163153_job74127_5c1ikwkh/manifest.json: Copied (new)
2026/05/08 17:11:56 INFO  : NYSE_without_fees_2026-04-13_to_2026-04-15/work_dir/backtests_eiie_20260414_062011_job74124_5nwqr3ja/summary.json: Copied (new)
2026/05/08 17:11:56 INFO  : NYSE_without_fees_2026-04-13_to_2026-04-15/work_dir/backtests_eiie_20260414_195750_job74128_o_ywey2v/all_runs_metrics.csv: Copied (new)
2026/05/08 17:11:56 INFO  : NYSE_without_fees_2026-04-13_to_2026-04-15/work_dir/backtests_eiie_20260414_163153_job74127_5c1ikwkh/summary.json: Copied (new)
2026/05/08 17:11:56 INFO  : NYSE_without_fees_2026-04-13_to_2026-04-15/work_dir/backtests_eiie_20260414_163153_job74127_5c1ikwkh/all_runs_metrics.csv: Copied (new)
2026/05/08 17:11:56 INFO  : NYSE_without_fees_2026-04-13_to_2026-04-15/work_dir/backtests_eiie_20260414_062011_job74124_5nwqr3ja/all_runs_metrics.csv: Copied (new)
2026/05/08 17:11:57 INFO  : NYSE_without_fees_2026-04-13_to_2026-04-15/work_dir/backtests_eiie_20260414_062011_job74124_5nwqr3ja/total_return_hist.png: Copied (new)
2026/05/08 17:11:57 INFO  : NYSE_without_fees_2026-04-13_to_2026-04-15/work_dir/backtests_eiie_20260414_163153_job74127_5c1ikwkh/total_return_hist.png: Copied (new)
2026/05/08 17:12:02 INFO  : NYSE_without_fees_2026-04-13_to_2026-04-15/work_dir/backtests_eiie_20260414_030122_job74123_eryaem4m/manifest.json: Copied (new)
2026/05/08 17:12:03 INFO  : NYSE_without_fees_2026-04-13_to_2026-04-15/work_dir/backtests_eiie_20260413_201351_job74121_gzd7n48c/all_runs_metrics.csv: Copied (new)
2026/05/08 17:12:03 INFO  : NYSE_without_fees_2026-04-13_to_2026-04-15/work_dir/backtests_eiie_20260414_030122_job74123_eryaem4m/summary.json: Copied (new)
2026/05/08 17:12:04 INFO  : NYSE_without_fees_2026-04-13_to_2026-04-15/work_dir/backtests_eiie_20260413_201351_job74121_gzd7n48c/manifest.json: Copied (new)
2026/05/08 17:12:04 INFO  : NYSE_without_fees_2026-04-13_to_2026-04-15/work_dir/backtests_eiie_20260414_030122_job74123_eryaem4m/total_return_hist.png: Copied (new)
2026/05/08 17:12:05 INFO  : NYSE_without_fees_2026-04-13_to_2026-04-15/work_dir/backtests_eiie_20260414_094321_job74125_jbo5sdvx/manifest.json: Copied (new)
2026/05/08 17:12:05 INFO  : NYSE_without_fees_2026-04-13_to_2026-04-15/work_dir/backtests_eiie_20260414_094321_job74125_jbo5sdvx/all_runs_metrics.csv: Copied (new)
2026/05/08 17:12:05 INFO  : NYSE_without_fees_2026-04-13_to_2026-04-15/work_dir/backtests_eiie_20260414_030122_job74123_eryaem4m/all_runs_metrics.csv: Copied (new)
2026/05/08 17:13:31 INFO  : NYSE_without_fees_2026-04-13_to_2026-04-15/work_dir/backtests_eiie_20260414_130918_job74126_62nqsn3t/manifest.json: Copied (new)
2026/05/08 17:13:34 INFO  : NYSE_without_fees_2026-04-13_to_2026-04-15/work_dir/backtests_eiie_20260414_195750_job74128_o_ywey2v/manifest.json: Copied (new)
2026/05/08 17:13:38 INFO  : NYSE_without_fees_2026-04-13_to_2026-04-15/work_dir/backtests_eiie_20260415_023409_job74130_ujrrbycv/all_runs_metrics.csv: Copied (new)
2026/05/08 17:13:41 INFO  : NYSE_without_fees_2026-04-13_to_2026-04-15/work_dir/backtests_eiie_20260414_195750_job74128_o_ywey2v/summary.json: Copied (new)
2026/05/08 17:13:44 INFO  : NYSE_without_fees_2026-04-13_to_2026-04-15/work_dir/backtests_eiie_20260414_195750_job74128_o_ywey2v/total_return_hist.png: Copied (new)
2026/05/08 17:13:46 INFO  : NYSE_without_fees_2026-04-13_to_2026-04-15/work_dir/backtests_eiie_20260415_023409_job74130_ujrrbycv/manifest.json: Copied (new)
2026/05/08 17:13:47 INFO  : NYSE_without_fees_2026-04-13_to_2026-04-15/work_dir/backtests_eiie_20260414_094321_job74125_jbo5sdvx/summary.json: Copied (new)
2026/05/08 17:13:47 INFO  : NYSE_without_fees_2026-04-13_to_2026-04-15/work_dir/backtests_eiie_20260414_130918_job74126_62nqsn3t/all_runs_metrics.csv: Copied (new)
2026/05/08 17:13:47 INFO  : NYSE_without_fees_2026-04-13_to_2026-04-15/work_dir/backtests_eiie_20260413_201351_job74121_gzd7n48c/summary.json: Copied (new)
2026/05/08 17:13:47 INFO  : NYSE_without_fees_2026-04-13_to_2026-04-15/work_dir/backtests_eiie_20260414_130918_job74126_62nqsn3t/total_return_hist.png: Copied (new)
2026/05/08 17:13:47 INFO  : NYSE_without_fees_2026-04-13_to_2026-04-15/work_dir/backtests_eiie_20260414_130918_job74126_62nqsn3t/summary.json: Copied (new)
2026/05/08 17:13:48 INFO  : NYSE_without_fees_2026-04-13_to_2026-04-15/work_dir/backtests_eiie_20260413_201351_job74121_gzd7n48c/total_return_hist.png: Copied (new)
2026/05/08 17:13:48 INFO  : NYSE_without_fees_2026-04-13_to_2026-04-15/work_dir/backtests_eiie_20260414_094321_job74125_jbo5sdvx/total_return_hist.png: Copied (new)
2026/05/08 17:13:49 INFO  : NYSE_without_fees_2026-04-13_to_2026-04-15/work_dir/backtests_eiie_20260415_023409_job74130_ujrrbycv/summary.json: Copied (new)
2026/05/08 17:13:50 INFO  : NYSE_without_fees_2026-04-13_to_2026-04-15/work_dir/backtests_eiie_20260415_191636_job74135_ysebkrl3/all_runs_metrics.csv: Copied (new)
2026/05/08 17:13:50 INFO  : NYSE_without_fees_2026-04-13_to_2026-04-15/work_dir/backtests_eiie_20260415_023409_job74130_ujrrbycv/total_return_hist.png: Copied (new)
2026/05/08 17:13:51 INFO  : NYSE_without_fees_2026-04-13_to_2026-04-15/work_dir/backtests_eiie_20260415_191636_job74135_ysebkrl3/summary.json: Copied (new)
2026/05/08 17:13:51 INFO  : NYSE_without_fees_2026-04-13_to_2026-04-15/work_dir/backtests_eiie_20260415_191636_job74135_ysebkrl3/manifest.json: Copied (new)
2026/05/08 17:13:52 INFO  : NYSE_without_fees_2026-04-13_to_2026-04-15/work_dir/backtests_eiie_20260415_191636_job74135_ysebkrl3/total_return_hist.png: Copied (new)
2026/05/08 17:13:52 INFO  : NYSE_without_fees_2026-04-13_to_2026-04-15/work_dir/backtests_eiie_20260415_055739_job74131_tpjgyzkc/all_runs_metrics.csv: Copied (new)
2026/05/08 17:13:53 INFO  : NYSE_without_fees_2026-04-13_to_2026-04-15/work_dir/backtests_eiie_20260415_055739_job74131_tpjgyzkc/summary.json: Copied (new)
2026/05/08 17:13:53 INFO  : NYSE_without_fees_2026-04-13_to_2026-04-15/work_dir/backtests_eiie_20260415_055739_job74131_tpjgyzkc/manifest.json: Copied (new)
2026/05/08 17:13:54 INFO  : NYSE_without_fees_2026-04-13_to_2026-04-15/work_dir/backtests_eiie_20260415_055739_job74131_tpjgyzkc/total_return_hist.png: Copied (new)
2026/05/08 17:13:55 INFO  : NYSE_without_fees_2026-04-13_to_2026-04-15/work_dir/backtests_eiie_20260414_163153_job74127_5c1ikwkh/runs/run_002test_result.csv: Copied (new)
2026/05/08 17:13:55 INFO  : NYSE_without_fees_2026-04-13_to_2026-04-15/work_dir/backtests_eiie_20260414_163153_job74127_5c1ikwkh/runs/run_001test_result.csv: Copied (new)
2026/05/08 17:13:55 INFO  : NYSE_without_fees_2026-04-13_to_2026-04-15/work_dir/backtests_eiie_20260414_163153_job74127_5c1ikwkh/runs/run_003test_result.csv: Copied (new)
2026/05/08 17:13:55 INFO  : NYSE_without_fees_2026-04-13_to_2026-04-15/work_dir/backtests_eiie_20260414_163153_job74127_5c1ikwkh/runs/run_005test_result.csv: Copied (new)
2026/05/08 17:13:55 INFO  : NYSE_without_fees_2026-04-13_to_2026-04-15/work_dir/backtests_eiie_20260414_163153_job74127_5c1ikwkh/runs/run_004test_result.csv: Copied (new)
2026/05/08 17:13:56 INFO  : NYSE_without_fees_2026-04-13_to_2026-04-15/work_dir/backtests_eiie_20260414_062011_job74124_5nwqr3ja/runs/run_001test_result.csv: Copied (new)
2026/05/08 17:13:57 INFO  : NYSE_without_fees_2026-04-13_to_2026-04-15/work_dir/backtests_eiie_20260414_062011_job74124_5nwqr3ja/runs/run_002test_result.csv: Copied (new)
2026/05/08 17:13:58 INFO  : NYSE_without_fees_2026-04-13_to_2026-04-15/work_dir/backtests_eiie_20260415_091734_job74132_bow7t52g/all_runs_metrics.csv: Copied (new)
2026/05/08 17:13:58 INFO  : NYSE_without_fees_2026-04-13_to_2026-04-15/work_dir/backtests_eiie_20260414_062011_job74124_5nwqr3ja/runs/run_005test_result.csv: Copied (new)
2026/05/08 17:13:59 INFO  : NYSE_without_fees_2026-04-13_to_2026-04-15/work_dir/backtests_eiie_20260414_062011_job74124_5nwqr3ja/runs/run_003test_result.csv: Copied (new)
2026/05/08 17:13:59 INFO  : NYSE_without_fees_2026-04-13_to_2026-04-15/work_dir/backtests_eiie_20260414_062011_job74124_5nwqr3ja/runs/run_004test_result.csv: Copied (new)
2026/05/08 17:14:00 INFO  : NYSE_without_fees_2026-04-13_to_2026-04-15/work_dir/backtests_eiie_20260415_091734_job74132_bow7t52g/manifest.json: Copied (new)
2026/05/08 17:14:00 INFO  : NYSE_without_fees_2026-04-13_to_2026-04-15/work_dir/backtests_eiie_20260415_091734_job74132_bow7t52g/summary.json: Copied (new)
2026/05/08 17:14:01 INFO  : NYSE_without_fees_2026-04-13_to_2026-04-15/work_dir/backtests_eiie_20260414_231549_job74129_qj7ppkrx/runs/run_001test_result.csv: Copied (new)
2026/05/08 17:14:01 INFO  : NYSE_without_fees_2026-04-13_to_2026-04-15/work_dir/backtests_eiie_20260414_231549_job74129_qj7ppkrx/runs/run_002test_result.csv: Copied (new)
2026/05/08 17:14:01 INFO  : NYSE_without_fees_2026-04-13_to_2026-04-15/work_dir/backtests_eiie_20260414_231549_job74129_qj7ppkrx/runs/run_004test_result.csv: Copied (new)
2026/05/08 17:14:01 INFO  : NYSE_without_fees_2026-04-13_to_2026-04-15/work_dir/backtests_eiie_20260415_091734_job74132_bow7t52g/total_return_hist.png: Copied (new)
2026/05/08 17:14:01 INFO  : NYSE_without_fees_2026-04-13_to_2026-04-15/work_dir/backtests_eiie_20260414_231549_job74129_qj7ppkrx/runs/run_003test_result.csv: Copied (new)
2026/05/08 17:14:02 INFO  : NYSE_without_fees_2026-04-13_to_2026-04-15/work_dir/backtests_eiie_20260414_231549_job74129_qj7ppkrx/runs/run_005test_result.csv: Copied (new)
2026/05/08 17:14:02 INFO  : NYSE_without_fees_2026-04-13_to_2026-04-15/work_dir/backtests_eiie_20260415_123453_job74133_kzz71nh_/all_runs_metrics.csv: Copied (new)
2026/05/08 17:14:04 INFO  : NYSE_without_fees_2026-04-13_to_2026-04-15/work_dir/backtests_eiie_20260415_123453_job74133_kzz71nh_/summary.json: Copied (new)
2026/05/08 17:14:04 INFO  : NYSE_without_fees_2026-04-13_to_2026-04-15/work_dir/backtests_eiie_20260415_123453_job74133_kzz71nh_/manifest.json: Copied (new)
2026/05/08 17:14:04 INFO  : NYSE_without_fees_2026-04-13_to_2026-04-15/work_dir/backtests_eiie_20260415_155439_job74134_d24w3yak/summary.json: Copied (new)
2026/05/08 17:14:05 INFO  : NYSE_without_fees_2026-04-13_to_2026-04-15/work_dir/backtests_eiie_20260415_155439_job74134_d24w3yak/manifest.json: Copied (new)
2026/05/08 17:14:05 INFO  : NYSE_without_fees_2026-04-13_to_2026-04-15/work_dir/backtests_eiie_20260415_123453_job74133_kzz71nh_/total_return_hist.png: Copied (new)
2026/05/08 17:14:26 INFO  : NYSE_without_fees_2026-04-13_to_2026-04-15/work_dir/backtests_eiie_20260415_155439_job74134_d24w3yak/total_return_hist.png: Copied (new)
2026/05/08 17:14:26 INFO  : PSE_without_fees_2026-04-13_to_2026-04-15/work_dir/backtests_eiie_20260414_015729_job74139_46bfn538/all_runs_metrics.csv: Copied (new)
2026/05/08 17:14:27 INFO  : PSE_without_fees_2026-04-13_to_2026-04-15/work_dir/backtests_eiie_20260414_015729_job74139_46bfn538/manifest.json: Copied (new)
2026/05/08 17:14:27 INFO  : PSE_without_fees_2026-04-13_to_2026-04-15/work_dir/backtests_eiie_20260414_015729_job74139_46bfn538/summary.json: Copied (new)
2026/05/08 17:14:27 INFO  : NYSE_without_fees_2026-04-13_to_2026-04-15/work_dir/backtests_eiie_20260415_155439_job74134_d24w3yak/all_runs_metrics.csv: Copied (new)
2026/05/08 17:14:27 INFO  : PSE_without_fees_2026-04-13_to_2026-04-15/work_dir/backtests_eiie_20260414_135115_job74143_q08j1hi1/all_runs_metrics.csv: Copied (new)
2026/05/08 17:14:28 INFO  : PSE_without_fees_2026-04-13_to_2026-04-15/work_dir/backtests_eiie_20260414_135115_job74143_q08j1hi1/manifest.json: Copied (new)
2026/05/08 17:14:28 INFO  : PSE_without_fees_2026-04-13_to_2026-04-15/work_dir/backtests_eiie_20260414_135115_job74143_q08j1hi1/summary.json: Copied (new)
2026/05/08 17:14:28 INFO  : PSE_without_fees_2026-04-13_to_2026-04-15/work_dir/backtests_eiie_20260414_015729_job74139_46bfn538/total_return_hist.png: Copied (new)
2026/05/08 17:14:28 INFO  : PSE_without_fees_2026-04-13_to_2026-04-15/work_dir/backtests_eiie_20260414_135115_job74143_q08j1hi1/total_return_hist.png: Copied (new)
2026/05/08 17:14:30 INFO  : PSE_without_fees_2026-04-13_to_2026-04-15/work_dir/backtests_eiie_20260413_195251_job74137_dvcd7s8x/all_runs_metrics.csv: Copied (new)
2026/05/08 17:14:31 INFO  : PSE_without_fees_2026-04-13_to_2026-04-15/work_dir/backtests_eiie_20260413_195251_job74137_dvcd7s8x/manifest.json: Copied (new)
2026/05/08 17:14:31 INFO  : PSE_without_fees_2026-04-13_to_2026-04-15/work_dir/backtests_eiie_20260413_195251_job74137_dvcd7s8x/summary.json: Copied (new)
2026/05/08 17:14:31 INFO  : PSE_without_fees_2026-04-13_to_2026-04-15/work_dir/backtests_eiie_20260413_195251_job74137_dvcd7s8x/total_return_hist.png: Copied (new)
2026/05/08 17:14:42 INFO  : PSE_without_fees_2026-04-13_to_2026-04-15/work_dir/backtests_eiie_20260413_165222_job74136_gkc4fhnc/manifest.json: Copied (new)
2026/05/08 17:14:42 INFO  : PSE_without_fees_2026-04-13_to_2026-04-15/work_dir/backtests_eiie_20260413_165222_job74136_gkc4fhnc/summary.json: Copied (new)
2026/05/08 17:14:42 INFO  : PSE_without_fees_2026-04-13_to_2026-04-15/work_dir/backtests_eiie_20260413_165222_job74136_gkc4fhnc/all_runs_metrics.csv: Copied (new)
2026/05/08 17:14:43 INFO  : PSE_without_fees_2026-04-13_to_2026-04-15/work_dir/backtests_eiie_20260413_165222_job74136_gkc4fhnc/total_return_hist.png: Copied (new)
2026/05/08 17:14:44 INFO  : PSE_without_fees_2026-04-13_to_2026-04-15/work_dir/backtests_eiie_20260414_105331_job74142_ufplj8k7/summary.json: Copied (new)
2026/05/08 17:14:44 INFO  : PSE_without_fees_2026-04-13_to_2026-04-15/work_dir/backtests_eiie_20260414_105331_job74142_ufplj8k7/all_runs_metrics.csv: Copied (new)
2026/05/08 17:14:44 INFO  : PSE_without_fees_2026-04-13_to_2026-04-15/work_dir/backtests_eiie_20260414_105331_job74142_ufplj8k7/manifest.json: Copied (new)
2026/05/08 17:14:45 INFO  : PSE_without_fees_2026-04-13_to_2026-04-15/work_dir/backtests_eiie_20260414_105331_job74142_ufplj8k7/total_return_hist.png: Copied (new)
2026/05/08 17:14:46 INFO  : PSE_without_fees_2026-04-13_to_2026-04-15/work_dir/backtests_eiie_20260413_225636_job74138_97ly951i/all_runs_metrics.csv: Copied (new)
2026/05/08 17:14:47 INFO  : PSE_without_fees_2026-04-13_to_2026-04-15/work_dir/backtests_eiie_20260413_225636_job74138_97ly951i/manifest.json: Copied (new)
2026/05/08 17:14:47 INFO  : PSE_without_fees_2026-04-13_to_2026-04-15/work_dir/backtests_eiie_20260413_225636_job74138_97ly951i/summary.json: Copied (new)
2026/05/08 17:14:47 INFO  : PSE_without_fees_2026-04-13_to_2026-04-15/work_dir/backtests_eiie_20260413_225636_job74138_97ly951i/total_return_hist.png: Copied (new)
2026/05/08 17:14:48 INFO  : PSE_without_fees_2026-04-13_to_2026-04-15/work_dir/backtests_eiie_20260414_225950_job74146_ur5evt9d/summary.json: Copied (new)
2026/05/08 17:14:48 INFO  : PSE_without_fees_2026-04-13_to_2026-04-15/work_dir/backtests_eiie_20260414_225950_job74146_ur5evt9d/all_runs_metrics.csv: Copied (new)
2026/05/08 17:14:48 INFO  : PSE_without_fees_2026-04-13_to_2026-04-15/work_dir/backtests_eiie_20260414_225950_job74146_ur5evt9d/manifest.json: Copied (new)
2026/05/08 17:14:49 INFO  : PSE_without_fees_2026-04-13_to_2026-04-15/work_dir/backtests_eiie_20260414_225950_job74146_ur5evt9d/total_return_hist.png: Copied (new)
2026/05/08 17:14:50 INFO  : PSE_without_fees_2026-04-13_to_2026-04-15/work_dir/backtests_eiie_20260414_045947_job74140_h8ucwjhj/manifest.json: Copied (new)
2026/05/08 17:14:51 INFO  : PSE_without_fees_2026-04-13_to_2026-04-15/work_dir/backtests_eiie_20260414_045947_job74140_h8ucwjhj/all_runs_metrics.csv: Copied (new)
2026/05/08 17:14:51 INFO  : PSE_without_fees_2026-04-13_to_2026-04-15/work_dir/backtests_eiie_20260414_045947_job74140_h8ucwjhj/summary.json: Copied (new)
2026/05/08 17:14:52 INFO  : PSE_without_fees_2026-04-13_to_2026-04-15/work_dir/backtests_eiie_20260414_045947_job74140_h8ucwjhj/total_return_hist.png: Copied (new)
2026/05/08 17:14:53 INFO  : PSE_without_fees_2026-04-13_to_2026-04-15/work_dir/backtests_eiie_20260414_075610_job74141_jxq9e3d_/manifest.json: Copied (new)
2026/05/08 17:14:53 INFO  : PSE_without_fees_2026-04-13_to_2026-04-15/work_dir/backtests_eiie_20260414_075610_job74141_jxq9e3d_/all_runs_metrics.csv: Copied (new)
2026/05/08 17:14:53 INFO  : PSE_without_fees_2026-04-13_to_2026-04-15/work_dir/backtests_eiie_20260414_075610_job74141_jxq9e3d_/summary.json: Copied (new)
2026/05/08 17:14:54 INFO  : PSE_without_fees_2026-04-13_to_2026-04-15/work_dir/backtests_eiie_20260414_075610_job74141_jxq9e3d_/total_return_hist.png: Copied (new)
2026/05/08 17:14:56 INFO  : NYSE_without_fees_2026-04-13_to_2026-04-15/work_dir/backtests_eiie_20260414_094321_job74125_jbo5sdvx/runs/run_001test_result.csv: Copied (new)
2026/05/08 17:14:56 INFO  : NYSE_without_fees_2026-04-13_to_2026-04-15/work_dir/backtests_eiie_20260414_094321_job74125_jbo5sdvx/runs/run_002test_result.csv: Copied (new)
2026/05/08 17:14:56 INFO  : NYSE_without_fees_2026-04-13_to_2026-04-15/work_dir/backtests_eiie_20260414_094321_job74125_jbo5sdvx/runs/run_003test_result.csv: Copied (new)
2026/05/08 17:14:56 INFO  : NYSE_without_fees_2026-04-13_to_2026-04-15/work_dir/backtests_eiie_20260414_094321_job74125_jbo5sdvx/runs/run_004test_result.csv: Copied (new)
2026/05/08 17:14:57 INFO  : NYSE_without_fees_2026-04-13_to_2026-04-15/work_dir/backtests_eiie_20260414_094321_job74125_jbo5sdvx/runs/run_005test_result.csv: Copied (new)
2026/05/08 17:14:57 INFO  : PSE_without_fees_2026-04-13_to_2026-04-15/work_dir/backtests_eiie_20260414_165644_job74144_dbwdzdc8/manifest.json: Copied (new)
2026/05/08 17:14:57 INFO  : PSE_without_fees_2026-04-13_to_2026-04-15/work_dir/backtests_eiie_20260414_165644_job74144_dbwdzdc8/summary.json: Copied (new)
2026/05/08 17:14:57 INFO  : PSE_without_fees_2026-04-13_to_2026-04-15/work_dir/backtests_eiie_20260414_165644_job74144_dbwdzdc8/all_runs_metrics.csv: Copied (new)
2026/05/08 17:14:59 INFO  : PSE_without_fees_2026-04-13_to_2026-04-15/work_dir/backtests_eiie_20260414_165644_job74144_dbwdzdc8/total_return_hist.png: Copied (new)
2026/05/08 17:14:59 INFO  : PSE_without_fees_2026-04-13_to_2026-04-15/work_dir/backtests_eiie_20260414_195953_job74145__xmyv0fz/all_runs_metrics.csv: Copied (new)
2026/05/08 17:14:59 INFO  : PSE_without_fees_2026-04-13_to_2026-04-15/work_dir/backtests_eiie_20260414_195953_job74145__xmyv0fz/manifest.json: Copied (new)
2026/05/08 17:15:00 INFO  : PSE_without_fees_2026-04-13_to_2026-04-15/work_dir/backtests_eiie_20260414_195953_job74145__xmyv0fz/summary.json: Copied (new)
2026/05/08 17:15:00 INFO  : PSE_without_fees_2026-04-13_to_2026-04-15/work_dir/backtests_eiie_20260414_195953_job74145__xmyv0fz/total_return_hist.png: Copied (new)
2026/05/08 17:15:01 INFO  : NYSE_without_fees_2026-04-13_to_2026-04-15/work_dir/backtests_eiie_20260414_030122_job74123_eryaem4m/runs/run_001test_result.csv: Copied (new)
2026/05/08 17:15:01 INFO  : NYSE_without_fees_2026-04-13_to_2026-04-15/work_dir/backtests_eiie_20260414_030122_job74123_eryaem4m/runs/run_002test_result.csv: Copied (new)
2026/05/08 17:15:02 INFO  : NYSE_without_fees_2026-04-13_to_2026-04-15/work_dir/backtests_eiie_20260414_030122_job74123_eryaem4m/runs/run_003test_result.csv: Copied (new)
2026/05/08 17:15:43 INFO  : PSE_without_fees_2026-04-13_to_2026-04-15/work_dir/backtests_eiie_20260415_020042_job74147_86qdx6pe/total_return_hist.png: Copied (new)
2026/05/08 17:15:43 INFO  : PSE_without_fees_2026-04-13_to_2026-04-15/work_dir/backtests_eiie_20260415_020042_job74147_86qdx6pe/all_runs_metrics.csv: Copied (new)
2026/05/08 17:15:43 INFO  : PSE_without_fees_2026-04-13_to_2026-04-15/work_dir/backtests_eiie_20260415_020042_job74147_86qdx6pe/manifest.json: Copied (new)
2026/05/08 17:15:44 INFO  : PSE_without_fees_2026-04-13_to_2026-04-15/work_dir/backtests_eiie_20260415_020042_job74147_86qdx6pe/summary.json: Copied (new)
2026/05/08 17:15:44 INFO  : NYSE_without_fees_2026-04-13_to_2026-04-15/work_dir/backtests_eiie_20260414_030122_job74123_eryaem4m/runs/run_005test_result.csv: Copied (new)
2026/05/08 17:15:44 INFO  : NYSE_without_fees_2026-04-13_to_2026-04-15/work_dir/backtests_eiie_20260414_030122_job74123_eryaem4m/runs/run_004test_result.csv: Copied (new)
2026/05/08 17:15:45 INFO  : NYSE_without_fees_2026-04-13_to_2026-04-15/work_dir/backtests_eiie_20260414_062011_job74124_5nwqr3ja/prepared_data/clean_csv/test.csv: Copied (new)
2026/05/08 17:15:47 INFO  : NYSE_without_fees_2026-04-13_to_2026-04-15/work_dir/backtests_eiie_20260414_130918_job74126_62nqsn3t/runs/run_001test_result.csv: Copied (new)
2026/05/08 17:15:48 INFO  : NYSE_without_fees_2026-04-13_to_2026-04-15/work_dir/backtests_eiie_20260414_062011_job74124_5nwqr3ja/prepared_data/clean_csv/valid.csv: Copied (new)
2026/05/08 17:15:49 INFO  : NYSE_without_fees_2026-04-13_to_2026-04-15/work_dir/backtests_eiie_20260414_062011_job74124_5nwqr3ja/prepared_data/clean_csv/train.csv: Copied (new)
2026/05/08 17:15:49 INFO  : NYSE_without_fees_2026-04-13_to_2026-04-15/work_dir/backtests_eiie_20260413_201351_job74121_gzd7n48c/runs/run_001test_result.csv: Copied (new)
2026/05/08 17:15:49 INFO  : NYSE_without_fees_2026-04-13_to_2026-04-15/work_dir/backtests_eiie_20260414_130918_job74126_62nqsn3t/runs/run_002test_result.csv: Copied (new)
2026/05/08 17:15:49 INFO  : NYSE_without_fees_2026-04-13_to_2026-04-15/work_dir/backtests_eiie_20260414_130918_job74126_62nqsn3t/runs/run_004test_result.csv: Copied (new)
2026/05/08 17:15:49 INFO  : NYSE_without_fees_2026-04-13_to_2026-04-15/work_dir/backtests_eiie_20260414_130918_job74126_62nqsn3t/runs/run_005test_result.csv: Copied (new)
2026/05/08 17:15:49 INFO  : NYSE_without_fees_2026-04-13_to_2026-04-15/work_dir/backtests_eiie_20260413_201351_job74121_gzd7n48c/runs/run_003test_result.csv: Copied (new)
2026/05/08 17:15:50 INFO  : NYSE_without_fees_2026-04-13_to_2026-04-15/work_dir/backtests_eiie_20260414_130918_job74126_62nqsn3t/runs/run_003test_result.csv: Copied (new)
2026/05/08 17:15:50 INFO  : NYSE_without_fees_2026-04-13_to_2026-04-15/work_dir/backtests_eiie_20260413_201351_job74121_gzd7n48c/runs/run_002test_result.csv: Copied (new)
2026/05/08 17:15:51 INFO  : NYSE_without_fees_2026-04-13_to_2026-04-15/work_dir/backtests_eiie_20260413_201351_job74121_gzd7n48c/runs/run_004test_result.csv: Copied (new)
2026/05/08 17:15:52 INFO  : NYSE_without_fees_2026-04-13_to_2026-04-15/work_dir/backtests_eiie_20260413_201351_job74121_gzd7n48c/runs/run_005test_result.csv: Copied (new)
2026/05/08 17:15:52 INFO  : NYSE_without_fees_2026-04-13_to_2026-04-15/work_dir/backtests_eiie_20260414_195750_job74128_o_ywey2v/runs/run_001test_result.csv: Copied (new)
2026/05/08 17:15:53 INFO  : NYSE_without_fees_2026-04-13_to_2026-04-15/work_dir/backtests_eiie_20260415_023409_job74130_ujrrbycv/runs/run_001test_result.csv: Copied (new)
2026/05/08 17:15:53 INFO  : NYSE_without_fees_2026-04-13_to_2026-04-15/work_dir/backtests_eiie_20260414_195750_job74128_o_ywey2v/runs/run_003test_result.csv: Copied (new)
2026/05/08 17:15:53 INFO  : NYSE_without_fees_2026-04-13_to_2026-04-15/work_dir/backtests_eiie_20260415_023409_job74130_ujrrbycv/runs/run_002test_result.csv: Copied (new)
2026/05/08 17:15:53 INFO  : NYSE_without_fees_2026-04-13_to_2026-04-15/work_dir/backtests_eiie_20260414_195750_job74128_o_ywey2v/runs/run_005test_result.csv: Copied (new)
2026/05/08 17:15:53 INFO  : NYSE_without_fees_2026-04-13_to_2026-04-15/work_dir/backtests_eiie_20260414_195750_job74128_o_ywey2v/runs/run_004test_result.csv: Copied (new)
2026/05/08 17:15:53 INFO  : NYSE_without_fees_2026-04-13_to_2026-04-15/work_dir/backtests_eiie_20260415_023409_job74130_ujrrbycv/runs/run_003test_result.csv: Copied (new)
2026/05/08 17:15:54 INFO  : NYSE_without_fees_2026-04-13_to_2026-04-15/work_dir/backtests_eiie_20260415_023409_job74130_ujrrbycv/runs/run_004test_result.csv: Copied (new)
2026/05/08 17:15:54 INFO  : NYSE_without_fees_2026-04-13_to_2026-04-15/work_dir/backtests_eiie_20260414_195750_job74128_o_ywey2v/runs/run_002test_result.csv: Copied (new)
2026/05/08 17:15:56 INFO  : NYSE_without_fees_2026-04-13_to_2026-04-15/work_dir/backtests_eiie_20260415_023409_job74130_ujrrbycv/runs/run_005test_result.csv: Copied (new)
2026/05/08 17:15:56 INFO  : NYSE_without_fees_2026-04-13_to_2026-04-15/work_dir/backtests_eiie_20260414_163153_job74127_5c1ikwkh/runs/run_001/metrics.json: Copied (new)
2026/05/08 17:15:56 INFO  : NYSE_without_fees_2026-04-13_to_2026-04-15/work_dir/backtests_eiie_20260414_163153_job74127_5c1ikwkh/runs/run_001/equity_curve.csv: Copied (new)
2026/05/08 17:15:56 INFO  : NYSE_without_fees_2026-04-13_to_2026-04-15/work_dir/backtests_eiie_20260414_163153_job74127_5c1ikwkh/runs/run_001/Visualization_test.png: Copied (new)
2026/05/08 17:15:56 INFO  : NYSE_without_fees_2026-04-13_to_2026-04-15/work_dir/backtests_eiie_20260414_163153_job74127_5c1ikwkh/runs/run_001/daily_turnover.json: Copied (new)
2026/05/08 17:15:56 INFO  : NYSE_without_fees_2026-04-13_to_2026-04-15/work_dir/backtests_eiie_20260414_163153_job74127_5c1ikwkh/runs/run_001/daily_trades.json: Copied (new)
2026/05/08 17:15:57 INFO  : NYSE_without_fees_2026-04-13_to_2026-04-15/work_dir/backtests_eiie_20260414_163153_job74127_5c1ikwkh/runs/run_001/equity_curve.png: Copied (new)
2026/05/08 17:15:58 INFO  : NYSE_without_fees_2026-04-13_to_2026-04-15/work_dir/backtests_eiie_20260414_163153_job74127_5c1ikwkh/runs/run_001/Visualization_valid.png: Copied (new)
2026/05/08 17:15:58 INFO  : PSE_without_fees_2026-04-13_to_2026-04-15/work_dir/backtests_eiie_20260415_080216_job74149_0mddw9l9/all_runs_metrics.csv: Copied (new)
2026/05/08 17:15:59 INFO  : PSE_without_fees_2026-04-13_to_2026-04-15/work_dir/backtests_eiie_20260415_080216_job74149_0mddw9l9/summary.json: Copied (new)
2026/05/08 17:16:00 INFO  : PSE_without_fees_2026-04-13_to_2026-04-15/work_dir/backtests_eiie_20260415_080216_job74149_0mddw9l9/manifest.json: Copied (new)
2026/05/08 17:16:00 INFO  : PSE_without_fees_2026-04-13_to_2026-04-15/work_dir/backtests_eiie_20260415_080216_job74149_0mddw9l9/total_return_hist.png: Copied (new)
2026/05/08 17:16:00 INFO  : NYSE_without_fees_2026-04-13_to_2026-04-15/work_dir/backtests_eiie_20260414_062011_job74124_5nwqr3ja/runs/run_001/daily_trades.json: Copied (new)
2026/05/08 17:16:01 INFO  : NYSE_without_fees_2026-04-13_to_2026-04-15/work_dir/backtests_eiie_20260414_062011_job74124_5nwqr3ja/runs/run_001/equity_curve.csv: Copied (new)
2026/05/08 17:16:01 INFO  : NYSE_without_fees_2026-04-13_to_2026-04-15/work_dir/backtests_eiie_20260414_062011_job74124_5nwqr3ja/runs/run_001/Visualization_valid.png: Copied (new)
2026/05/08 17:16:01 INFO  : NYSE_without_fees_2026-04-13_to_2026-04-15/work_dir/backtests_eiie_20260414_062011_job74124_5nwqr3ja/runs/run_001/equity_curve.png: Copied (new)
2026/05/08 17:16:01 INFO  : NYSE_without_fees_2026-04-13_to_2026-04-15/work_dir/backtests_eiie_20260414_062011_job74124_5nwqr3ja/runs/run_001/Visualization_test.png: Copied (new)
2026/05/08 17:16:25 INFO  : NYSE_without_fees_2026-04-13_to_2026-04-15/work_dir/backtests_eiie_20260414_062011_job74124_5nwqr3ja/runs/run_001/daily_turnover.json: Copied (new)
2026/05/08 17:16:28 INFO  : NYSE_without_fees_2026-04-13_to_2026-04-15/work_dir/backtests_eiie_20260414_062011_job74124_5nwqr3ja/runs/run_001/metrics.json: Copied (new)
2026/05/08 17:16:28 INFO  : PSE_without_fees_2026-04-13_to_2026-04-15/work_dir/backtests_eiie_20260415_045928_job74148_9gausy9d/all_runs_metrics.csv: Copied (new)
2026/05/08 17:16:28 INFO  : NYSE_without_fees_2026-04-13_to_2026-04-15/work_dir/backtests_eiie_20260414_163153_job74127_5c1ikwkh/prepared_data/clean_csv/test.csv: Copied (new)
2026/05/08 17:16:29 INFO  : NYSE_without_fees_2026-04-13_to_2026-04-15/work_dir/backtests_eiie_20260414_163153_job74127_5c1ikwkh/prepared_data/clean_csv/valid.csv: Copied (new)
2026/05/08 17:16:29 INFO  : NYSE_without_fees_2026-04-13_to_2026-04-15/work_dir/backtests_eiie_20260414_231549_job74129_qj7ppkrx/prepared_data/clean_csv/valid.csv: Copied (new)
2026/05/08 17:16:29 INFO  : PSE_without_fees_2026-04-13_to_2026-04-15/work_dir/backtests_eiie_20260415_045928_job74148_9gausy9d/manifest.json: Copied (new)
2026/05/08 17:16:29 INFO  : NYSE_without_fees_2026-04-13_to_2026-04-15/work_dir/backtests_eiie_20260414_231549_job74129_qj7ppkrx/prepared_data/clean_csv/train.csv: Copied (new)
2026/05/08 17:16:31 INFO  : NYSE_without_fees_2026-04-13_to_2026-04-15/work_dir/backtests_eiie_20260414_231549_job74129_qj7ppkrx/prepared_data/clean_csv/test.csv: Copied (new)
2026/05/08 17:16:31 INFO  : NYSE_without_fees_2026-04-13_to_2026-04-15/work_dir/backtests_eiie_20260415_191636_job74135_ysebkrl3/runs/run_001test_result.csv: Copied (new)
2026/05/08 17:16:31 INFO  : PSE_without_fees_2026-04-13_to_2026-04-15/work_dir/backtests_eiie_20260415_045928_job74148_9gausy9d/total_return_hist.png: Copied (new)
2026/05/08 17:16:32 INFO  : NYSE_without_fees_2026-04-13_to_2026-04-15/work_dir/backtests_eiie_20260415_191636_job74135_ysebkrl3/runs/run_004test_result.csv: Copied (new)
2026/05/08 17:16:32 INFO  : NYSE_without_fees_2026-04-13_to_2026-04-15/work_dir/backtests_eiie_20260415_191636_job74135_ysebkrl3/runs/run_003test_result.csv: Copied (new)
2026/05/08 17:16:32 INFO  : NYSE_without_fees_2026-04-13_to_2026-04-15/work_dir/backtests_eiie_20260415_191636_job74135_ysebkrl3/runs/run_002test_result.csv: Copied (new)
2026/05/08 17:16:32 INFO  : NYSE_without_fees_2026-04-13_to_2026-04-15/work_dir/backtests_eiie_20260414_163153_job74127_5c1ikwkh/prepared_data/clean_csv/train.csv: Copied (new)
2026/05/08 17:16:34 INFO  : PSE_without_fees_2026-04-13_to_2026-04-15/work_dir/backtests_eiie_20260415_045928_job74148_9gausy9d/summary.json: Copied (new)
2026/05/08 17:16:34 INFO  : NYSE_without_fees_2026-04-13_to_2026-04-15/work_dir/backtests_eiie_20260414_231549_job74129_qj7ppkrx/runs/run_001/daily_trades.json: Copied (new)
2026/05/08 17:16:34 INFO  : NYSE_without_fees_2026-04-13_to_2026-04-15/work_dir/backtests_eiie_20260415_191636_job74135_ysebkrl3/runs/run_005test_result.csv: Copied (new)
2026/05/08 17:16:34 INFO  : NYSE_without_fees_2026-04-13_to_2026-04-15/work_dir/backtests_eiie_20260414_231549_job74129_qj7ppkrx/runs/run_001/equity_curve.csv: Copied (new)
2026/05/08 17:16:35 INFO  : NYSE_without_fees_2026-04-13_to_2026-04-15/work_dir/backtests_eiie_20260414_231549_job74129_qj7ppkrx/runs/run_001/Visualization_valid.png: Copied (new)
2026/05/08 17:16:35 INFO  : NYSE_without_fees_2026-04-13_to_2026-04-15/work_dir/backtests_eiie_20260414_231549_job74129_qj7ppkrx/runs/run_001/metrics.json: Copied (new)
2026/05/08 17:16:35 INFO  : NYSE_without_fees_2026-04-13_to_2026-04-15/work_dir/backtests_eiie_20260414_231549_job74129_qj7ppkrx/runs/run_001/equity_curve.png: Copied (new)
2026/05/08 17:16:35 INFO  : NYSE_without_fees_2026-04-13_to_2026-04-15/work_dir/backtests_eiie_20260414_231549_job74129_qj7ppkrx/runs/run_001/daily_turnover.json: Copied (new)
2026/05/08 17:16:36 INFO  : NYSE_without_fees_2026-04-13_to_2026-04-15/work_dir/backtests_eiie_20260414_231549_job74129_qj7ppkrx/runs/run_001/Visualization_test.png: Copied (new)
2026/05/08 17:16:40 INFO  : NYSE_without_fees_2026-04-13_to_2026-04-15/work_dir/backtests_eiie_20260414_030122_job74123_eryaem4m/prepared_data/clean_csv/test.csv: Copied (new)
2026/05/08 17:16:40 INFO  : NYSE_without_fees_2026-04-13_to_2026-04-15/work_dir/backtests_eiie_20260414_163153_job74127_5c1ikwkh/runs/run_002/daily_trades.json: Copied (new)
2026/05/08 17:16:40 INFO  : NYSE_without_fees_2026-04-13_to_2026-04-15/work_dir/backtests_eiie_20260414_163153_job74127_5c1ikwkh/runs/run_002/equity_curve.csv: Copied (new)
2026/05/08 17:16:40 INFO  : NYSE_without_fees_2026-04-13_to_2026-04-15/work_dir/backtests_eiie_20260414_163153_job74127_5c1ikwkh/runs/run_002/daily_turnover.json: Copied (new)
2026/05/08 17:16:40 INFO  : NYSE_without_fees_2026-04-13_to_2026-04-15/work_dir/backtests_eiie_20260414_163153_job74127_5c1ikwkh/runs/run_002/Visualization_valid.png: Copied (new)
2026/05/08 17:16:40 INFO  : NYSE_without_fees_2026-04-13_to_2026-04-15/work_dir/backtests_eiie_20260414_163153_job74127_5c1ikwkh/runs/run_002/Visualization_test.png: Copied (new)
2026/05/08 17:16:41 INFO  : NYSE_without_fees_2026-04-13_to_2026-04-15/work_dir/backtests_eiie_20260414_030122_job74123_eryaem4m/prepared_data/clean_csv/valid.csv: Copied (new)
2026/05/08 17:16:42 INFO  : NYSE_without_fees_2026-04-13_to_2026-04-15/work_dir/backtests_eiie_20260414_163153_job74127_5c1ikwkh/runs/run_002/metrics.json: Copied (new)
2026/05/08 17:16:42 INFO  : NYSE_without_fees_2026-04-13_to_2026-04-15/work_dir/backtests_eiie_20260414_163153_job74127_5c1ikwkh/runs/run_002/equity_curve.png: Copied (new)
2026/05/08 17:16:42 INFO  : NYSE_without_fees_2026-04-13_to_2026-04-15/work_dir/backtests_eiie_20260414_030122_job74123_eryaem4m/prepared_data/clean_csv/train.csv: Copied (new)
2026/05/08 17:16:42 INFO  : NYSE_without_fees_2026-04-13_to_2026-04-15/work_dir/backtests_eiie_20260415_055739_job74131_tpjgyzkc/runs/run_001test_result.csv: Copied (new)
2026/05/08 17:16:43 INFO  : NYSE_without_fees_2026-04-13_to_2026-04-15/work_dir/backtests_eiie_20260415_055739_job74131_tpjgyzkc/runs/run_005test_result.csv: Copied (new)
2026/05/08 17:16:43 INFO  : NYSE_without_fees_2026-04-13_to_2026-04-15/work_dir/backtests_eiie_20260415_055739_job74131_tpjgyzkc/runs/run_002test_result.csv: Copied (new)
2026/05/08 17:16:43 INFO  : NYSE_without_fees_2026-04-13_to_2026-04-15/work_dir/backtests_eiie_20260415_055739_job74131_tpjgyzkc/runs/run_003test_result.csv: Copied (new)
2026/05/08 17:16:43 INFO  : NYSE_without_fees_2026-04-13_to_2026-04-15/work_dir/backtests_eiie_20260415_055739_job74131_tpjgyzkc/runs/run_004test_result.csv: Copied (new)
2026/05/08 17:16:44 INFO  : PSE_without_fees_2026-04-13_to_2026-04-15/work_dir/backtests_eiie_20260415_110513_job74150_f5h5w0n8/all_runs_metrics.csv: Copied (new)
2026/05/08 17:16:46 INFO  : PSE_without_fees_2026-04-13_to_2026-04-15/work_dir/backtests_eiie_20260415_110513_job74150_f5h5w0n8/total_return_hist.png: Copied (new)
2026/05/08 17:16:46 INFO  : PSE_without_fees_2026-04-13_to_2026-04-15/work_dir/backtests_eiie_20260415_110513_job74150_f5h5w0n8/summary.json: Copied (new)
2026/05/08 17:16:46 INFO  : PSE_without_fees_2026-04-13_to_2026-04-15/work_dir/backtests_eiie_20260415_110513_job74150_f5h5w0n8/manifest.json: Copied (new)
2026/05/08 17:16:47 INFO  : NYSE_without_fees_2026-04-13_to_2026-04-15/work_dir/backtests_eiie_20260414_062011_job74124_5nwqr3ja/runs/run_002/equity_curve.csv: Copied (new)
2026/05/08 17:16:47 INFO  : NYSE_without_fees_2026-04-13_to_2026-04-15/work_dir/backtests_eiie_20260414_062011_job74124_5nwqr3ja/runs/run_002/Visualization_valid.png: Copied (new)
2026/05/08 17:16:47 INFO  : NYSE_without_fees_2026-04-13_to_2026-04-15/work_dir/backtests_eiie_20260414_062011_job74124_5nwqr3ja/runs/run_002/daily_turnover.json: Copied (new)
2026/05/08 17:16:47 INFO  : NYSE_without_fees_2026-04-13_to_2026-04-15/work_dir/backtests_eiie_20260414_062011_job74124_5nwqr3ja/runs/run_002/Visualization_test.png: Copied (new)
2026/05/08 17:16:47 INFO  : NYSE_without_fees_2026-04-13_to_2026-04-15/work_dir/backtests_eiie_20260414_062011_job74124_5nwqr3ja/runs/run_002/daily_trades.json: Copied (new)
2026/05/08 17:16:48 INFO  : NYSE_without_fees_2026-04-13_to_2026-04-15/work_dir/backtests_eiie_20260414_062011_job74124_5nwqr3ja/runs/run_002/equity_curve.png: Copied (new)
2026/05/08 17:16:49 INFO  : NYSE_without_fees_2026-04-13_to_2026-04-15/work_dir/backtests_eiie_20260414_062011_job74124_5nwqr3ja/runs/run_002/metrics.json: Copied (new)
2026/05/08 17:16:49 INFO  : NYSE_without_fees_2026-04-13_to_2026-04-15/work_dir/backtests_eiie_20260415_091734_job74132_bow7t52g/runs/run_001test_result.csv: Copied (new)
2026/05/08 17:16:51 INFO  : NYSE_without_fees_2026-04-13_to_2026-04-15/work_dir/backtests_eiie_20260415_123453_job74133_kzz71nh_/runs/run_002test_result.csv: Copied (new)
2026/05/08 17:16:51 INFO  : NYSE_without_fees_2026-04-13_to_2026-04-15/work_dir/backtests_eiie_20260415_123453_job74133_kzz71nh_/runs/run_003test_result.csv: Copied (new)
2026/05/08 17:16:51 INFO  : NYSE_without_fees_2026-04-13_to_2026-04-15/work_dir/backtests_eiie_20260415_091734_job74132_bow7t52g/runs/run_003test_result.csv: Copied (new)
2026/05/08 17:16:51 INFO  : NYSE_without_fees_2026-04-13_to_2026-04-15/work_dir/backtests_eiie_20260415_123453_job74133_kzz71nh_/runs/run_001test_result.csv: Copied (new)
2026/05/08 17:16:51 INFO  : NYSE_without_fees_2026-04-13_to_2026-04-15/work_dir/backtests_eiie_20260415_091734_job74132_bow7t52g/runs/run_005test_result.csv: Copied (new)
2026/05/08 17:16:51 INFO  : NYSE_without_fees_2026-04-13_to_2026-04-15/work_dir/backtests_eiie_20260415_091734_job74132_bow7t52g/runs/run_002test_result.csv: Copied (new)
2026/05/08 17:16:51 INFO  : NYSE_without_fees_2026-04-13_to_2026-04-15/work_dir/backtests_eiie_20260415_091734_job74132_bow7t52g/runs/run_004test_result.csv: Copied (new)
2026/05/08 17:16:54 INFO  : NYSE_without_fees_2026-04-13_to_2026-04-15/work_dir/backtests_eiie_20260415_123453_job74133_kzz71nh_/runs/run_005test_result.csv: Copied (new)
2026/05/08 17:16:54 INFO  : NYSE_without_fees_2026-04-13_to_2026-04-15/work_dir/backtests_eiie_20260415_123453_job74133_kzz71nh_/runs/run_004test_result.csv: Copied (new)
2026/05/08 17:16:54 INFO  : NYSE_without_fees_2026-04-13_to_2026-04-15/work_dir/backtests_eiie_20260414_094321_job74125_jbo5sdvx/runs/run_001/Visualization_valid.png: Copied (new)
2026/05/08 17:16:54 INFO  : NYSE_without_fees_2026-04-13_to_2026-04-15/work_dir/backtests_eiie_20260414_094321_job74125_jbo5sdvx/runs/run_001/daily_trades.json: Copied (new)
2026/05/08 17:16:54 INFO  : NYSE_without_fees_2026-04-13_to_2026-04-15/work_dir/backtests_eiie_20260414_094321_job74125_jbo5sdvx/runs/run_001/Visualization_test.png: Copied (new)
2026/05/08 17:16:54 INFO  : NYSE_without_fees_2026-04-13_to_2026-04-15/work_dir/backtests_eiie_20260414_094321_job74125_jbo5sdvx/runs/run_001/daily_turnover.json: Copied (new)
2026/05/08 17:16:54 INFO  : NYSE_without_fees_2026-04-13_to_2026-04-15/work_dir/backtests_eiie_20260414_094321_job74125_jbo5sdvx/runs/run_001/equity_curve.png: Copied (new)
2026/05/08 17:16:55 INFO  : NYSE_without_fees_2026-04-13_to_2026-04-15/work_dir/backtests_eiie_20260414_094321_job74125_jbo5sdvx/runs/run_001/equity_curve.csv: Copied (new)
2026/05/08 17:16:57 INFO  : NYSE_without_fees_2026-04-13_to_2026-04-15/work_dir/backtests_eiie_20260414_094321_job74125_jbo5sdvx/runs/run_001/metrics.json: Copied (new)
2026/05/08 17:17:00 INFO  : NYSE_without_fees_2026-04-13_to_2026-04-15/work_dir/backtests_eiie_20260414_130918_job74126_62nqsn3t/prepared_data/clean_csv/test.csv: Copied (new)
2026/05/08 17:17:01 INFO  : PSE_without_fees_2026-04-13_to_2026-04-15/work_dir/backtests_eiie_20260414_015729_job74139_46bfn538/runs/run_003test_result.csv: Copied (new)
2026/05/08 17:17:01 INFO  : PSE_without_fees_2026-04-13_to_2026-04-15/work_dir/backtests_eiie_20260414_015729_job74139_46bfn538/runs/run_004test_result.csv: Copied (new)
2026/05/08 17:17:01 INFO  : PSE_without_fees_2026-04-13_to_2026-04-15/work_dir/backtests_eiie_20260414_015729_job74139_46bfn538/runs/run_001test_result.csv: Copied (new)
2026/05/08 17:17:01 INFO  : NYSE_without_fees_2026-04-13_to_2026-04-15/work_dir/backtests_eiie_20260414_130918_job74126_62nqsn3t/prepared_data/clean_csv/valid.csv: Copied (new)
2026/05/08 17:17:01 INFO  : PSE_without_fees_2026-04-13_to_2026-04-15/work_dir/backtests_eiie_20260414_015729_job74139_46bfn538/runs/run_005test_result.csv: Copied (new)
2026/05/08 17:17:01 INFO  : PSE_without_fees_2026-04-13_to_2026-04-15/work_dir/backtests_eiie_20260414_015729_job74139_46bfn538/runs/run_002test_result.csv: Copied (new)
2026/05/08 17:17:03 INFO  : NYSE_without_fees_2026-04-13_to_2026-04-15/work_dir/backtests_eiie_20260414_030122_job74123_eryaem4m/runs/run_001/metrics.json: Copied (new)
2026/05/08 17:17:03 INFO  : NYSE_without_fees_2026-04-13_to_2026-04-15/work_dir/backtests_eiie_20260414_030122_job74123_eryaem4m/runs/run_001/daily_trades.json: Copied (new)
2026/05/08 17:17:03 INFO  : NYSE_without_fees_2026-04-13_to_2026-04-15/work_dir/backtests_eiie_20260414_030122_job74123_eryaem4m/runs/run_001/equity_curve.csv: Copied (new)
2026/05/08 17:17:05 INFO  : NYSE_without_fees_2026-04-13_to_2026-04-15/work_dir/backtests_eiie_20260414_030122_job74123_eryaem4m/runs/run_001/Visualization_valid.png: Copied (new)
2026/05/08 17:17:49 INFO  : NYSE_without_fees_2026-04-13_to_2026-04-15/work_dir/backtests_eiie_20260414_030122_job74123_eryaem4m/runs/run_001/daily_turnover.json: Copied (new)
2026/05/08 17:17:50 INFO  : NYSE_without_fees_2026-04-13_to_2026-04-15/work_dir/backtests_eiie_20260414_231549_job74129_qj7ppkrx/runs/run_002/Visualization_test.png: Copied (new)
2026/05/08 17:17:50 INFO  : NYSE_without_fees_2026-04-13_to_2026-04-15/work_dir/backtests_eiie_20260414_231549_job74129_qj7ppkrx/runs/run_002/Visualization_valid.png: Copied (new)
2026/05/08 17:17:50 INFO  : NYSE_without_fees_2026-04-13_to_2026-04-15/work_dir/backtests_eiie_20260414_231549_job74129_qj7ppkrx/runs/run_002/daily_turnover.json: Copied (new)
2026/05/08 17:17:50 INFO  : NYSE_without_fees_2026-04-13_to_2026-04-15/work_dir/backtests_eiie_20260414_030122_job74123_eryaem4m/runs/run_001/equity_curve.png: Copied (new)
2026/05/08 17:17:50 INFO  : NYSE_without_fees_2026-04-13_to_2026-04-15/work_dir/backtests_eiie_20260414_030122_job74123_eryaem4m/runs/run_001/Visualization_test.png: Copied (new)
2026/05/08 17:17:51 INFO  : NYSE_without_fees_2026-04-13_to_2026-04-15/work_dir/backtests_eiie_20260414_231549_job74129_qj7ppkrx/runs/run_002/daily_trades.json: Copied (new)
2026/05/08 17:17:51 INFO  : NYSE_without_fees_2026-04-13_to_2026-04-15/work_dir/backtests_eiie_20260414_231549_job74129_qj7ppkrx/runs/run_002/equity_curve.csv: Copied (new)
2026/05/08 17:17:52 INFO  : NYSE_without_fees_2026-04-13_to_2026-04-15/work_dir/backtests_eiie_20260414_231549_job74129_qj7ppkrx/runs/run_002/metrics.json: Copied (new)
2026/05/08 17:17:53 INFO  : NYSE_without_fees_2026-04-13_to_2026-04-15/work_dir/backtests_eiie_20260415_155439_job74134_d24w3yak/runs/run_001test_result.csv: Copied (new)
2026/05/08 17:17:53 INFO  : NYSE_without_fees_2026-04-13_to_2026-04-15/work_dir/backtests_eiie_20260415_155439_job74134_d24w3yak/runs/run_004test_result.csv: Copied (new)
2026/05/08 17:17:53 INFO  : NYSE_without_fees_2026-04-13_to_2026-04-15/work_dir/backtests_eiie_20260415_155439_job74134_d24w3yak/runs/run_005test_result.csv: Copied (new)
2026/05/08 17:17:53 INFO  : NYSE_without_fees_2026-04-13_to_2026-04-15/work_dir/backtests_eiie_20260415_155439_job74134_d24w3yak/runs/run_003test_result.csv: Copied (new)
2026/05/08 17:17:53 INFO  : NYSE_without_fees_2026-04-13_to_2026-04-15/work_dir/backtests_eiie_20260415_155439_job74134_d24w3yak/runs/run_002test_result.csv: Copied (new)
2026/05/08 17:17:54 INFO  : NYSE_without_fees_2026-04-13_to_2026-04-15/work_dir/backtests_eiie_20260414_231549_job74129_qj7ppkrx/runs/run_002/equity_curve.png: Copied (new)
2026/05/08 17:17:58 INFO  : PSE_without_fees_2026-04-13_to_2026-04-15/work_dir/backtests_eiie_20260415_140329_job74151_2odpu3ez/summary.json: Copied (new)
2026/05/08 17:17:58 INFO  : PSE_without_fees_2026-04-13_to_2026-04-15/work_dir/backtests_eiie_20260415_140329_job74151_2odpu3ez/all_runs_metrics.csv: Copied (new)
2026/05/08 17:17:58 INFO  : NYSE_without_fees_2026-04-13_to_2026-04-15/work_dir/backtests_eiie_20260414_195750_job74128_o_ywey2v/prepared_data/clean_csv/test.csv: Copied (new)
2026/05/08 17:17:58 INFO  : PSE_without_fees_2026-04-13_to_2026-04-15/work_dir/backtests_eiie_20260415_140329_job74151_2odpu3ez/manifest.json: Copied (new)
2026/05/08 17:17:58 INFO  : PSE_without_fees_2026-04-13_to_2026-04-15/work_dir/backtests_eiie_20260415_140329_job74151_2odpu3ez/total_return_hist.png: Copied (new)
2026/05/08 17:18:00 INFO  : NYSE_without_fees_2026-04-13_to_2026-04-15/work_dir/backtests_eiie_20260414_195750_job74128_o_ywey2v/prepared_data/clean_csv/valid.csv: Copied (new)
2026/05/08 17:18:01 INFO  : PSE_without_fees_2026-04-13_to_2026-04-15/work_dir/backtests_eiie_20260414_135115_job74143_q08j1hi1/runs/run_001test_result.csv: Copied (new)
2026/05/08 17:18:01 INFO  : PSE_without_fees_2026-04-13_to_2026-04-15/work_dir/backtests_eiie_20260414_135115_job74143_q08j1hi1/runs/run_005test_result.csv: Copied (new)
2026/05/08 17:18:01 INFO  : PSE_without_fees_2026-04-13_to_2026-04-15/work_dir/backtests_eiie_20260414_135115_job74143_q08j1hi1/runs/run_003test_result.csv: Copied (new)
2026/05/08 17:18:01 INFO  : PSE_without_fees_2026-04-13_to_2026-04-15/work_dir/backtests_eiie_20260414_135115_job74143_q08j1hi1/runs/run_002test_result.csv: Copied (new)
2026/05/08 17:18:02 INFO  : PSE_without_fees_2026-04-13_to_2026-04-15/work_dir/backtests_eiie_20260414_135115_job74143_q08j1hi1/runs/run_004test_result.csv: Copied (new)
2026/05/08 17:18:05 INFO  : NYSE_without_fees_2026-04-13_to_2026-04-15/work_dir/backtests_eiie_20260414_195750_job74128_o_ywey2v/prepared_data/clean_csv/train.csv: Copied (new)
2026/05/08 17:19:02 INFO  : PSE_without_fees_2026-04-13_to_2026-04-15/work_dir/backtests_eiie_20260413_195251_job74137_dvcd7s8x/runs/run_003test_result.csv: Copied (new)
2026/05/08 17:19:02 INFO  : PSE_without_fees_2026-04-13_to_2026-04-15/work_dir/backtests_eiie_20260413_195251_job74137_dvcd7s8x/runs/run_004test_result.csv: Copied (new)
2026/05/08 17:19:02 INFO  : PSE_without_fees_2026-04-13_to_2026-04-15/work_dir/backtests_eiie_20260413_195251_job74137_dvcd7s8x/runs/run_002test_result.csv: Copied (new)
2026/05/08 17:19:02 INFO  : PSE_without_fees_2026-04-13_to_2026-04-15/work_dir/backtests_eiie_20260413_195251_job74137_dvcd7s8x/runs/run_001test_result.csv: Copied (new)
2026/05/08 17:19:03 INFO  : NYSE_without_fees_2026-04-13_to_2026-04-15/work_dir/backtests_eiie_20260415_191636_job74135_ysebkrl3/prepared_data/clean_csv/valid.csv: Copied (new)
2026/05/08 17:19:24 INFO  : PSE_without_fees_2026-04-13_to_2026-04-15/work_dir/backtests_eiie_20260413_195251_job74137_dvcd7s8x/runs/run_005test_result.csv: Copied (new)
2026/05/08 17:19:27 INFO  : NYSE_without_fees_2026-04-13_to_2026-04-15/work_dir/backtests_eiie_20260414_062011_job74124_5nwqr3ja/runs/run_003/equity_curve.csv: Copied (new)
2026/05/08 17:19:29 INFO  : NYSE_without_fees_2026-04-13_to_2026-04-15/work_dir/backtests_eiie_20260414_062011_job74124_5nwqr3ja/runs/run_003/daily_trades.json: Copied (new)
2026/05/08 17:19:30 INFO  : NYSE_without_fees_2026-04-13_to_2026-04-15/work_dir/backtests_eiie_20260414_062011_job74124_5nwqr3ja/runs/run_003/Visualization_valid.png: Copied (new)
2026/05/08 17:19:30 INFO  : NYSE_without_fees_2026-04-13_to_2026-04-15/work_dir/backtests_eiie_20260414_062011_job74124_5nwqr3ja/runs/run_003/Visualization_test.png: Copied (new)
2026/05/08 17:19:30 INFO  : NYSE_without_fees_2026-04-13_to_2026-04-15/work_dir/backtests_eiie_20260414_062011_job74124_5nwqr3ja/runs/run_003/equity_curve.png: Copied (new)
2026/05/08 17:19:30 INFO  : NYSE_without_fees_2026-04-13_to_2026-04-15/work_dir/backtests_eiie_20260414_062011_job74124_5nwqr3ja/runs/run_003/daily_turnover.json: Copied (new)
2026/05/08 17:19:33 INFO  : NYSE_without_fees_2026-04-13_to_2026-04-15/work_dir/backtests_eiie_20260414_062011_job74124_5nwqr3ja/runs/run_003/metrics.json: Copied (new)
2026/05/08 17:19:35 INFO  : PSE_without_fees_2026-04-13_to_2026-04-15/work_dir/backtests_eiie_20260414_105331_job74142_ufplj8k7/runs/run_001test_result.csv: Copied (new)
2026/05/08 17:19:35 INFO  : PSE_without_fees_2026-04-13_to_2026-04-15/work_dir/backtests_eiie_20260414_105331_job74142_ufplj8k7/runs/run_002test_result.csv: Copied (new)
2026/05/08 17:19:36 INFO  : NYSE_without_fees_2026-04-13_to_2026-04-15/work_dir/backtests_eiie_20260414_094321_job74125_jbo5sdvx/prepared_data/clean_csv/valid.csv: Copied (new)
2026/05/08 17:19:36 INFO  : PSE_without_fees_2026-04-13_to_2026-04-15/work_dir/backtests_eiie_20260414_105331_job74142_ufplj8k7/runs/run_003test_result.csv: Copied (new)
2026/05/08 17:19:36 INFO  : NYSE_without_fees_2026-04-13_to_2026-04-15/work_dir/backtests_eiie_20260414_094321_job74125_jbo5sdvx/prepared_data/clean_csv/test.csv: Copied (new)
2026/05/08 17:19:37 INFO  : PSE_without_fees_2026-04-13_to_2026-04-15/work_dir/backtests_eiie_20260414_105331_job74142_ufplj8k7/runs/run_004test_result.csv: Copied (new)
2026/05/08 17:19:39 INFO  : PSE_without_fees_2026-04-13_to_2026-04-15/work_dir/backtests_eiie_20260414_105331_job74142_ufplj8k7/runs/run_005test_result.csv: Copied (new)
2026/05/08 17:19:39 INFO  : PSE_without_fees_2026-04-13_to_2026-04-15/work_dir/backtests_eiie_20260413_165222_job74136_gkc4fhnc/runs/run_002test_result.csv: Copied (new)
2026/05/08 17:19:39 INFO  : PSE_without_fees_2026-04-13_to_2026-04-15/work_dir/backtests_eiie_20260413_165222_job74136_gkc4fhnc/runs/run_003test_result.csv: Copied (new)
2026/05/08 17:19:39 INFO  : PSE_without_fees_2026-04-13_to_2026-04-15/work_dir/backtests_eiie_20260413_165222_job74136_gkc4fhnc/runs/run_001test_result.csv: Copied (new)
2026/05/08 17:19:40 INFO  : NYSE_without_fees_2026-04-13_to_2026-04-15/work_dir/backtests_eiie_20260414_094321_job74125_jbo5sdvx/prepared_data/clean_csv/train.csv: Copied (new)
2026/05/08 17:19:41 INFO  : NYSE_without_fees_2026-04-13_to_2026-04-15/work_dir/backtests_eiie_20260414_130918_job74126_62nqsn3t/prepared_data/clean_csv/train.csv: Copied (new)
2026/05/08 17:19:41 INFO  : PSE_without_fees_2026-04-13_to_2026-04-15/work_dir/backtests_eiie_20260413_165222_job74136_gkc4fhnc/runs/run_005test_result.csv: Copied (new)
2026/05/08 17:19:41 INFO  : PSE_without_fees_2026-04-13_to_2026-04-15/work_dir/backtests_eiie_20260413_165222_job74136_gkc4fhnc/runs/run_004test_result.csv: Copied (new)
2026/05/08 17:19:42 INFO  : PSE_without_fees_2026-04-13_to_2026-04-15/work_dir/backtests_eiie_20260414_225950_job74146_ur5evt9d/runs/run_001test_result.csv: Copied (new)
2026/05/08 17:19:42 INFO  : PSE_without_fees_2026-04-13_to_2026-04-15/work_dir/backtests_eiie_20260414_225950_job74146_ur5evt9d/runs/run_003test_result.csv: Copied (new)
2026/05/08 17:19:42 INFO  : PSE_without_fees_2026-04-13_to_2026-04-15/work_dir/backtests_eiie_20260414_225950_job74146_ur5evt9d/runs/run_004test_result.csv: Copied (new)
2026/05/08 17:19:43 INFO  : PSE_without_fees_2026-04-13_to_2026-04-15/work_dir/backtests_eiie_20260414_225950_job74146_ur5evt9d/runs/run_002test_result.csv: Copied (new)
2026/05/08 17:19:45 INFO  : PSE_without_fees_2026-04-13_to_2026-04-15/work_dir/backtests_eiie_20260414_225950_job74146_ur5evt9d/runs/run_005test_result.csv: Copied (new)
2026/05/08 17:19:47 INFO  : NYSE_without_fees_2026-04-13_to_2026-04-15/work_dir/backtests_eiie_20260415_023409_job74130_ujrrbycv/prepared_data/clean_csv/valid.csv: Copied (new)
2026/05/08 17:19:47 INFO  : NYSE_without_fees_2026-04-13_to_2026-04-15/work_dir/backtests_eiie_20260414_163153_job74127_5c1ikwkh/runs/run_003/Visualization_test.png: Copied (new)
2026/05/08 17:19:47 INFO  : NYSE_without_fees_2026-04-13_to_2026-04-15/work_dir/backtests_eiie_20260414_163153_job74127_5c1ikwkh/runs/run_003/daily_trades.json: Copied (new)
2026/05/08 17:19:47 INFO  : NYSE_without_fees_2026-04-13_to_2026-04-15/work_dir/backtests_eiie_20260415_023409_job74130_ujrrbycv/prepared_data/clean_csv/test.csv: Copied (new)
2026/05/08 17:19:47 INFO  : NYSE_without_fees_2026-04-13_to_2026-04-15/work_dir/backtests_eiie_20260414_163153_job74127_5c1ikwkh/runs/run_003/Visualization_valid.png: Copied (new)
2026/05/08 17:19:48 INFO  : NYSE_without_fees_2026-04-13_to_2026-04-15/work_dir/backtests_eiie_20260414_163153_job74127_5c1ikwkh/runs/run_003/equity_curve.csv: Copied (new)
2026/05/08 17:19:48 INFO  : NYSE_without_fees_2026-04-13_to_2026-04-15/work_dir/backtests_eiie_20260414_163153_job74127_5c1ikwkh/runs/run_003/daily_turnover.json: Copied (new)
2026/05/08 17:19:49 INFO  : NYSE_without_fees_2026-04-13_to_2026-04-15/work_dir/backtests_eiie_20260414_163153_job74127_5c1ikwkh/runs/run_003/equity_curve.png: Copied (new)
2026/05/08 17:19:50 INFO  : NYSE_without_fees_2026-04-13_to_2026-04-15/work_dir/backtests_eiie_20260414_163153_job74127_5c1ikwkh/runs/run_003/metrics.json: Copied (new)
2026/05/08 17:19:51 INFO  : PSE_without_fees_2026-04-13_to_2026-04-15/work_dir/backtests_eiie_20260413_225636_job74138_97ly951i/runs/run_001test_result.csv: Copied (new)
2026/05/08 17:19:51 INFO  : NYSE_without_fees_2026-04-13_to_2026-04-15/work_dir/backtests_eiie_20260415_023409_job74130_ujrrbycv/prepared_data/clean_csv/train.csv: Copied (new)
2026/05/08 17:19:52 INFO  : PSE_without_fees_2026-04-13_to_2026-04-15/work_dir/backtests_eiie_20260413_225636_job74138_97ly951i/runs/run_002test_result.csv: Copied (new)
2026/05/08 17:19:52 INFO  : NYSE_without_fees_2026-04-13_to_2026-04-15/work_dir/backtests_eiie_20260414_130918_job74126_62nqsn3t/runs/run_001/daily_trades.json: Copied (new)
2026/05/08 17:19:52 INFO  : NYSE_without_fees_2026-04-13_to_2026-04-15/work_dir/backtests_eiie_20260414_130918_job74126_62nqsn3t/runs/run_001/Visualization_valid.png: Copied (new)
2026/05/08 17:19:53 INFO  : PSE_without_fees_2026-04-13_to_2026-04-15/work_dir/backtests_eiie_20260413_225636_job74138_97ly951i/runs/run_003test_result.csv: Copied (new)
2026/05/08 17:19:53 INFO  : NYSE_without_fees_2026-04-13_to_2026-04-15/work_dir/backtests_eiie_20260414_130918_job74126_62nqsn3t/runs/run_001/equity_curve.csv: Copied (new)
2026/05/08 17:19:53 INFO  : NYSE_without_fees_2026-04-13_to_2026-04-15/work_dir/backtests_eiie_20260414_130918_job74126_62nqsn3t/runs/run_001/Visualization_test.png: Copied (new)
2026/05/08 17:19:53 INFO  : NYSE_without_fees_2026-04-13_to_2026-04-15/work_dir/backtests_eiie_20260414_130918_job74126_62nqsn3t/runs/run_001/daily_turnover.json: Copied (new)
2026/05/08 17:19:53 INFO  : PSE_without_fees_2026-04-13_to_2026-04-15/work_dir/backtests_eiie_20260413_225636_job74138_97ly951i/runs/run_004test_result.csv: Copied (new)
2026/05/08 17:19:54 INFO  : NYSE_without_fees_2026-04-13_to_2026-04-15/work_dir/backtests_eiie_20260414_130918_job74126_62nqsn3t/runs/run_001/metrics.json: Copied (new)
2026/05/08 17:19:54 INFO  : NYSE_without_fees_2026-04-13_to_2026-04-15/work_dir/backtests_eiie_20260414_130918_job74126_62nqsn3t/runs/run_001/equity_curve.png: Copied (new)
2026/05/08 17:19:57 INFO  : NYSE_without_fees_2026-04-13_to_2026-04-15/work_dir/backtests_eiie_20260415_191636_job74135_ysebkrl3/prepared_data/clean_csv/test.csv: Copied (new)
2026/05/08 17:19:57 INFO  : PSE_without_fees_2026-04-13_to_2026-04-15/work_dir/backtests_eiie_20260413_225636_job74138_97ly951i/runs/run_005test_result.csv: Copied (new)
2026/05/08 17:19:59 INFO  : NYSE_without_fees_2026-04-13_to_2026-04-15/work_dir/backtests_eiie_20260413_201351_job74121_gzd7n48c/runs/run_001/daily_turnover.json: Copied (new)
2026/05/08 17:19:59 INFO  : NYSE_without_fees_2026-04-13_to_2026-04-15/work_dir/backtests_eiie_20260413_201351_job74121_gzd7n48c/runs/run_001/daily_trades.json: Copied (new)
2026/05/08 17:20:00 INFO  : NYSE_without_fees_2026-04-13_to_2026-04-15/work_dir/backtests_eiie_20260413_201351_job74121_gzd7n48c/prepared_data/clean_csv/valid.csv: Copied (new)
2026/05/08 17:20:00 INFO  : NYSE_without_fees_2026-04-13_to_2026-04-15/work_dir/backtests_eiie_20260413_201351_job74121_gzd7n48c/runs/run_001/Visualization_test.png: Copied (new)
2026/05/08 17:20:00 INFO  : NYSE_without_fees_2026-04-13_to_2026-04-15/work_dir/backtests_eiie_20260413_201351_job74121_gzd7n48c/runs/run_001/Visualization_valid.png: Copied (new)
2026/05/08 17:20:01 INFO  : NYSE_without_fees_2026-04-13_to_2026-04-15/work_dir/backtests_eiie_20260413_201351_job74121_gzd7n48c/runs/run_001/equity_curve.csv: Copied (new)
2026/05/08 17:20:01 INFO  : NYSE_without_fees_2026-04-13_to_2026-04-15/work_dir/backtests_eiie_20260413_201351_job74121_gzd7n48c/runs/run_001/equity_curve.png: Copied (new)
2026/05/08 17:20:03 INFO  : NYSE_without_fees_2026-04-13_to_2026-04-15/work_dir/backtests_eiie_20260413_201351_job74121_gzd7n48c/runs/run_001/metrics.json: Copied (new)
2026/05/08 17:20:03 INFO  : NYSE_without_fees_2026-04-13_to_2026-04-15/work_dir/backtests_eiie_20260415_023409_job74130_ujrrbycv/runs/run_001/daily_trades.json: Copied (new)
2026/05/08 17:20:28 INFO  : NYSE_without_fees_2026-04-13_to_2026-04-15/work_dir/backtests_eiie_20260415_023409_job74130_ujrrbycv/runs/run_001/Visualization_test.png: Copied (new)
2026/05/08 17:20:30 INFO  : NYSE_without_fees_2026-04-13_to_2026-04-15/work_dir/backtests_eiie_20260415_023409_job74130_ujrrbycv/runs/run_001/metrics.json: Copied (new)
2026/05/08 17:20:37 INFO  : NYSE_without_fees_2026-04-13_to_2026-04-15/work_dir/backtests_eiie_20260415_055739_job74131_tpjgyzkc/prepared_data/clean_csv/test.csv: Copied (new)
2026/05/08 17:20:43 INFO  : NYSE_without_fees_2026-04-13_to_2026-04-15/work_dir/backtests_eiie_20260415_055739_job74131_tpjgyzkc/prepared_data/clean_csv/train.csv: Copied (new)
2026/05/08 17:20:44 INFO  : NYSE_without_fees_2026-04-13_to_2026-04-15/work_dir/backtests_eiie_20260415_023409_job74130_ujrrbycv/runs/run_001/equity_curve.png: Copied (new)
2026/05/08 17:20:45 INFO  : NYSE_without_fees_2026-04-13_to_2026-04-15/work_dir/backtests_eiie_20260415_023409_job74130_ujrrbycv/runs/run_001/Visualization_valid.png: Copied (new)
2026/05/08 17:20:45 INFO  : NYSE_without_fees_2026-04-13_to_2026-04-15/work_dir/backtests_eiie_20260415_023409_job74130_ujrrbycv/runs/run_001/equity_curve.csv: Copied (new)
2026/05/08 17:20:45 INFO  : NYSE_without_fees_2026-04-13_to_2026-04-15/work_dir/backtests_eiie_20260415_023409_job74130_ujrrbycv/runs/run_001/daily_turnover.json: Copied (new)
2026/05/08 17:20:45 INFO  : NYSE_without_fees_2026-04-13_to_2026-04-15/work_dir/backtests_eiie_20260415_055739_job74131_tpjgyzkc/prepared_data/clean_csv/valid.csv: Copied (new)
2026/05/08 17:20:47 INFO  : NYSE_without_fees_2026-04-13_to_2026-04-15/work_dir/backtests_eiie_20260414_231549_job74129_qj7ppkrx/runs/run_003/Visualization_valid.png: Copied (new)
2026/05/08 17:20:47 INFO  : NYSE_without_fees_2026-04-13_to_2026-04-15/work_dir/backtests_eiie_20260414_231549_job74129_qj7ppkrx/runs/run_003/Visualization_test.png: Copied (new)
2026/05/08 17:20:47 INFO  : NYSE_without_fees_2026-04-13_to_2026-04-15/work_dir/backtests_eiie_20260414_231549_job74129_qj7ppkrx/runs/run_003/equity_curve.csv: Copied (new)
2026/05/08 17:20:48 INFO  : NYSE_without_fees_2026-04-13_to_2026-04-15/work_dir/backtests_eiie_20260414_231549_job74129_qj7ppkrx/runs/run_003/daily_trades.json: Copied (new)
2026/05/08 17:20:48 INFO  : NYSE_without_fees_2026-04-13_to_2026-04-15/work_dir/backtests_eiie_20260414_231549_job74129_qj7ppkrx/runs/run_003/daily_turnover.json: Copied (new)
2026/05/08 17:20:48 INFO  : NYSE_without_fees_2026-04-13_to_2026-04-15/work_dir/backtests_eiie_20260415_191636_job74135_ysebkrl3/prepared_data/clean_csv/train.csv: Copied (new)
2026/05/08 17:20:49 INFO  : NYSE_without_fees_2026-04-13_to_2026-04-15/work_dir/backtests_eiie_20260414_231549_job74129_qj7ppkrx/runs/run_003/equity_curve.png: Copied (new)
2026/05/08 17:20:50 INFO  : NYSE_without_fees_2026-04-13_to_2026-04-15/work_dir/backtests_eiie_20260414_231549_job74129_qj7ppkrx/runs/run_003/metrics.json: Copied (new)
2026/05/08 17:20:50 INFO  : NYSE_without_fees_2026-04-13_to_2026-04-15/work_dir/backtests_eiie_20260414_195750_job74128_o_ywey2v/runs/run_001/daily_trades.json: Copied (new)
2026/05/08 17:20:50 INFO  : NYSE_without_fees_2026-04-13_to_2026-04-15/work_dir/backtests_eiie_20260414_195750_job74128_o_ywey2v/runs/run_001/Visualization_test.png: Copied (new)
2026/05/08 17:20:50 INFO  : NYSE_without_fees_2026-04-13_to_2026-04-15/work_dir/backtests_eiie_20260414_195750_job74128_o_ywey2v/runs/run_001/equity_curve.csv: Copied (new)
2026/05/08 17:20:51 INFO  : NYSE_without_fees_2026-04-13_to_2026-04-15/work_dir/backtests_eiie_20260414_195750_job74128_o_ywey2v/runs/run_001/Visualization_valid.png: Copied (new)
2026/05/08 17:20:51 INFO  : NYSE_without_fees_2026-04-13_to_2026-04-15/work_dir/backtests_eiie_20260414_195750_job74128_o_ywey2v/runs/run_001/daily_turnover.json: Copied (new)
2026/05/08 17:20:52 INFO  : NYSE_without_fees_2026-04-13_to_2026-04-15/work_dir/backtests_eiie_20260414_195750_job74128_o_ywey2v/runs/run_001/equity_curve.png: Copied (new)
2026/05/08 17:20:53 INFO  : NYSE_without_fees_2026-04-13_to_2026-04-15/work_dir/backtests_eiie_20260414_195750_job74128_o_ywey2v/runs/run_001/metrics.json: Copied (new)
2026/05/08 17:20:53 INFO  : PSE_without_fees_2026-04-13_to_2026-04-15/work_dir/backtests_eiie_20260414_045947_job74140_h8ucwjhj/runs/run_001test_result.csv: Copied (new)
2026/05/08 17:20:54 INFO  : PSE_without_fees_2026-04-13_to_2026-04-15/work_dir/backtests_eiie_20260414_045947_job74140_h8ucwjhj/runs/run_002test_result.csv: Copied (new)
2026/05/08 17:20:54 INFO  : PSE_without_fees_2026-04-13_to_2026-04-15/work_dir/backtests_eiie_20260414_045947_job74140_h8ucwjhj/runs/run_005test_result.csv: Copied (new)
2026/05/08 17:20:54 INFO  : PSE_without_fees_2026-04-13_to_2026-04-15/work_dir/backtests_eiie_20260414_045947_job74140_h8ucwjhj/runs/run_004test_result.csv: Copied (new)
2026/05/08 17:20:54 INFO  : PSE_without_fees_2026-04-13_to_2026-04-15/work_dir/backtests_eiie_20260414_045947_job74140_h8ucwjhj/runs/run_003test_result.csv: Copied (new)
2026/05/08 17:20:57 INFO  : PSE_without_fees_2026-04-13_to_2026-04-15/work_dir/backtests_eiie_20260414_075610_job74141_jxq9e3d_/runs/run_002test_result.csv: Copied (new)
2026/05/08 17:20:58 INFO  : PSE_without_fees_2026-04-13_to_2026-04-15/work_dir/backtests_eiie_20260414_075610_job74141_jxq9e3d_/runs/run_001test_result.csv: Copied (new)
2026/05/08 17:20:58 INFO  : PSE_without_fees_2026-04-13_to_2026-04-15/work_dir/backtests_eiie_20260414_075610_job74141_jxq9e3d_/runs/run_003test_result.csv: Copied (new)
2026/05/08 17:20:59 INFO  : NYSE_without_fees_2026-04-13_to_2026-04-15/work_dir/backtests_eiie_20260415_091734_job74132_bow7t52g/prepared_data/clean_csv/valid.csv: Copied (new)
2026/05/08 17:20:59 INFO  : PSE_without_fees_2026-04-13_to_2026-04-15/work_dir/backtests_eiie_20260414_075610_job74141_jxq9e3d_/runs/run_004test_result.csv: Copied (new)
2026/05/08 17:20:59 INFO  : PSE_without_fees_2026-04-13_to_2026-04-15/work_dir/backtests_eiie_20260414_075610_job74141_jxq9e3d_/runs/run_005test_result.csv: Copied (new)
2026/05/08 17:21:00 INFO  : NYSE_without_fees_2026-04-13_to_2026-04-15/work_dir/backtests_eiie_20260415_091734_job74132_bow7t52g/prepared_data/clean_csv/test.csv: Copied (new)
2026/05/08 17:21:02 INFO  : NYSE_without_fees_2026-04-13_to_2026-04-15/work_dir/backtests_eiie_20260414_094321_job74125_jbo5sdvx/runs/run_002/daily_trades.json: Copied (new)
2026/05/08 17:21:02 INFO  : NYSE_without_fees_2026-04-13_to_2026-04-15/work_dir/backtests_eiie_20260414_094321_job74125_jbo5sdvx/runs/run_002/equity_curve.csv: Copied (new)
2026/05/08 17:21:02 INFO  : NYSE_without_fees_2026-04-13_to_2026-04-15/work_dir/backtests_eiie_20260414_094321_job74125_jbo5sdvx/runs/run_002/Visualization_test.png: Copied (new)
2026/05/08 17:21:04 INFO  : NYSE_without_fees_2026-04-13_to_2026-04-15/work_dir/backtests_eiie_20260415_091734_job74132_bow7t52g/prepared_data/clean_csv/train.csv: Copied (new)
2026/05/08 17:22:01 INFO  : NYSE_without_fees_2026-04-13_to_2026-04-15/work_dir/backtests_eiie_20260414_094321_job74125_jbo5sdvx/runs/run_002/Visualization_valid.png: Copied (new)
2026/05/08 17:22:03 INFO  : PSE_without_fees_2026-04-13_to_2026-04-15/work_dir/backtests_eiie_20260414_165644_job74144_dbwdzdc8/runs/run_003test_result.csv: Copied (new)
2026/05/08 17:22:05 INFO  : PSE_without_fees_2026-04-13_to_2026-04-15/work_dir/backtests_eiie_20260414_165644_job74144_dbwdzdc8/runs/run_004test_result.csv: Copied (new)
2026/05/08 17:22:35 INFO  : NYSE_without_fees_2026-04-13_to_2026-04-15/work_dir/backtests_eiie_20260414_094321_job74125_jbo5sdvx/runs/run_002/daily_turnover.json: Copied (new)
2026/05/08 17:22:43 INFO  : NYSE_without_fees_2026-04-13_to_2026-04-15/work_dir/backtests_eiie_20260415_123453_job74133_kzz71nh_/prepared_data/clean_csv/test.csv: Copied (new)
2026/05/08 17:22:50 INFO  : NYSE_without_fees_2026-04-13_to_2026-04-15/work_dir/backtests_eiie_20260415_123453_job74133_kzz71nh_/prepared_data/clean_csv/train.csv: Copied (new)
2026/05/08 17:22:52 INFO  : NYSE_without_fees_2026-04-13_to_2026-04-15/work_dir/backtests_eiie_20260414_094321_job74125_jbo5sdvx/runs/run_002/metrics.json: Copied (new)
2026/05/08 17:22:52 INFO  : PSE_without_fees_2026-04-13_to_2026-04-15/work_dir/backtests_eiie_20260414_165644_job74144_dbwdzdc8/runs/run_001test_result.csv: Copied (new)
2026/05/08 17:22:52 INFO  : PSE_without_fees_2026-04-13_to_2026-04-15/work_dir/backtests_eiie_20260414_165644_job74144_dbwdzdc8/runs/run_002test_result.csv: Copied (new)
2026/05/08 17:22:52 INFO  : PSE_without_fees_2026-04-13_to_2026-04-15/work_dir/backtests_eiie_20260414_165644_job74144_dbwdzdc8/runs/run_005test_result.csv: Copied (new)
2026/05/08 17:22:52 INFO  : NYSE_without_fees_2026-04-13_to_2026-04-15/work_dir/backtests_eiie_20260415_123453_job74133_kzz71nh_/prepared_data/clean_csv/valid.csv: Copied (new)
2026/05/08 17:22:52 INFO  : NYSE_without_fees_2026-04-13_to_2026-04-15/work_dir/backtests_eiie_20260414_094321_job74125_jbo5sdvx/runs/run_002/equity_curve.png: Copied (new)
2026/05/08 17:22:53 INFO  : NYSE_without_fees_2026-04-13_to_2026-04-15/work_dir/backtests_eiie_20260413_201351_job74121_gzd7n48c/prepared_data/clean_csv/test.csv: Copied (new)
2026/05/08 17:22:55 INFO  : PSE_without_fees_2026-04-13_to_2026-04-15/work_dir/backtests_eiie_20260414_195953_job74145__xmyv0fz/runs/run_001test_result.csv: Copied (new)
2026/05/08 17:22:56 INFO  : PSE_without_fees_2026-04-13_to_2026-04-15/work_dir/backtests_eiie_20260414_195953_job74145__xmyv0fz/runs/run_004test_result.csv: Copied (new)
2026/05/08 17:22:57 INFO  : NYSE_without_fees_2026-04-13_to_2026-04-15/work_dir/backtests_eiie_20260414_163153_job74127_5c1ikwkh/runs/run_001/checkpoints/checkpoint-00001.pth: Copied (new)
2026/05/08 17:22:57 INFO  : NYSE_without_fees_2026-04-13_to_2026-04-15/work_dir/backtests_eiie_20260414_163153_job74127_5c1ikwkh/runs/run_001/checkpoints/best.pth: Copied (new)
2026/05/08 17:22:57 INFO  : PSE_without_fees_2026-04-13_to_2026-04-15/work_dir/backtests_eiie_20260414_195953_job74145__xmyv0fz/runs/run_003test_result.csv: Copied (new)
2026/05/08 17:22:57 INFO  : PSE_without_fees_2026-04-13_to_2026-04-15/work_dir/backtests_eiie_20260414_195953_job74145__xmyv0fz/runs/run_005test_result.csv: Copied (new)
2026/05/08 17:22:58 INFO  : PSE_without_fees_2026-04-13_to_2026-04-15/work_dir/backtests_eiie_20260414_195953_job74145__xmyv0fz/runs/run_002test_result.csv: Copied (new)
2026/05/08 17:22:58 INFO  : NYSE_without_fees_2026-04-13_to_2026-04-15/work_dir/backtests_eiie_20260414_163153_job74127_5c1ikwkh/runs/run_001/checkpoints/checkpoint-00002.pth: Copied (new)
2026/05/08 17:22:58 INFO  : NYSE_without_fees_2026-04-13_to_2026-04-15/work_dir/backtests_eiie_20260414_163153_job74127_5c1ikwkh/runs/run_001/checkpoints/checkpoint-00003.pth: Copied (new)
2026/05/08 17:22:58 INFO  : NYSE_without_fees_2026-04-13_to_2026-04-15/work_dir/backtests_eiie_20260413_201351_job74121_gzd7n48c/prepared_data/clean_csv/train.csv: Copied (new)
2026/05/08 17:22:59 INFO  : NYSE_without_fees_2026-04-13_to_2026-04-15/work_dir/backtests_eiie_20260414_163153_job74127_5c1ikwkh/runs/run_001/checkpoints/checkpoint-00004.pth: Copied (new)
2026/05/08 17:22:59 INFO  : NYSE_without_fees_2026-04-13_to_2026-04-15/work_dir/backtests_eiie_20260414_163153_job74127_5c1ikwkh/runs/run_001/checkpoints/checkpoint-00005.pth: Copied (new)
2026/05/08 17:23:00 INFO  : NYSE_without_fees_2026-04-13_to_2026-04-15/work_dir/backtests_eiie_20260414_163153_job74127_5c1ikwkh/runs/run_001/checkpoints/checkpoint-00007.pth: Copied (new)
2026/05/08 17:23:00 INFO  : NYSE_without_fees_2026-04-13_to_2026-04-15/work_dir/backtests_eiie_20260414_163153_job74127_5c1ikwkh/runs/run_001/checkpoints/checkpoint-00006.pth: Copied (new)
2026/05/08 17:23:00 INFO  : NYSE_without_fees_2026-04-13_to_2026-04-15/work_dir/backtests_eiie_20260414_163153_job74127_5c1ikwkh/runs/run_001/checkpoints/checkpoint-00008.pth: Copied (new)
2026/05/08 17:23:00 INFO  : NYSE_without_fees_2026-04-13_to_2026-04-15/work_dir/backtests_eiie_20260414_163153_job74127_5c1ikwkh/runs/run_001/checkpoints/checkpoint-00009.pth: Copied (new)
2026/05/08 17:23:02 INFO  : NYSE_without_fees_2026-04-13_to_2026-04-15/work_dir/backtests_eiie_20260414_163153_job74127_5c1ikwkh/runs/run_001/checkpoints/checkpoint-00010.pth: Copied (new)
2026/05/08 17:23:02 INFO  : NYSE_without_fees_2026-04-13_to_2026-04-15/work_dir/backtests_eiie_20260414_062011_job74124_5nwqr3ja/runs/run_001/checkpoints/best.pth: Copied (new)
2026/05/08 17:23:03 INFO  : NYSE_without_fees_2026-04-13_to_2026-04-15/work_dir/backtests_eiie_20260414_062011_job74124_5nwqr3ja/runs/run_001/checkpoints/checkpoint-00001.pth: Copied (new)
2026/05/08 17:23:03 INFO  : NYSE_without_fees_2026-04-13_to_2026-04-15/work_dir/backtests_eiie_20260414_062011_job74124_5nwqr3ja/runs/run_001/checkpoints/checkpoint-00004.pth: Copied (new)
2026/05/08 17:23:03 INFO  : NYSE_without_fees_2026-04-13_to_2026-04-15/work_dir/backtests_eiie_20260414_062011_job74124_5nwqr3ja/runs/run_001/checkpoints/checkpoint-00002.pth: Copied (new)
2026/05/08 17:23:03 INFO  : NYSE_without_fees_2026-04-13_to_2026-04-15/work_dir/backtests_eiie_20260414_062011_job74124_5nwqr3ja/runs/run_001/checkpoints/checkpoint-00003.pth: Copied (new)
2026/05/08 17:23:03 INFO  : NYSE_without_fees_2026-04-13_to_2026-04-15/work_dir/backtests_eiie_20260414_062011_job74124_5nwqr3ja/runs/run_001/checkpoints/checkpoint-00005.pth: Copied (new)
2026/05/08 17:23:03 INFO  : NYSE_without_fees_2026-04-13_to_2026-04-15/work_dir/backtests_eiie_20260414_062011_job74124_5nwqr3ja/runs/run_001/checkpoints/checkpoint-00006.pth: Copied (new)
2026/05/08 17:23:45 INFO  : NYSE_without_fees_2026-04-13_to_2026-04-15/work_dir/backtests_eiie_20260415_191636_job74135_ysebkrl3/runs/run_001/daily_trades.json: Copied (new)
2026/05/08 17:24:03 INFO  : NYSE_without_fees_2026-04-13_to_2026-04-15/work_dir/backtests_eiie_20260414_062011_job74124_5nwqr3ja/runs/run_001/checkpoints/checkpoint-00008.pth: Copied (new)
2026/05/08 17:24:05 INFO  : NYSE_without_fees_2026-04-13_to_2026-04-15/work_dir/backtests_eiie_20260415_191636_job74135_ysebkrl3/runs/run_001/daily_turnover.json: Copied (new)
2026/05/08 17:24:05 INFO  : NYSE_without_fees_2026-04-13_to_2026-04-15/work_dir/backtests_eiie_20260414_062011_job74124_5nwqr3ja/runs/run_001/checkpoints/checkpoint-00007.pth: Copied (new)
2026/05/08 17:24:06 INFO  : NYSE_without_fees_2026-04-13_to_2026-04-15/work_dir/backtests_eiie_20260415_191636_job74135_ysebkrl3/runs/run_001/Visualization_test.png: Copied (new)
2026/05/08 17:24:06 INFO  : NYSE_without_fees_2026-04-13_to_2026-04-15/work_dir/backtests_eiie_20260415_191636_job74135_ysebkrl3/runs/run_001/Visualization_valid.png: Copied (new)
2026/05/08 17:24:33 INFO  : NYSE_without_fees_2026-04-13_to_2026-04-15/work_dir/backtests_eiie_20260414_062011_job74124_5nwqr3ja/runs/run_001/checkpoints/checkpoint-00009.pth: Copied (new)
2026/05/08 17:24:33 INFO  : NYSE_without_fees_2026-04-13_to_2026-04-15/work_dir/backtests_eiie_20260415_191636_job74135_ysebkrl3/runs/run_001/metrics.json: Copied (new)
2026/05/08 17:24:33 INFO  : NYSE_without_fees_2026-04-13_to_2026-04-15/work_dir/backtests_eiie_20260414_062011_job74124_5nwqr3ja/runs/run_001/checkpoints/checkpoint-00010.pth: Copied (new)
2026/05/08 17:24:34 INFO  : NYSE_without_fees_2026-04-13_to_2026-04-15/work_dir/backtests_eiie_20260415_191636_job74135_ysebkrl3/runs/run_001/equity_curve.csv: Copied (new)
2026/05/08 17:24:34 INFO  : NYSE_without_fees_2026-04-13_to_2026-04-15/work_dir/backtests_eiie_20260415_191636_job74135_ysebkrl3/runs/run_001/equity_curve.png: Copied (new)
2026/05/08 17:24:34 INFO  : PSE_without_fees_2026-04-13_to_2026-04-15/work_dir/backtests_eiie_20260414_015729_job74139_46bfn538/prepared_data/clean_csv/test.csv: Copied (new)
2026/05/08 17:24:39 INFO  : NYSE_without_fees_2026-04-13_to_2026-04-15/work_dir/backtests_eiie_20260415_155439_job74134_d24w3yak/prepared_data/clean_csv/test.csv: Copied (new)
2026/05/08 17:24:48 INFO  : NYSE_without_fees_2026-04-13_to_2026-04-15/work_dir/backtests_eiie_20260414_231549_job74129_qj7ppkrx/runs/run_001/checkpoints/checkpoint-00001.pth: Copied (new)
2026/05/08 17:24:49 INFO  : NYSE_without_fees_2026-04-13_to_2026-04-15/work_dir/backtests_eiie_20260414_231549_job74129_qj7ppkrx/runs/run_001/checkpoints/checkpoint-00002.pth: Copied (new)
2026/05/08 17:24:49 INFO  : NYSE_without_fees_2026-04-13_to_2026-04-15/work_dir/backtests_eiie_20260414_231549_job74129_qj7ppkrx/runs/run_001/checkpoints/best.pth: Copied (new)
2026/05/08 17:24:49 INFO  : PSE_without_fees_2026-04-13_to_2026-04-15/work_dir/backtests_eiie_20260414_015729_job74139_46bfn538/prepared_data/clean_csv/valid.csv: Copied (new)
2026/05/08 17:24:49 INFO  : NYSE_without_fees_2026-04-13_to_2026-04-15/work_dir/backtests_eiie_20260415_155439_job74134_d24w3yak/prepared_data/clean_csv/valid.csv: Copied (new)
2026/05/08 17:24:49 INFO  : NYSE_without_fees_2026-04-13_to_2026-04-15/work_dir/backtests_eiie_20260414_231549_job74129_qj7ppkrx/runs/run_001/checkpoints/checkpoint-00003.pth: Copied (new)
2026/05/08 17:24:50 INFO  : PSE_without_fees_2026-04-13_to_2026-04-15/work_dir/backtests_eiie_20260414_015729_job74139_46bfn538/prepared_data/clean_csv/train.csv: Copied (new)
2026/05/08 17:24:50 INFO  : NYSE_without_fees_2026-04-13_to_2026-04-15/work_dir/backtests_eiie_20260415_155439_job74134_d24w3yak/prepared_data/clean_csv/train.csv: Copied (new)
2026/05/08 17:24:50 INFO  : NYSE_without_fees_2026-04-13_to_2026-04-15/work_dir/backtests_eiie_20260414_231549_job74129_qj7ppkrx/runs/run_001/checkpoints/checkpoint-00004.pth: Copied (new)
2026/05/08 17:24:51 INFO  : NYSE_without_fees_2026-04-13_to_2026-04-15/work_dir/backtests_eiie_20260414_231549_job74129_qj7ppkrx/runs/run_001/checkpoints/checkpoint-00005.pth: Copied (new)
2026/05/08 17:24:52 INFO  : NYSE_without_fees_2026-04-13_to_2026-04-15/work_dir/backtests_eiie_20260414_231549_job74129_qj7ppkrx/runs/run_001/checkpoints/checkpoint-00009.pth: Copied (new)
2026/05/08 17:24:56 INFO  : NYSE_without_fees_2026-04-13_to_2026-04-15/work_dir/backtests_eiie_20260414_231549_job74129_qj7ppkrx/runs/run_001/checkpoints/checkpoint-00007.pth: Copied (new)
2026/05/08 17:24:56 INFO  : NYSE_without_fees_2026-04-13_to_2026-04-15/work_dir/backtests_eiie_20260414_231549_job74129_qj7ppkrx/runs/run_001/checkpoints/checkpoint-00010.pth: Copied (new)
2026/05/08 17:24:56 INFO  : NYSE_without_fees_2026-04-13_to_2026-04-15/work_dir/backtests_eiie_20260414_231549_job74129_qj7ppkrx/runs/run_001/checkpoints/checkpoint-00008.pth: Copied (new)
2026/05/08 17:24:56 INFO  : NYSE_without_fees_2026-04-13_to_2026-04-15/work_dir/backtests_eiie_20260414_231549_job74129_qj7ppkrx/runs/run_001/checkpoints/checkpoint-00006.pth: Copied (new)
2026/05/08 17:24:57 INFO  : PSE_without_fees_2026-04-13_to_2026-04-15/work_dir/backtests_eiie_20260414_105331_job74142_ufplj8k7/prepared_data/clean_csv/test.csv: Copied (new)
2026/05/08 17:24:57 INFO  : NYSE_without_fees_2026-04-13_to_2026-04-15/work_dir/backtests_eiie_20260414_030122_job74123_eryaem4m/runs/run_002/Visualization_test.png: Copied (new)
2026/05/08 17:24:58 INFO  : PSE_without_fees_2026-04-13_to_2026-04-15/work_dir/backtests_eiie_20260414_105331_job74142_ufplj8k7/prepared_data/clean_csv/valid.csv: Copied (new)
2026/05/08 17:24:58 INFO  : PSE_without_fees_2026-04-13_to_2026-04-15/work_dir/backtests_eiie_20260414_105331_job74142_ufplj8k7/prepared_data/clean_csv/train.csv: Copied (new)
2026/05/08 17:24:58 INFO  : NYSE_without_fees_2026-04-13_to_2026-04-15/work_dir/backtests_eiie_20260414_030122_job74123_eryaem4m/runs/run_002/Visualization_valid.png: Copied (new)
2026/05/08 17:24:58 INFO  : NYSE_without_fees_2026-04-13_to_2026-04-15/work_dir/backtests_eiie_20260414_030122_job74123_eryaem4m/runs/run_002/metrics.json: Copied (new)
2026/05/08 17:24:59 INFO  : NYSE_without_fees_2026-04-13_to_2026-04-15/work_dir/backtests_eiie_20260414_030122_job74123_eryaem4m/runs/run_002/daily_trades.json: Copied (new)
2026/05/08 17:24:59 INFO  : NYSE_without_fees_2026-04-13_to_2026-04-15/work_dir/backtests_eiie_20260414_030122_job74123_eryaem4m/runs/run_002/equity_curve.csv: Copied (new)
2026/05/08 17:24:59 INFO  : NYSE_without_fees_2026-04-13_to_2026-04-15/work_dir/backtests_eiie_20260414_030122_job74123_eryaem4m/runs/run_002/daily_turnover.json: Copied (new)
2026/05/08 17:25:00 INFO  : NYSE_without_fees_2026-04-13_to_2026-04-15/work_dir/backtests_eiie_20260414_030122_job74123_eryaem4m/runs/run_002/equity_curve.png: Copied (new)
2026/05/08 17:25:02 INFO  : PSE_without_fees_2026-04-13_to_2026-04-15/work_dir/backtests_eiie_20260415_020042_job74147_86qdx6pe/runs/run_001test_result.csv: Copied (new)
2026/05/08 17:25:03 INFO  : PSE_without_fees_2026-04-13_to_2026-04-15/work_dir/backtests_eiie_20260415_020042_job74147_86qdx6pe/runs/run_004test_result.csv: Copied (new)
2026/05/08 17:25:28 INFO  : NYSE_without_fees_2026-04-13_to_2026-04-15/work_dir/backtests_eiie_20260414_163153_job74127_5c1ikwkh/runs/run_002/checkpoints/checkpoint-00002.pth: Copied (new)
2026/05/08 17:25:29 INFO  : NYSE_without_fees_2026-04-13_to_2026-04-15/work_dir/backtests_eiie_20260414_163153_job74127_5c1ikwkh/runs/run_002/checkpoints/best.pth: Copied (new)
2026/05/08 17:25:29 INFO  : PSE_without_fees_2026-04-13_to_2026-04-15/work_dir/backtests_eiie_20260415_020042_job74147_86qdx6pe/runs/run_002test_result.csv: Copied (new)
2026/05/08 17:25:29 INFO  : PSE_without_fees_2026-04-13_to_2026-04-15/work_dir/backtests_eiie_20260415_020042_job74147_86qdx6pe/runs/run_005test_result.csv: Copied (new)
2026/05/08 17:25:30 INFO  : PSE_without_fees_2026-04-13_to_2026-04-15/work_dir/backtests_eiie_20260415_020042_job74147_86qdx6pe/runs/run_003test_result.csv: Copied (new)
2026/05/08 17:25:30 INFO  : NYSE_without_fees_2026-04-13_to_2026-04-15/work_dir/backtests_eiie_20260414_163153_job74127_5c1ikwkh/runs/run_002/checkpoints/checkpoint-00001.pth: Copied (new)
2026/05/08 17:25:30 INFO  : NYSE_without_fees_2026-04-13_to_2026-04-15/work_dir/backtests_eiie_20260414_163153_job74127_5c1ikwkh/runs/run_002/checkpoints/checkpoint-00004.pth: Copied (new)
2026/05/08 17:25:30 INFO  : NYSE_without_fees_2026-04-13_to_2026-04-15/work_dir/backtests_eiie_20260414_163153_job74127_5c1ikwkh/runs/run_002/checkpoints/checkpoint-00003.pth: Copied (new)
2026/05/08 17:25:31 INFO  : NYSE_without_fees_2026-04-13_to_2026-04-15/work_dir/backtests_eiie_20260414_163153_job74127_5c1ikwkh/runs/run_002/checkpoints/checkpoint-00005.pth: Copied (new)
2026/05/08 17:25:33 INFO  : NYSE_without_fees_2026-04-13_to_2026-04-15/work_dir/backtests_eiie_20260414_163153_job74127_5c1ikwkh/runs/run_002/checkpoints/checkpoint-00006.pth: Copied (new)
2026/05/08 17:25:33 INFO  : NYSE_without_fees_2026-04-13_to_2026-04-15/work_dir/backtests_eiie_20260414_163153_job74127_5c1ikwkh/runs/run_002/checkpoints/checkpoint-00010.pth: Copied (new)
2026/05/08 17:25:33 INFO  : NYSE_without_fees_2026-04-13_to_2026-04-15/work_dir/backtests_eiie_20260414_163153_job74127_5c1ikwkh/runs/run_002/checkpoints/checkpoint-00009.pth: Copied (new)
2026/05/08 17:25:33 INFO  : NYSE_without_fees_2026-04-13_to_2026-04-15/work_dir/backtests_eiie_20260414_163153_job74127_5c1ikwkh/runs/run_002/checkpoints/checkpoint-00008.pth: Copied (new)
2026/05/08 17:25:34 INFO  : NYSE_without_fees_2026-04-13_to_2026-04-15/work_dir/backtests_eiie_20260414_163153_job74127_5c1ikwkh/runs/run_002/checkpoints/checkpoint-00007.pth: Copied (new)
2026/05/08 17:25:34 INFO  : NYSE_without_fees_2026-04-13_to_2026-04-15/work_dir/backtests_eiie_20260415_055739_job74131_tpjgyzkc/runs/run_001/Visualization_test.png: Copied (new)
2026/05/08 17:25:34 INFO  : NYSE_without_fees_2026-04-13_to_2026-04-15/work_dir/backtests_eiie_20260415_055739_job74131_tpjgyzkc/runs/run_001/daily_trades.json: Copied (new)
2026/05/08 17:25:34 INFO  : NYSE_without_fees_2026-04-13_to_2026-04-15/work_dir/backtests_eiie_20260415_055739_job74131_tpjgyzkc/runs/run_001/Visualization_valid.png: Copied (new)
2026/05/08 17:25:37 INFO  : NYSE_without_fees_2026-04-13_to_2026-04-15/work_dir/backtests_eiie_20260415_055739_job74131_tpjgyzkc/runs/run_001/equity_curve.csv: Copied (new)
2026/05/08 17:25:37 INFO  : NYSE_without_fees_2026-04-13_to_2026-04-15/work_dir/backtests_eiie_20260414_062011_job74124_5nwqr3ja/runs/run_004/daily_trades.json: Copied (new)
2026/05/08 17:25:37 INFO  : NYSE_without_fees_2026-04-13_to_2026-04-15/work_dir/backtests_eiie_20260415_055739_job74131_tpjgyzkc/runs/run_001/metrics.json: Copied (new)
2026/05/08 17:25:37 INFO  : NYSE_without_fees_2026-04-13_to_2026-04-15/work_dir/backtests_eiie_20260415_055739_job74131_tpjgyzkc/runs/run_001/daily_turnover.json: Copied (new)
2026/05/08 17:25:38 INFO  : NYSE_without_fees_2026-04-13_to_2026-04-15/work_dir/backtests_eiie_20260414_062011_job74124_5nwqr3ja/runs/run_004/daily_turnover.json: Copied (new)
2026/05/08 17:25:38 INFO  : NYSE_without_fees_2026-04-13_to_2026-04-15/work_dir/backtests_eiie_20260414_062011_job74124_5nwqr3ja/runs/run_004/Visualization_test.png: Copied (new)
2026/05/08 17:25:38 INFO  : NYSE_without_fees_2026-04-13_to_2026-04-15/work_dir/backtests_eiie_20260415_055739_job74131_tpjgyzkc/runs/run_001/equity_curve.png: Copied (new)
2026/05/08 17:25:38 INFO  : NYSE_without_fees_2026-04-13_to_2026-04-15/work_dir/backtests_eiie_20260414_062011_job74124_5nwqr3ja/runs/run_004/Visualization_valid.png: Copied (new)
2026/05/08 17:25:43 INFO  : NYSE_without_fees_2026-04-13_to_2026-04-15/work_dir/backtests_eiie_20260414_062011_job74124_5nwqr3ja/runs/run_004/metrics.json: Copied (new)
2026/05/08 17:25:43 INFO  : NYSE_without_fees_2026-04-13_to_2026-04-15/work_dir/backtests_eiie_20260414_062011_job74124_5nwqr3ja/runs/run_004/equity_curve.csv: Copied (new)
2026/05/08 17:25:44 INFO  : NYSE_without_fees_2026-04-13_to_2026-04-15/work_dir/backtests_eiie_20260414_062011_job74124_5nwqr3ja/runs/run_004/equity_curve.png: Copied (new)
2026/05/08 17:25:44 INFO  : PSE_without_fees_2026-04-13_to_2026-04-15/work_dir/backtests_eiie_20260413_195251_job74137_dvcd7s8x/prepared_data/clean_csv/test.csv: Copied (new)
2026/05/08 17:25:45 INFO  : PSE_without_fees_2026-04-13_to_2026-04-15/work_dir/backtests_eiie_20260413_195251_job74137_dvcd7s8x/prepared_data/clean_csv/train.csv: Copied (new)
2026/05/08 17:25:45 INFO  : PSE_without_fees_2026-04-13_to_2026-04-15/work_dir/backtests_eiie_20260413_195251_job74137_dvcd7s8x/prepared_data/clean_csv/valid.csv: Copied (new)
2026/05/08 17:25:46 INFO  : NYSE_without_fees_2026-04-13_to_2026-04-15/work_dir/backtests_eiie_20260414_163153_job74127_5c1ikwkh/runs/run_004/daily_trades.json: Copied (new)
2026/05/08 17:25:46 INFO  : NYSE_without_fees_2026-04-13_to_2026-04-15/work_dir/backtests_eiie_20260414_163153_job74127_5c1ikwkh/runs/run_004/Visualization_test.png: Copied (new)
2026/05/08 17:25:46 INFO  : NYSE_without_fees_2026-04-13_to_2026-04-15/work_dir/backtests_eiie_20260414_163153_job74127_5c1ikwkh/runs/run_004/Visualization_valid.png: Copied (new)
2026/05/08 17:25:46 INFO  : NYSE_without_fees_2026-04-13_to_2026-04-15/work_dir/backtests_eiie_20260414_163153_job74127_5c1ikwkh/runs/run_004/daily_turnover.json: Copied (new)
2026/05/08 17:25:47 INFO  : NYSE_without_fees_2026-04-13_to_2026-04-15/work_dir/backtests_eiie_20260414_163153_job74127_5c1ikwkh/runs/run_004/equity_curve.csv: Copied (new)
2026/05/08 17:25:48 INFO  : NYSE_without_fees_2026-04-13_to_2026-04-15/work_dir/backtests_eiie_20260414_163153_job74127_5c1ikwkh/runs/run_004/equity_curve.png: Copied (new)
2026/05/08 17:25:50 INFO  : NYSE_without_fees_2026-04-13_to_2026-04-15/work_dir/backtests_eiie_20260414_163153_job74127_5c1ikwkh/runs/run_004/metrics.json: Copied (new)
2026/05/08 17:25:52 INFO  : PSE_without_fees_2026-04-13_to_2026-04-15/work_dir/backtests_eiie_20260413_225636_job74138_97ly951i/prepared_data/clean_csv/valid.csv: Copied (new)
2026/05/08 17:25:52 INFO  : PSE_without_fees_2026-04-13_to_2026-04-15/work_dir/backtests_eiie_20260413_225636_job74138_97ly951i/prepared_data/clean_csv/train.csv: Copied (new)
2026/05/08 17:25:52 INFO  : PSE_without_fees_2026-04-13_to_2026-04-15/work_dir/backtests_eiie_20260413_225636_job74138_97ly951i/prepared_data/clean_csv/test.csv: Copied (new)
2026/05/08 17:25:54 INFO  : PSE_without_fees_2026-04-13_to_2026-04-15/work_dir/backtests_eiie_20260413_165222_job74136_gkc4fhnc/prepared_data/clean_csv/valid.csv: Copied (new)
2026/05/08 17:25:55 INFO  : PSE_without_fees_2026-04-13_to_2026-04-15/work_dir/backtests_eiie_20260413_165222_job74136_gkc4fhnc/prepared_data/clean_csv/train.csv: Copied (new)
2026/05/08 17:25:55 INFO  : NYSE_without_fees_2026-04-13_to_2026-04-15/work_dir/backtests_eiie_20260414_130918_job74126_62nqsn3t/runs/run_002/daily_trades.json: Copied (new)
2026/05/08 17:25:55 INFO  : NYSE_without_fees_2026-04-13_to_2026-04-15/work_dir/backtests_eiie_20260414_130918_job74126_62nqsn3t/runs/run_002/daily_turnover.json: Copied (new)
2026/05/08 17:25:56 INFO  : NYSE_without_fees_2026-04-13_to_2026-04-15/work_dir/backtests_eiie_20260414_130918_job74126_62nqsn3t/runs/run_002/Visualization_test.png: Copied (new)
2026/05/08 17:25:56 INFO  : NYSE_without_fees_2026-04-13_to_2026-04-15/work_dir/backtests_eiie_20260414_130918_job74126_62nqsn3t/runs/run_002/equity_curve.csv: Copied (new)
2026/05/08 17:25:56 INFO  : PSE_without_fees_2026-04-13_to_2026-04-15/work_dir/backtests_eiie_20260413_165222_job74136_gkc4fhnc/prepared_data/clean_csv/test.csv: Copied (new)
2026/05/08 17:25:56 INFO  : NYSE_without_fees_2026-04-13_to_2026-04-15/work_dir/backtests_eiie_20260414_130918_job74126_62nqsn3t/runs/run_002/Visualization_valid.png: Copied (new)
2026/05/08 17:25:57 INFO  : NYSE_without_fees_2026-04-13_to_2026-04-15/work_dir/backtests_eiie_20260414_130918_job74126_62nqsn3t/runs/run_002/equity_curve.png: Copied (new)
2026/05/08 17:26:01 INFO  : NYSE_without_fees_2026-04-13_to_2026-04-15/work_dir/backtests_eiie_20260414_062011_job74124_5nwqr3ja/runs/run_002/checkpoints/checkpoint-00006.pth: Copied (new)
2026/05/08 17:26:01 INFO  : NYSE_without_fees_2026-04-13_to_2026-04-15/work_dir/backtests_eiie_20260414_062011_job74124_5nwqr3ja/runs/run_002/checkpoints/best.pth: Copied (new)
2026/05/08 17:26:01 INFO  : NYSE_without_fees_2026-04-13_to_2026-04-15/work_dir/backtests_eiie_20260414_062011_job74124_5nwqr3ja/runs/run_002/checkpoints/checkpoint-00001.pth: Copied (new)
2026/05/08 17:26:01 INFO  : NYSE_without_fees_2026-04-13_to_2026-04-15/work_dir/backtests_eiie_20260414_130918_job74126_62nqsn3t/runs/run_002/metrics.json: Copied (new)
2026/05/08 17:26:01 INFO  : NYSE_without_fees_2026-04-13_to_2026-04-15/work_dir/backtests_eiie_20260414_062011_job74124_5nwqr3ja/runs/run_002/checkpoints/checkpoint-00002.pth: Copied (new)
2026/05/08 17:26:02 INFO  : NYSE_without_fees_2026-04-13_to_2026-04-15/work_dir/backtests_eiie_20260414_062011_job74124_5nwqr3ja/runs/run_002/checkpoints/checkpoint-00004.pth: Copied (new)
2026/05/08 17:26:02 INFO  : NYSE_without_fees_2026-04-13_to_2026-04-15/work_dir/backtests_eiie_20260414_062011_job74124_5nwqr3ja/runs/run_002/checkpoints/checkpoint-00003.pth: Copied (new)
2026/05/08 17:26:02 INFO  : NYSE_without_fees_2026-04-13_to_2026-04-15/work_dir/backtests_eiie_20260414_062011_job74124_5nwqr3ja/runs/run_002/checkpoints/checkpoint-00005.pth: Copied (new)
2026/05/08 17:26:33 INFO  : NYSE_without_fees_2026-04-13_to_2026-04-15/work_dir/backtests_eiie_20260414_062011_job74124_5nwqr3ja/runs/run_002/checkpoints/checkpoint-00010.pth: Copied (new)
2026/05/08 17:26:33 INFO  : NYSE_without_fees_2026-04-13_to_2026-04-15/work_dir/backtests_eiie_20260414_062011_job74124_5nwqr3ja/runs/run_002/checkpoints/checkpoint-00007.pth: Copied (new)
2026/05/08 17:26:33 INFO  : PSE_without_fees_2026-04-13_to_2026-04-15/work_dir/backtests_eiie_20260414_075610_job74141_jxq9e3d_/prepared_data/clean_csv/test.csv: Copied (new)
2026/05/08 17:26:37 INFO  : PSE_without_fees_2026-04-13_to_2026-04-15/work_dir/backtests_eiie_20260414_075610_job74141_jxq9e3d_/prepared_data/clean_csv/valid.csv: Copied (new)
2026/05/08 17:26:37 INFO  : NYSE_without_fees_2026-04-13_to_2026-04-15/work_dir/backtests_eiie_20260414_195750_job74128_o_ywey2v/runs/run_002/Visualization_test.png: Copied (new)
2026/05/08 17:26:38 INFO  : PSE_without_fees_2026-04-13_to_2026-04-15/work_dir/backtests_eiie_20260414_075610_job74141_jxq9e3d_/prepared_data/clean_csv/train.csv: Copied (new)
2026/05/08 17:26:39 INFO  : NYSE_without_fees_2026-04-13_to_2026-04-15/work_dir/backtests_eiie_20260414_195750_job74128_o_ywey2v/runs/run_002/Visualization_valid.png: Copied (new)
2026/05/08 17:26:39 INFO  : NYSE_without_fees_2026-04-13_to_2026-04-15/work_dir/backtests_eiie_20260414_195750_job74128_o_ywey2v/runs/run_002/daily_trades.json: Copied (new)
2026/05/08 17:26:40 INFO  : NYSE_without_fees_2026-04-13_to_2026-04-15/work_dir/backtests_eiie_20260414_195750_job74128_o_ywey2v/runs/run_002/daily_turnover.json: Copied (new)
2026/05/08 17:26:41 INFO  : NYSE_without_fees_2026-04-13_to_2026-04-15/work_dir/backtests_eiie_20260414_195750_job74128_o_ywey2v/runs/run_002/metrics.json: Copied (new)
2026/05/08 17:26:43 INFO  : NYSE_without_fees_2026-04-13_to_2026-04-15/work_dir/backtests_eiie_20260414_195750_job74128_o_ywey2v/runs/run_002/equity_curve.png: Copied (new)
2026/05/08 17:26:44 INFO  : NYSE_without_fees_2026-04-13_to_2026-04-15/work_dir/backtests_eiie_20260414_231549_job74129_qj7ppkrx/runs/run_004/Visualization_test.png: Copied (new)
2026/05/08 17:26:45 INFO  : NYSE_without_fees_2026-04-13_to_2026-04-15/work_dir/backtests_eiie_20260414_231549_job74129_qj7ppkrx/runs/run_004/daily_trades.json: Copied (new)
2026/05/08 17:26:46 INFO  : NYSE_without_fees_2026-04-13_to_2026-04-15/work_dir/backtests_eiie_20260414_195750_job74128_o_ywey2v/runs/run_002/equity_curve.csv: Copied (new)
2026/05/08 17:26:46 INFO  : NYSE_without_fees_2026-04-13_to_2026-04-15/work_dir/backtests_eiie_20260414_062011_job74124_5nwqr3ja/runs/run_002/checkpoints/checkpoint-00009.pth: Copied (new)
2026/05/08 17:26:46 INFO  : NYSE_without_fees_2026-04-13_to_2026-04-15/work_dir/backtests_eiie_20260414_062011_job74124_5nwqr3ja/runs/run_002/checkpoints/checkpoint-00008.pth: Copied (new)
2026/05/08 17:26:46 INFO  : PSE_without_fees_2026-04-13_to_2026-04-15/work_dir/backtests_eiie_20260414_135115_job74143_q08j1hi1/prepared_data/clean_csv/valid.csv: Copied (new)
2026/05/08 17:26:46 INFO  : NYSE_without_fees_2026-04-13_to_2026-04-15/work_dir/backtests_eiie_20260414_231549_job74129_qj7ppkrx/runs/run_004/Visualization_valid.png: Copied (new)
2026/05/08 17:26:47 INFO  : PSE_without_fees_2026-04-13_to_2026-04-15/work_dir/backtests_eiie_20260414_135115_job74143_q08j1hi1/prepared_data/clean_csv/train.csv: Copied (new)
2026/05/08 17:26:47 INFO  : NYSE_without_fees_2026-04-13_to_2026-04-15/work_dir/backtests_eiie_20260414_231549_job74129_qj7ppkrx/runs/run_004/daily_turnover.json: Copied (new)
2026/05/08 17:26:49 INFO  : NYSE_without_fees_2026-04-13_to_2026-04-15/work_dir/backtests_eiie_20260414_231549_job74129_qj7ppkrx/runs/run_004/metrics.json: Copied (new)
2026/05/08 17:26:50 INFO  : NYSE_without_fees_2026-04-13_to_2026-04-15/work_dir/backtests_eiie_20260414_231549_job74129_qj7ppkrx/runs/run_004/equity_curve.csv: Copied (new)
2026/05/08 17:26:50 INFO  : NYSE_without_fees_2026-04-13_to_2026-04-15/work_dir/backtests_eiie_20260415_023409_job74130_ujrrbycv/runs/run_002/daily_trades.json: Copied (new)
2026/05/08 17:26:50 INFO  : NYSE_without_fees_2026-04-13_to_2026-04-15/work_dir/backtests_eiie_20260415_023409_job74130_ujrrbycv/runs/run_002/daily_turnover.json: Copied (new)
2026/05/08 17:26:50 INFO  : NYSE_without_fees_2026-04-13_to_2026-04-15/work_dir/backtests_eiie_20260415_023409_job74130_ujrrbycv/runs/run_002/equity_curve.csv: Copied (new)
2026/05/08 17:26:50 INFO  : NYSE_without_fees_2026-04-13_to_2026-04-15/work_dir/backtests_eiie_20260414_231549_job74129_qj7ppkrx/runs/run_004/equity_curve.png: Copied (new)
2026/05/08 17:26:50 INFO  : NYSE_without_fees_2026-04-13_to_2026-04-15/work_dir/backtests_eiie_20260415_023409_job74130_ujrrbycv/runs/run_002/Visualization_test.png: Copied (new)
2026/05/08 17:26:51 INFO  : NYSE_without_fees_2026-04-13_to_2026-04-15/work_dir/backtests_eiie_20260415_023409_job74130_ujrrbycv/runs/run_002/Visualization_valid.png: Copied (new)
2026/05/08 17:26:53 INFO  : NYSE_without_fees_2026-04-13_to_2026-04-15/work_dir/backtests_eiie_20260415_023409_job74130_ujrrbycv/runs/run_002/equity_curve.png: Copied (new)
2026/05/08 17:26:54 INFO  : NYSE_without_fees_2026-04-13_to_2026-04-15/work_dir/backtests_eiie_20260415_123453_job74133_kzz71nh_/runs/run_001/daily_turnover.json: Copied (new)
2026/05/08 17:26:54 INFO  : NYSE_without_fees_2026-04-13_to_2026-04-15/work_dir/backtests_eiie_20260415_023409_job74130_ujrrbycv/runs/run_002/metrics.json: Copied (new)
2026/05/08 17:26:54 INFO  : NYSE_without_fees_2026-04-13_to_2026-04-15/work_dir/backtests_eiie_20260415_123453_job74133_kzz71nh_/runs/run_001/equity_curve.csv: Copied (new)
2026/05/08 17:26:54 INFO  : NYSE_without_fees_2026-04-13_to_2026-04-15/work_dir/backtests_eiie_20260415_123453_job74133_kzz71nh_/runs/run_001/daily_trades.json: Copied (new)
2026/05/08 17:26:55 INFO  : NYSE_without_fees_2026-04-13_to_2026-04-15/work_dir/backtests_eiie_20260415_123453_job74133_kzz71nh_/runs/run_001/Visualization_valid.png: Copied (new)
2026/05/08 17:26:55 INFO  : NYSE_without_fees_2026-04-13_to_2026-04-15/work_dir/backtests_eiie_20260415_123453_job74133_kzz71nh_/runs/run_001/Visualization_test.png: Copied (new)
2026/05/08 17:26:55 INFO  : PSE_without_fees_2026-04-13_to_2026-04-15/work_dir/backtests_eiie_20260414_135115_job74143_q08j1hi1/prepared_data/clean_csv/test.csv: Copied (new)
2026/05/08 17:26:56 INFO  : NYSE_without_fees_2026-04-13_to_2026-04-15/work_dir/backtests_eiie_20260415_123453_job74133_kzz71nh_/runs/run_001/equity_curve.png: Copied (new)
2026/05/08 17:26:59 INFO  : NYSE_without_fees_2026-04-13_to_2026-04-15/work_dir/backtests_eiie_20260415_123453_job74133_kzz71nh_/runs/run_001/metrics.json: Copied (new)
2026/05/08 17:27:00 INFO  : PSE_without_fees_2026-04-13_to_2026-04-15/work_dir/backtests_eiie_20260414_225950_job74146_ur5evt9d/prepared_data/clean_csv/test.csv: Copied (new)
2026/05/08 17:27:01 INFO  : PSE_without_fees_2026-04-13_to_2026-04-15/slurm_logs/tm-eiie-batch-74136.out: Copied (new)
2026/05/08 17:27:02 INFO  : PSE_without_fees_2026-04-13_to_2026-04-15/work_dir/backtests_eiie_20260414_225950_job74146_ur5evt9d/prepared_data/clean_csv/train.csv: Copied (new)
2026/05/08 17:27:02 INFO  : PSE_without_fees_2026-04-13_to_2026-04-15/slurm_logs/tm-eiie-batch-74136.err: Copied (new)
2026/05/08 17:27:02 INFO  : PSE_without_fees_2026-04-13_to_2026-04-15/slurm_logs/tm-eiie-batch-74137.err: Copied (new)
2026/05/08 17:27:02 INFO  : PSE_without_fees_2026-04-13_to_2026-04-15/slurm_logs/tm-eiie-batch-74137.out: Copied (new)
2026/05/08 17:27:02 INFO  : PSE_without_fees_2026-04-13_to_2026-04-15/slurm_logs/tm-eiie-batch-74138.err: Copied (new)
2026/05/08 17:27:02 INFO  : PSE_without_fees_2026-04-13_to_2026-04-15/work_dir/backtests_eiie_20260414_225950_job74146_ur5evt9d/prepared_data/clean_csv/valid.csv: Copied (new)
2026/05/08 17:27:02 INFO  : PSE_without_fees_2026-04-13_to_2026-04-15/slurm_logs/tm-eiie-batch-74138.out: Copied (new)
2026/05/08 17:27:04 INFO  : PSE_without_fees_2026-04-13_to_2026-04-15/slurm_logs/tm-eiie-batch-74139.out: Copied (new)
2026/05/08 17:27:26 INFO  : PSE_without_fees_2026-04-13_to_2026-04-15/slurm_logs/tm-eiie-batch-74141.err: Copied (new)
2026/05/08 17:27:27 INFO  : PSE_without_fees_2026-04-13_to_2026-04-15/slurm_logs/tm-eiie-batch-74142.out: Copied (new)
2026/05/08 17:27:27 INFO  : PSE_without_fees_2026-04-13_to_2026-04-15/slurm_logs/tm-eiie-batch-74140.err: Copied (new)
2026/05/08 17:27:28 INFO  : PSE_without_fees_2026-04-13_to_2026-04-15/slurm_logs/tm-eiie-batch-74139.err: Copied (new)
2026/05/08 17:27:28 INFO  : PSE_without_fees_2026-04-13_to_2026-04-15/slurm_logs/tm-eiie-batch-74141.out: Copied (new)
2026/05/08 17:27:28 INFO  : PSE_without_fees_2026-04-13_to_2026-04-15/slurm_logs/tm-eiie-batch-74142.err: Copied (new)
2026/05/08 17:27:28 INFO  : PSE_without_fees_2026-04-13_to_2026-04-15/slurm_logs/tm-eiie-batch-74144.err: Copied (new)
2026/05/08 17:27:29 INFO  : PSE_without_fees_2026-04-13_to_2026-04-15/slurm_logs/tm-eiie-batch-74140.out: Copied (new)
2026/05/08 17:27:29 INFO  : PSE_without_fees_2026-04-13_to_2026-04-15/slurm_logs/tm-eiie-batch-74146.out: Copied (new)
2026/05/08 17:27:29 INFO  : PSE_without_fees_2026-04-13_to_2026-04-15/slurm_logs/tm-eiie-batch-74143.out: Copied (new)
2026/05/08 17:27:30 INFO  : PSE_without_fees_2026-04-13_to_2026-04-15/slurm_logs/tm-eiie-batch-74144.out: Copied (new)
2026/05/08 17:27:30 INFO  : PSE_without_fees_2026-04-13_to_2026-04-15/slurm_logs/tm-eiie-batch-74145.out: Copied (new)
2026/05/08 17:27:30 INFO  : PSE_without_fees_2026-04-13_to_2026-04-15/slurm_logs/tm-eiie-batch-74145.err: Copied (new)
2026/05/08 17:27:30 INFO  : PSE_without_fees_2026-04-13_to_2026-04-15/slurm_logs/tm-eiie-batch-74146.err: Copied (new)
2026/05/08 17:27:31 INFO  : PSE_without_fees_2026-04-13_to_2026-04-15/slurm_logs/tm-eiie-batch-74147.out: Copied (new)
2026/05/08 17:27:31 INFO  : PSE_without_fees_2026-04-13_to_2026-04-15/slurm_logs/tm-eiie-batch-74143.err: Copied (new)
2026/05/08 17:27:32 INFO  : PSE_without_fees_2026-04-13_to_2026-04-15/slurm_logs/tm-eiie-batch-74148.err: Copied (new)
2026/05/08 17:27:32 INFO  : PSE_without_fees_2026-04-13_to_2026-04-15/slurm_logs/tm-eiie-batch-74149.out: Copied (new)
2026/05/08 17:27:32 INFO  : PSE_without_fees_2026-04-13_to_2026-04-15/slurm_logs/tm-eiie-batch-74148.out: Copied (new)
2026/05/08 17:27:32 INFO  : PSE_without_fees_2026-04-13_to_2026-04-15/slurm_logs/tm-eiie-batch-74149.err: Copied (new)
2026/05/08 17:27:32 INFO  : PSE_without_fees_2026-04-13_to_2026-04-15/slurm_logs/tm-eiie-batch-74150.out: Copied (new)
2026/05/08 17:27:33 INFO  : PSE_without_fees_2026-04-13_to_2026-04-15/slurm_logs/tm-eiie-batch-74150.err: Copied (new)
2026/05/08 17:27:33 INFO  : PSE_without_fees_2026-04-13_to_2026-04-15/slurm_logs/tm-eiie-batch-74147.err: Copied (new)
2026/05/08 17:27:34 INFO  : PSE_without_fees_2026-04-13_to_2026-04-15/slurm_logs/tm-eiie-batch-74151.err: Copied (new)
2026/05/08 17:27:34 INFO  : PSE_without_fees_2026-04-13_to_2026-04-15/slurm_logs/tm-eiie-batch-74151.out: Copied (new)
2026/05/08 17:27:36 INFO  : NYSE_without_fees_2026-04-13_to_2026-04-15/work_dir/backtests_eiie_20260414_094321_job74125_jbo5sdvx/runs/run_001/checkpoints/best.pth: Copied (new)
2026/05/08 17:27:36 INFO  : NYSE_without_fees_2026-04-13_to_2026-04-15/work_dir/backtests_eiie_20260414_094321_job74125_jbo5sdvx/runs/run_001/checkpoints/checkpoint-00005.pth: Copied (new)
2026/05/08 17:27:36 INFO  : NYSE_without_fees_2026-04-13_to_2026-04-15/work_dir/backtests_eiie_20260414_094321_job74125_jbo5sdvx/runs/run_001/checkpoints/checkpoint-00004.pth: Copied (new)
2026/05/08 17:27:36 INFO  : NYSE_without_fees_2026-04-13_to_2026-04-15/work_dir/backtests_eiie_20260414_094321_job74125_jbo5sdvx/runs/run_001/checkpoints/checkpoint-00002.pth: Copied (new)
2026/05/08 17:27:36 INFO  : NYSE_without_fees_2026-04-13_to_2026-04-15/work_dir/backtests_eiie_20260414_094321_job74125_jbo5sdvx/runs/run_001/checkpoints/checkpoint-00003.pth: Copied (new)
2026/05/08 17:27:37 INFO  : NYSE_without_fees_2026-04-13_to_2026-04-15/work_dir/backtests_eiie_20260414_094321_job74125_jbo5sdvx/runs/run_001/checkpoints/checkpoint-00006.pth: Copied (new)
2026/05/08 17:27:37 INFO  : NYSE_without_fees_2026-04-13_to_2026-04-15/work_dir/backtests_eiie_20260414_094321_job74125_jbo5sdvx/runs/run_001/checkpoints/checkpoint-00007.pth: Copied (new)
2026/05/08 17:27:37 INFO  : NYSE_without_fees_2026-04-13_to_2026-04-15/work_dir/backtests_eiie_20260414_094321_job74125_jbo5sdvx/runs/run_001/checkpoints/checkpoint-00001.pth: Copied (new)
2026/05/08 17:27:40 INFO  : NYSE_without_fees_2026-04-13_to_2026-04-15/work_dir/backtests_eiie_20260414_094321_job74125_jbo5sdvx/runs/run_001/checkpoints/checkpoint-00010.pth: Copied (new)
2026/05/08 17:27:41 INFO  : NYSE_without_fees_2026-04-13_to_2026-04-15/work_dir/backtests_eiie_20260414_094321_job74125_jbo5sdvx/runs/run_001/checkpoints/checkpoint-00009.pth: Copied (new)
2026/05/08 17:27:41 INFO  : PSE_without_fees_2026-04-13_to_2026-04-15/work_dir/backtests_eiie_20260414_195953_job74145__xmyv0fz/prepared_data/clean_csv/test.csv: Copied (new)
2026/05/08 17:27:41 INFO  : NYSE_without_fees_2026-04-13_to_2026-04-15/work_dir/backtests_eiie_20260414_094321_job74125_jbo5sdvx/runs/run_001/checkpoints/checkpoint-00008.pth: Copied (new)
2026/05/08 17:27:41 INFO  : PSE_without_fees_2026-04-13_to_2026-04-15/work_dir/backtests_eiie_20260414_195953_job74145__xmyv0fz/prepared_data/clean_csv/valid.csv: Copied (new)
2026/05/08 17:27:42 INFO  : PSE_without_fees_2026-04-13_to_2026-04-15/work_dir/backtests_eiie_20260414_195953_job74145__xmyv0fz/prepared_data/clean_csv/train.csv: Copied (new)
2026/05/08 17:27:45 INFO  : PSE_without_fees_2026-04-13_to_2026-04-15/work_dir/backtests_eiie_20260414_165644_job74144_dbwdzdc8/prepared_data/clean_csv/train.csv: Copied (new)
2026/05/08 17:27:45 INFO  : PSE_without_fees_2026-04-13_to_2026-04-15/work_dir/backtests_eiie_20260414_165644_job74144_dbwdzdc8/prepared_data/clean_csv/test.csv: Copied (new)
2026/05/08 17:27:46 INFO  : NYSE_without_fees_2026-04-13_to_2026-04-15/work_dir/backtests_eiie_20260414_094321_job74125_jbo5sdvx/runs/run_003/Visualization_valid.png: Copied (new)
2026/05/08 17:27:46 INFO  : NYSE_without_fees_2026-04-13_to_2026-04-15/work_dir/backtests_eiie_20260414_094321_job74125_jbo5sdvx/runs/run_003/daily_turnover.json: Copied (new)
2026/05/08 17:27:46 INFO  : NYSE_without_fees_2026-04-13_to_2026-04-15/work_dir/backtests_eiie_20260414_094321_job74125_jbo5sdvx/runs/run_003/equity_curve.csv: Copied (new)
2026/05/08 17:27:46 INFO  : NYSE_without_fees_2026-04-13_to_2026-04-15/work_dir/backtests_eiie_20260414_094321_job74125_jbo5sdvx/runs/run_003/daily_trades.json: Copied (new)
2026/05/08 17:27:46 INFO  : PSE_without_fees_2026-04-13_to_2026-04-15/work_dir/backtests_eiie_20260414_165644_job74144_dbwdzdc8/prepared_data/clean_csv/valid.csv: Copied (new)
2026/05/08 17:27:46 INFO  : NYSE_without_fees_2026-04-13_to_2026-04-15/work_dir/backtests_eiie_20260414_094321_job74125_jbo5sdvx/runs/run_003/Visualization_test.png: Copied (new)
2026/05/08 17:27:47 INFO  : NYSE_without_fees_2026-04-13_to_2026-04-15/work_dir/backtests_eiie_20260414_094321_job74125_jbo5sdvx/runs/run_003/metrics.json: Copied (new)
2026/05/08 17:27:48 INFO  : NYSE_without_fees_2026-04-13_to_2026-04-15/work_dir/backtests_eiie_20260414_094321_job74125_jbo5sdvx/runs/run_003/equity_curve.png: Copied (new)
2026/05/08 17:27:49 INFO  : NYSE_without_fees_2026-04-13_to_2026-04-15/work_dir/backtests_eiie_20260413_201351_job74121_gzd7n48c/runs/run_002/equity_curve.png: Copied (new)
2026/05/08 17:27:49 INFO  : NYSE_without_fees_2026-04-13_to_2026-04-15/work_dir/backtests_eiie_20260413_201351_job74121_gzd7n48c/runs/run_002/equity_curve.csv: Copied (new)
2026/05/08 17:27:49 INFO  : NYSE_without_fees_2026-04-13_to_2026-04-15/work_dir/backtests_eiie_20260413_201351_job74121_gzd7n48c/runs/run_002/daily_trades.json: Copied (new)
2026/05/08 17:27:49 INFO  : NYSE_without_fees_2026-04-13_to_2026-04-15/work_dir/backtests_eiie_20260413_201351_job74121_gzd7n48c/runs/run_002/daily_turnover.json: Copied (new)
2026/05/08 17:27:49 INFO  : NYSE_without_fees_2026-04-13_to_2026-04-15/work_dir/backtests_eiie_20260413_201351_job74121_gzd7n48c/runs/run_002/Visualization_valid.png: Copied (new)
2026/05/08 17:27:50 INFO  : NYSE_without_fees_2026-04-13_to_2026-04-15/work_dir/backtests_eiie_20260413_201351_job74121_gzd7n48c/runs/run_002/metrics.json: Copied (new)
2026/05/08 17:27:51 INFO  : NYSE_without_fees_2026-04-13_to_2026-04-15/work_dir/backtests_eiie_20260415_091734_job74132_bow7t52g/runs/run_001/daily_turnover.json: Copied (new)
2026/05/08 17:27:52 INFO  : NYSE_without_fees_2026-04-13_to_2026-04-15/work_dir/backtests_eiie_20260413_201351_job74121_gzd7n48c/runs/run_002/Visualization_test.png: Copied (new)
2026/05/08 17:27:52 INFO  : NYSE_without_fees_2026-04-13_to_2026-04-15/work_dir/backtests_eiie_20260415_091734_job74132_bow7t52g/runs/run_001/equity_curve.csv: Copied (new)
2026/05/08 17:27:52 INFO  : NYSE_without_fees_2026-04-13_to_2026-04-15/work_dir/backtests_eiie_20260415_091734_job74132_bow7t52g/runs/run_001/metrics.json: Copied (new)
2026/05/08 17:27:52 INFO  : NYSE_without_fees_2026-04-13_to_2026-04-15/work_dir/backtests_eiie_20260415_091734_job74132_bow7t52g/runs/run_001/daily_trades.json: Copied (new)
2026/05/08 17:27:52 INFO  : NYSE_without_fees_2026-04-13_to_2026-04-15/work_dir/backtests_eiie_20260415_091734_job74132_bow7t52g/runs/run_001/Visualization_valid.png: Copied (new)
2026/05/08 17:27:52 INFO  : NYSE_without_fees_2026-04-13_to_2026-04-15/work_dir/backtests_eiie_20260415_091734_job74132_bow7t52g/runs/run_001/Visualization_test.png: Copied (new)
2026/05/08 17:27:53 INFO  : NYSE_without_fees_2026-04-13_to_2026-04-15/work_dir/backtests_eiie_20260415_091734_job74132_bow7t52g/runs/run_001/equity_curve.png: Copied (new)
2026/05/08 17:27:58 INFO  : NYSE_without_fees_2026-04-13_to_2026-04-15/work_dir/backtests_eiie_20260414_030122_job74123_eryaem4m/runs/run_001/checkpoints/best.pth: Copied (new)
2026/05/08 17:27:58 INFO  : PSE_without_fees_2026-04-13_to_2026-04-15/work_dir/backtests_eiie_20260414_045947_job74140_h8ucwjhj/prepared_data/clean_csv/valid.csv: Copied (new)
2026/05/08 17:27:58 INFO  : NYSE_without_fees_2026-04-13_to_2026-04-15/work_dir/backtests_eiie_20260414_030122_job74123_eryaem4m/runs/run_001/checkpoints/checkpoint-00002.pth: Copied (new)
2026/05/08 17:27:58 INFO  : NYSE_without_fees_2026-04-13_to_2026-04-15/work_dir/backtests_eiie_20260414_030122_job74123_eryaem4m/runs/run_001/checkpoints/checkpoint-00001.pth: Copied (new)
2026/05/08 17:27:58 INFO  : NYSE_without_fees_2026-04-13_to_2026-04-15/work_dir/backtests_eiie_20260414_030122_job74123_eryaem4m/runs/run_001/checkpoints/checkpoint-00004.pth: Copied (new)
2026/05/08 17:27:58 INFO  : NYSE_without_fees_2026-04-13_to_2026-04-15/work_dir/backtests_eiie_20260414_030122_job74123_eryaem4m/runs/run_001/checkpoints/checkpoint-00003.pth: Copied (new)
2026/05/08 17:27:59 INFO  : PSE_without_fees_2026-04-13_to_2026-04-15/work_dir/backtests_eiie_20260414_045947_job74140_h8ucwjhj/prepared_data/clean_csv/test.csv: Copied (new)
2026/05/08 17:27:59 INFO  : PSE_without_fees_2026-04-13_to_2026-04-15/work_dir/backtests_eiie_20260414_045947_job74140_h8ucwjhj/prepared_data/clean_csv/train.csv: Copied (new)
2026/05/08 17:28:00 INFO  : NYSE_without_fees_2026-04-13_to_2026-04-15/work_dir/backtests_eiie_20260414_030122_job74123_eryaem4m/runs/run_001/checkpoints/checkpoint-00005.pth: Copied (new)
2026/05/08 17:28:01 INFO  : NYSE_without_fees_2026-04-13_to_2026-04-15/work_dir/backtests_eiie_20260414_030122_job74123_eryaem4m/runs/run_001/checkpoints/checkpoint-00006.pth: Copied (new)
2026/05/08 17:28:01 INFO  : NYSE_without_fees_2026-04-13_to_2026-04-15/work_dir/backtests_eiie_20260414_030122_job74123_eryaem4m/runs/run_001/checkpoints/checkpoint-00008.pth: Copied (new)
2026/05/08 17:28:02 INFO  : NYSE_without_fees_2026-04-13_to_2026-04-15/work_dir/backtests_eiie_20260414_030122_job74123_eryaem4m/runs/run_001/checkpoints/checkpoint-00007.pth: Copied (new)
2026/05/08 17:28:02 INFO  : NYSE_without_fees_2026-04-13_to_2026-04-15/work_dir/backtests_eiie_20260414_030122_job74123_eryaem4m/runs/run_001/checkpoints/checkpoint-00009.pth: Copied (new)
2026/05/08 17:28:02 INFO  : NYSE_without_fees_2026-04-13_to_2026-04-15/work_dir/backtests_eiie_20260414_030122_job74123_eryaem4m/runs/run_001/checkpoints/checkpoint-00010.pth: Copied (new)
2026/05/08 17:28:03 INFO  : PSE_without_fees_2026-04-13_to_2026-04-15/work_dir/backtests_eiie_20260414_015729_job74139_46bfn538/runs/run_001/Visualization_test.png: Copied (new)
2026/05/08 17:28:03 INFO  : PSE_without_fees_2026-04-13_to_2026-04-15/work_dir/backtests_eiie_20260414_015729_job74139_46bfn538/runs/run_001/daily_trades.json: Copied (new)
2026/05/08 17:28:03 INFO  : PSE_without_fees_2026-04-13_to_2026-04-15/work_dir/backtests_eiie_20260414_015729_job74139_46bfn538/runs/run_001/daily_turnover.json: Copied (new)
2026/05/08 17:28:03 INFO  : PSE_without_fees_2026-04-13_to_2026-04-15/work_dir/backtests_eiie_20260414_015729_job74139_46bfn538/runs/run_001/equity_curve.png: Copied (new)
2026/05/08 17:28:03 INFO  : PSE_without_fees_2026-04-13_to_2026-04-15/work_dir/backtests_eiie_20260414_015729_job74139_46bfn538/runs/run_001/Visualization_valid.png: Copied (new)
2026/05/08 17:28:04 INFO  : PSE_without_fees_2026-04-13_to_2026-04-15/work_dir/backtests_eiie_20260414_015729_job74139_46bfn538/runs/run_001/equity_curve.csv: Copied (new)
2026/05/08 17:28:05 INFO  : PSE_without_fees_2026-04-13_to_2026-04-15/work_dir/backtests_eiie_20260414_015729_job74139_46bfn538/runs/run_001/metrics.json: Copied (new)
2026/05/08 17:29:00 INFO  : PSE_without_fees_2026-04-13_to_2026-04-15/work_dir/backtests_eiie_20260415_080216_job74149_0mddw9l9/runs/run_001test_result.csv: Copied (new)
2026/05/08 17:29:02 INFO  : PSE_without_fees_2026-04-13_to_2026-04-15/work_dir/backtests_eiie_20260414_135115_job74143_q08j1hi1/runs/run_001/daily_trades.json: Copied (new)
2026/05/08 17:29:02 INFO  : PSE_without_fees_2026-04-13_to_2026-04-15/work_dir/backtests_eiie_20260415_080216_job74149_0mddw9l9/runs/run_003test_result.csv: Copied (new)
2026/05/08 17:29:02 INFO  : PSE_without_fees_2026-04-13_to_2026-04-15/work_dir/backtests_eiie_20260415_080216_job74149_0mddw9l9/runs/run_004test_result.csv: Copied (new)
2026/05/08 17:29:02 INFO  : PSE_without_fees_2026-04-13_to_2026-04-15/work_dir/backtests_eiie_20260415_080216_job74149_0mddw9l9/runs/run_002test_result.csv: Copied (new)
2026/05/08 17:29:03 INFO  : PSE_without_fees_2026-04-13_to_2026-04-15/work_dir/backtests_eiie_20260414_135115_job74143_q08j1hi1/runs/run_001/Visualization_test.png: Copied (new)
2026/05/08 17:29:03 INFO  : PSE_without_fees_2026-04-13_to_2026-04-15/work_dir/backtests_eiie_20260414_135115_job74143_q08j1hi1/runs/run_001/equity_curve.csv: Copied (new)
2026/05/08 17:29:43 INFO  : NYSE_without_fees_2026-04-13_to_2026-04-15/work_dir/backtests_eiie_20260415_155439_job74134_d24w3yak/runs/run_001/Visualization_valid.png: Copied (new)
2026/05/08 17:29:43 INFO  : NYSE_without_fees_2026-04-13_to_2026-04-15/work_dir/backtests_eiie_20260415_155439_job74134_d24w3yak/runs/run_001/daily_trades.json: Copied (new)
2026/05/08 17:29:43 INFO  : NYSE_without_fees_2026-04-13_to_2026-04-15/work_dir/backtests_eiie_20260415_155439_job74134_d24w3yak/runs/run_001/Visualization_test.png: Copied (new)
2026/05/08 17:29:45 INFO  : NYSE_without_fees_2026-04-13_to_2026-04-15/work_dir/backtests_eiie_20260415_155439_job74134_d24w3yak/runs/run_001/daily_turnover.json: Copied (new)
2026/05/08 17:29:45 INFO  : NYSE_without_fees_2026-04-13_to_2026-04-15/work_dir/backtests_eiie_20260415_155439_job74134_d24w3yak/runs/run_001/equity_curve.csv: Copied (new)
2026/05/08 17:29:46 INFO  : NYSE_without_fees_2026-04-13_to_2026-04-15/work_dir/backtests_eiie_20260415_155439_job74134_d24w3yak/runs/run_001/metrics.json: Copied (new)
2026/05/08 17:29:46 INFO  : NYSE_without_fees_2026-04-13_to_2026-04-15/work_dir/backtests_eiie_20260415_155439_job74134_d24w3yak/runs/run_001/equity_curve.png: Copied (new)
2026/05/08 17:29:48 INFO  : NYSE_without_fees_2026-04-13_to_2026-04-15/work_dir/backtests_eiie_20260415_191636_job74135_ysebkrl3/runs/run_002/daily_trades.json: Copied (new)
2026/05/08 17:29:49 INFO  : NYSE_without_fees_2026-04-13_to_2026-04-15/work_dir/backtests_eiie_20260415_191636_job74135_ysebkrl3/runs/run_002/Visualization_test.png: Copied (new)
2026/05/08 17:29:49 INFO  : NYSE_without_fees_2026-04-13_to_2026-04-15/work_dir/backtests_eiie_20260415_191636_job74135_ysebkrl3/runs/run_002/Visualization_valid.png: Copied (new)
2026/05/08 17:29:50 INFO  : NYSE_without_fees_2026-04-13_to_2026-04-15/work_dir/backtests_eiie_20260415_191636_job74135_ysebkrl3/runs/run_002/daily_turnover.json: Copied (new)
2026/05/08 17:29:51 INFO  : NYSE_without_fees_2026-04-13_to_2026-04-15/work_dir/backtests_eiie_20260415_191636_job74135_ysebkrl3/runs/run_002/metrics.json: Copied (new)
2026/05/08 17:29:51 INFO  : NYSE_without_fees_2026-04-13_to_2026-04-15/work_dir/backtests_eiie_20260415_191636_job74135_ysebkrl3/runs/run_002/equity_curve.csv: Copied (new)
2026/05/08 17:29:52 INFO  : NYSE_without_fees_2026-04-13_to_2026-04-15/work_dir/backtests_eiie_20260415_191636_job74135_ysebkrl3/runs/run_002/equity_curve.png: Copied (new)
2026/05/08 17:29:54 INFO  : NYSE_without_fees_2026-04-13_to_2026-04-15/work_dir/backtests_eiie_20260414_030122_job74123_eryaem4m/runs/run_003/daily_trades.json: Copied (new)
2026/05/08 17:29:55 INFO  : NYSE_without_fees_2026-04-13_to_2026-04-15/work_dir/backtests_eiie_20260414_030122_job74123_eryaem4m/runs/run_003/Visualization_test.png: Copied (new)
2026/05/08 17:29:55 INFO  : NYSE_without_fees_2026-04-13_to_2026-04-15/work_dir/backtests_eiie_20260414_030122_job74123_eryaem4m/runs/run_003/Visualization_valid.png: Copied (new)
2026/05/08 17:29:56 INFO  : NYSE_without_fees_2026-04-13_to_2026-04-15/work_dir/backtests_eiie_20260414_030122_job74123_eryaem4m/runs/run_003/daily_turnover.json: Copied (new)
2026/05/08 17:29:57 INFO  : NYSE_without_fees_2026-04-13_to_2026-04-15/work_dir/backtests_eiie_20260414_030122_job74123_eryaem4m/runs/run_003/metrics.json: Copied (new)
2026/05/08 17:29:58 INFO  : PSE_without_fees_2026-04-13_to_2026-04-15/work_dir/backtests_eiie_20260415_080216_job74149_0mddw9l9/runs/run_005test_result.csv: Copied (new)
2026/05/08 17:29:58 INFO  : PSE_without_fees_2026-04-13_to_2026-04-15/work_dir/backtests_eiie_20260414_135115_job74143_q08j1hi1/runs/run_001/daily_turnover.json: Copied (new)
2026/05/08 17:29:58 INFO  : PSE_without_fees_2026-04-13_to_2026-04-15/work_dir/backtests_eiie_20260414_135115_job74143_q08j1hi1/runs/run_001/equity_curve.png: Copied (new)
2026/05/08 17:30:01 INFO  : NYSE_without_fees_2026-04-13_to_2026-04-15/work_dir/backtests_eiie_20260414_231549_job74129_qj7ppkrx/runs/run_002/checkpoints/best.pth: Copied (new)
2026/05/08 17:30:01 INFO  : PSE_without_fees_2026-04-13_to_2026-04-15/work_dir/backtests_eiie_20260414_135115_job74143_q08j1hi1/runs/run_001/metrics.json: Copied (new)
2026/05/08 17:30:01 INFO  : NYSE_without_fees_2026-04-13_to_2026-04-15/work_dir/backtests_eiie_20260414_030122_job74123_eryaem4m/runs/run_003/equity_curve.csv: Copied (new)
2026/05/08 17:30:01 INFO  : NYSE_without_fees_2026-04-13_to_2026-04-15/work_dir/backtests_eiie_20260414_231549_job74129_qj7ppkrx/runs/run_002/checkpoints/checkpoint-00002.pth: Copied (new)
2026/05/08 17:30:01 INFO  : NYSE_without_fees_2026-04-13_to_2026-04-15/work_dir/backtests_eiie_20260414_231549_job74129_qj7ppkrx/runs/run_002/checkpoints/checkpoint-00001.pth: Copied (new)
2026/05/08 17:30:01 INFO  : NYSE_without_fees_2026-04-13_to_2026-04-15/work_dir/backtests_eiie_20260414_231549_job74129_qj7ppkrx/runs/run_002/checkpoints/checkpoint-00003.pth: Copied (new)
2026/05/08 17:30:01 INFO  : PSE_without_fees_2026-04-13_to_2026-04-15/work_dir/backtests_eiie_20260414_135115_job74143_q08j1hi1/runs/run_001/Visualization_valid.png: Copied (new)
2026/05/08 17:30:02 INFO  : NYSE_without_fees_2026-04-13_to_2026-04-15/work_dir/backtests_eiie_20260414_030122_job74123_eryaem4m/runs/run_003/equity_curve.png: Copied (new)
2026/05/08 17:30:02 INFO  : NYSE_without_fees_2026-04-13_to_2026-04-15/work_dir/backtests_eiie_20260414_231549_job74129_qj7ppkrx/runs/run_002/checkpoints/checkpoint-00004.pth: Copied (new)
2026/05/08 17:30:03 INFO  : NYSE_without_fees_2026-04-13_to_2026-04-15/work_dir/backtests_eiie_20260414_231549_job74129_qj7ppkrx/runs/run_002/checkpoints/checkpoint-00005.pth: Copied (new)
2026/05/08 17:30:03 INFO  : NYSE_without_fees_2026-04-13_to_2026-04-15/work_dir/backtests_eiie_20260414_231549_job74129_qj7ppkrx/runs/run_002/checkpoints/checkpoint-00006.pth: Copied (new)
2026/05/08 17:30:03 INFO  : NYSE_without_fees_2026-04-13_to_2026-04-15/work_dir/backtests_eiie_20260414_231549_job74129_qj7ppkrx/runs/run_002/checkpoints/checkpoint-00007.pth: Copied (new)
2026/05/08 17:30:03 INFO  : NYSE_without_fees_2026-04-13_to_2026-04-15/work_dir/backtests_eiie_20260414_231549_job74129_qj7ppkrx/runs/run_002/checkpoints/checkpoint-00010.pth: Copied (new)
2026/05/08 17:30:04 INFO  : NYSE_without_fees_2026-04-13_to_2026-04-15/work_dir/backtests_eiie_20260414_231549_job74129_qj7ppkrx/runs/run_002/checkpoints/checkpoint-00009.pth: Copied (new)
2026/05/08 17:30:04 INFO  : NYSE_without_fees_2026-04-13_to_2026-04-15/work_dir/backtests_eiie_20260414_231549_job74129_qj7ppkrx/runs/run_002/checkpoints/checkpoint-00008.pth: Copied (new)
2026/05/08 17:30:26 INFO  : PSE_without_fees_2026-04-13_to_2026-04-15/work_dir/backtests_eiie_20260414_105331_job74142_ufplj8k7/runs/run_001/daily_trades.json: Copied (new)
2026/05/08 17:30:27 INFO  : PSE_without_fees_2026-04-13_to_2026-04-15/work_dir/backtests_eiie_20260414_105331_job74142_ufplj8k7/runs/run_001/equity_curve.png: Copied (new)
2026/05/08 17:30:27 INFO  : PSE_without_fees_2026-04-13_to_2026-04-15/work_dir/backtests_eiie_20260414_105331_job74142_ufplj8k7/runs/run_001/daily_turnover.json: Copied (new)
2026/05/08 17:30:27 INFO  : PSE_without_fees_2026-04-13_to_2026-04-15/work_dir/backtests_eiie_20260414_105331_job74142_ufplj8k7/runs/run_001/metrics.json: Copied (new)
2026/05/08 17:30:27 INFO  : PSE_without_fees_2026-04-13_to_2026-04-15/work_dir/backtests_eiie_20260415_045928_job74148_9gausy9d/runs/run_001test_result.csv: Copied (new)
2026/05/08 17:30:27 INFO  : PSE_without_fees_2026-04-13_to_2026-04-15/work_dir/backtests_eiie_20260414_105331_job74142_ufplj8k7/runs/run_001/Visualization_valid.png: Copied (new)
2026/05/08 17:30:28 INFO  : PSE_without_fees_2026-04-13_to_2026-04-15/work_dir/backtests_eiie_20260414_105331_job74142_ufplj8k7/runs/run_001/Visualization_test.png: Copied (new)
2026/05/08 17:30:28 INFO  : PSE_without_fees_2026-04-13_to_2026-04-15/work_dir/backtests_eiie_20260414_105331_job74142_ufplj8k7/runs/run_001/equity_curve.csv: Copied (new)
2026/05/08 17:30:28 INFO  : PSE_without_fees_2026-04-13_to_2026-04-15/work_dir/backtests_eiie_20260415_045928_job74148_9gausy9d/runs/run_003test_result.csv: Copied (new)
2026/05/08 17:30:28 INFO  : PSE_without_fees_2026-04-13_to_2026-04-15/work_dir/backtests_eiie_20260415_045928_job74148_9gausy9d/runs/run_002test_result.csv: Copied (new)
2026/05/08 17:30:30 INFO  : PSE_without_fees_2026-04-13_to_2026-04-15/work_dir/backtests_eiie_20260415_045928_job74148_9gausy9d/runs/run_005test_result.csv: Copied (new)
2026/05/08 17:30:31 INFO  : PSE_without_fees_2026-04-13_to_2026-04-15/work_dir/backtests_eiie_20260413_195251_job74137_dvcd7s8x/runs/run_001/equity_curve.csv: Copied (new)
2026/05/08 17:30:32 INFO  : PSE_without_fees_2026-04-13_to_2026-04-15/work_dir/backtests_eiie_20260415_045928_job74148_9gausy9d/runs/run_004test_result.csv: Copied (new)
2026/05/08 17:30:32 INFO  : PSE_without_fees_2026-04-13_to_2026-04-15/work_dir/backtests_eiie_20260413_195251_job74137_dvcd7s8x/runs/run_001/daily_trades.json: Copied (new)
2026/05/08 17:30:32 INFO  : PSE_without_fees_2026-04-13_to_2026-04-15/work_dir/backtests_eiie_20260413_195251_job74137_dvcd7s8x/runs/run_001/Visualization_test.png: Copied (new)
2026/05/08 17:30:32 INFO  : PSE_without_fees_2026-04-13_to_2026-04-15/work_dir/backtests_eiie_20260413_195251_job74137_dvcd7s8x/runs/run_001/metrics.json: Copied (new)
2026/05/08 17:30:32 INFO  : PSE_without_fees_2026-04-13_to_2026-04-15/work_dir/backtests_eiie_20260413_195251_job74137_dvcd7s8x/runs/run_001/Visualization_valid.png: Copied (new)
2026/05/08 17:30:33 INFO  : PSE_without_fees_2026-04-13_to_2026-04-15/work_dir/backtests_eiie_20260413_195251_job74137_dvcd7s8x/runs/run_001/daily_turnover.json: Copied (new)
2026/05/08 17:30:33 INFO  : PSE_without_fees_2026-04-13_to_2026-04-15/work_dir/backtests_eiie_20260413_195251_job74137_dvcd7s8x/runs/run_001/equity_curve.png: Copied (new)
2026/05/08 17:30:35 INFO  : NYSE_without_fees_2026-04-13_to_2026-04-15/work_dir/backtests_eiie_20260414_163153_job74127_5c1ikwkh/runs/run_003/checkpoints/best.pth: Copied (new)
2026/05/08 17:30:36 INFO  : NYSE_without_fees_2026-04-13_to_2026-04-15/work_dir/backtests_eiie_20260414_163153_job74127_5c1ikwkh/runs/run_003/checkpoints/checkpoint-00001.pth: Copied (new)
2026/05/08 17:30:36 INFO  : NYSE_without_fees_2026-04-13_to_2026-04-15/work_dir/backtests_eiie_20260414_163153_job74127_5c1ikwkh/runs/run_003/checkpoints/checkpoint-00002.pth: Copied (new)
2026/05/08 17:30:36 INFO  : NYSE_without_fees_2026-04-13_to_2026-04-15/work_dir/backtests_eiie_20260414_163153_job74127_5c1ikwkh/runs/run_003/checkpoints/checkpoint-00006.pth: Copied (new)
2026/05/08 17:30:36 INFO  : NYSE_without_fees_2026-04-13_to_2026-04-15/work_dir/backtests_eiie_20260414_163153_job74127_5c1ikwkh/runs/run_003/checkpoints/checkpoint-00007.pth: Copied (new)
2026/05/08 17:30:36 INFO  : NYSE_without_fees_2026-04-13_to_2026-04-15/work_dir/backtests_eiie_20260414_163153_job74127_5c1ikwkh/runs/run_003/checkpoints/checkpoint-00004.pth: Copied (new)
2026/05/08 17:30:36 INFO  : NYSE_without_fees_2026-04-13_to_2026-04-15/work_dir/backtests_eiie_20260414_163153_job74127_5c1ikwkh/runs/run_003/checkpoints/checkpoint-00003.pth: Copied (new)
2026/05/08 17:30:36 INFO  : NYSE_without_fees_2026-04-13_to_2026-04-15/work_dir/backtests_eiie_20260414_163153_job74127_5c1ikwkh/runs/run_003/checkpoints/checkpoint-00005.pth: Copied (new)
2026/05/08 17:30:42 INFO  : NYSE_without_fees_2026-04-13_to_2026-04-15/work_dir/backtests_eiie_20260414_163153_job74127_5c1ikwkh/runs/run_003/checkpoints/checkpoint-00009.pth: Copied (new)
2026/05/08 17:30:42 INFO  : NYSE_without_fees_2026-04-13_to_2026-04-15/work_dir/backtests_eiie_20260414_163153_job74127_5c1ikwkh/runs/run_003/checkpoints/checkpoint-00010.pth: Copied (new)
2026/05/08 17:30:42 INFO  : NYSE_without_fees_2026-04-13_to_2026-04-15/work_dir/backtests_eiie_20260414_163153_job74127_5c1ikwkh/runs/run_003/checkpoints/checkpoint-00008.pth: Copied (new)
2026/05/08 17:30:42 INFO  : PSE_without_fees_2026-04-13_to_2026-04-15/work_dir/backtests_eiie_20260415_020042_job74147_86qdx6pe/prepared_data/clean_csv/test.csv: Copied (new)
2026/05/08 17:30:43 INFO  : NYSE_without_fees_2026-04-13_to_2026-04-15/work_dir/backtests_eiie_20260414_163153_job74127_5c1ikwkh/runs/run_005/daily_turnover.json: Copied (new)
2026/05/08 17:30:43 INFO  : PSE_without_fees_2026-04-13_to_2026-04-15/work_dir/backtests_eiie_20260415_020042_job74147_86qdx6pe/prepared_data/clean_csv/valid.csv: Copied (new)
2026/05/08 17:30:44 INFO  : NYSE_without_fees_2026-04-13_to_2026-04-15/work_dir/backtests_eiie_20260414_163153_job74127_5c1ikwkh/runs/run_005/Visualization_valid.png: Copied (new)
2026/05/08 17:30:44 INFO  : NYSE_without_fees_2026-04-13_to_2026-04-15/work_dir/backtests_eiie_20260414_163153_job74127_5c1ikwkh/runs/run_005/Visualization_test.png: Copied (new)
2026/05/08 17:30:44 INFO  : NYSE_without_fees_2026-04-13_to_2026-04-15/work_dir/backtests_eiie_20260414_163153_job74127_5c1ikwkh/runs/run_005/daily_trades.json: Copied (new)
2026/05/08 17:30:44 INFO  : NYSE_without_fees_2026-04-13_to_2026-04-15/work_dir/backtests_eiie_20260414_163153_job74127_5c1ikwkh/runs/run_005/equity_curve.csv: Copied (new)
2026/05/08 17:30:44 INFO  : PSE_without_fees_2026-04-13_to_2026-04-15/work_dir/backtests_eiie_20260415_020042_job74147_86qdx6pe/prepared_data/clean_csv/train.csv: Copied (new)
2026/05/08 17:30:45 INFO  : NYSE_without_fees_2026-04-13_to_2026-04-15/work_dir/backtests_eiie_20260414_163153_job74127_5c1ikwkh/runs/run_005/equity_curve.png: Copied (new)
2026/05/08 17:30:47 INFO  : NYSE_without_fees_2026-04-13_to_2026-04-15/work_dir/backtests_eiie_20260414_062011_job74124_5nwqr3ja/runs/run_003/checkpoints/best.pth: Copied (new)
2026/05/08 17:30:47 INFO  : NYSE_without_fees_2026-04-13_to_2026-04-15/work_dir/backtests_eiie_20260414_163153_job74127_5c1ikwkh/runs/run_005/metrics.json: Copied (new)
2026/05/08 17:30:47 INFO  : NYSE_without_fees_2026-04-13_to_2026-04-15/work_dir/backtests_eiie_20260414_062011_job74124_5nwqr3ja/runs/run_003/checkpoints/checkpoint-00003.pth: Copied (new)
2026/05/08 17:30:47 INFO  : NYSE_without_fees_2026-04-13_to_2026-04-15/work_dir/backtests_eiie_20260414_062011_job74124_5nwqr3ja/runs/run_003/checkpoints/checkpoint-00004.pth: Copied (new)
2026/05/08 17:30:47 INFO  : NYSE_without_fees_2026-04-13_to_2026-04-15/work_dir/backtests_eiie_20260414_062011_job74124_5nwqr3ja/runs/run_003/checkpoints/checkpoint-00001.pth: Copied (new)
2026/05/08 17:30:48 INFO  : NYSE_without_fees_2026-04-13_to_2026-04-15/work_dir/backtests_eiie_20260414_062011_job74124_5nwqr3ja/runs/run_003/checkpoints/checkpoint-00005.pth: Copied (new)
2026/05/08 17:30:48 INFO  : NYSE_without_fees_2026-04-13_to_2026-04-15/work_dir/backtests_eiie_20260414_062011_job74124_5nwqr3ja/runs/run_003/checkpoints/checkpoint-00002.pth: Copied (new)
2026/05/08 17:30:48 INFO  : NYSE_without_fees_2026-04-13_to_2026-04-15/work_dir/backtests_eiie_20260414_062011_job74124_5nwqr3ja/runs/run_003/checkpoints/checkpoint-00006.pth: Copied (new)
2026/05/08 17:30:48 INFO  : NYSE_without_fees_2026-04-13_to_2026-04-15/work_dir/backtests_eiie_20260414_062011_job74124_5nwqr3ja/runs/run_003/checkpoints/checkpoint-00007.pth: Copied (new)
2026/05/08 17:30:51 INFO  : PSE_without_fees_2026-04-13_to_2026-04-15/work_dir/backtests_eiie_20260414_225950_job74146_ur5evt9d/runs/run_001/daily_trades.json: Copied (new)
2026/05/08 17:30:51 INFO  : NYSE_without_fees_2026-04-13_to_2026-04-15/work_dir/backtests_eiie_20260414_062011_job74124_5nwqr3ja/runs/run_003/checkpoints/checkpoint-00009.pth: Copied (new)
2026/05/08 17:30:52 INFO  : NYSE_without_fees_2026-04-13_to_2026-04-15/work_dir/backtests_eiie_20260414_062011_job74124_5nwqr3ja/runs/run_003/checkpoints/checkpoint-00008.pth: Copied (new)
2026/05/08 17:30:52 INFO  : NYSE_without_fees_2026-04-13_to_2026-04-15/work_dir/backtests_eiie_20260414_062011_job74124_5nwqr3ja/runs/run_003/checkpoints/checkpoint-00010.pth: Copied (new)
2026/05/08 17:30:52 INFO  : PSE_without_fees_2026-04-13_to_2026-04-15/work_dir/backtests_eiie_20260414_225950_job74146_ur5evt9d/runs/run_001/equity_curve.csv: Copied (new)
2026/05/08 17:30:52 INFO  : PSE_without_fees_2026-04-13_to_2026-04-15/work_dir/backtests_eiie_20260414_225950_job74146_ur5evt9d/runs/run_001/Visualization_test.png: Copied (new)
2026/05/08 17:30:52 INFO  : PSE_without_fees_2026-04-13_to_2026-04-15/work_dir/backtests_eiie_20260414_225950_job74146_ur5evt9d/runs/run_001/daily_turnover.json: Copied (new)
2026/05/08 17:30:52 INFO  : PSE_without_fees_2026-04-13_to_2026-04-15/work_dir/backtests_eiie_20260414_225950_job74146_ur5evt9d/runs/run_001/Visualization_valid.png: Copied (new)
2026/05/08 17:30:53 INFO  : PSE_without_fees_2026-04-13_to_2026-04-15/work_dir/backtests_eiie_20260414_225950_job74146_ur5evt9d/runs/run_001/equity_curve.png: Copied (new)
2026/05/08 17:30:55 INFO  : PSE_without_fees_2026-04-13_to_2026-04-15/work_dir/backtests_eiie_20260414_225950_job74146_ur5evt9d/runs/run_001/metrics.json: Copied (new)
2026/05/08 17:30:56 INFO  : NYSE_without_fees_2026-04-13_to_2026-04-15/work_dir/backtests_eiie_20260413_233931_job74122_rnnteafq/manifest.json: Copied (new)
2026/05/08 17:30:56 INFO  : NYSE_without_fees_2026-04-13_to_2026-04-15/work_dir/backtests_eiie_20260413_233931_job74122_rnnteafq/summary.json: Copied (new)
2026/05/08 17:30:57 INFO  : NYSE_without_fees_2026-04-13_to_2026-04-15/work_dir/backtests_eiie_20260413_233931_job74122_rnnteafq/total_return_hist.png: Copied (new)
2026/05/08 17:30:57 INFO  : NYSE_without_fees_2026-04-13_to_2026-04-15/work_dir/backtests_eiie_20260414_130918_job74126_62nqsn3t/runs/run_001/checkpoints/checkpoint-00001.pth: Copied (new)
2026/05/08 17:30:58 INFO  : NYSE_without_fees_2026-04-13_to_2026-04-15/work_dir/backtests_eiie_20260414_130918_job74126_62nqsn3t/runs/run_001/checkpoints/best.pth: Copied (new)
2026/05/08 17:30:58 INFO  : NYSE_without_fees_2026-04-13_to_2026-04-15/work_dir/backtests_eiie_20260413_233931_job74122_rnnteafq/all_runs_metrics.csv: Copied (new)
2026/05/08 17:30:58 INFO  : NYSE_without_fees_2026-04-13_to_2026-04-15/work_dir/backtests_eiie_20260414_130918_job74126_62nqsn3t/runs/run_001/checkpoints/checkpoint-00003.pth: Copied (new)
2026/05/08 17:30:58 INFO  : NYSE_without_fees_2026-04-13_to_2026-04-15/work_dir/backtests_eiie_20260414_130918_job74126_62nqsn3t/runs/run_001/checkpoints/checkpoint-00002.pth: Copied (new)
2026/05/08 17:30:58 INFO  : NYSE_without_fees_2026-04-13_to_2026-04-15/work_dir/backtests_eiie_20260414_130918_job74126_62nqsn3t/runs/run_001/checkpoints/checkpoint-00005.pth: Copied (new)
2026/05/08 17:30:59 INFO  : NYSE_without_fees_2026-04-13_to_2026-04-15/work_dir/backtests_eiie_20260414_130918_job74126_62nqsn3t/runs/run_001/checkpoints/checkpoint-00004.pth: Copied (new)
2026/05/08 17:30:59 INFO  : NYSE_without_fees_2026-04-13_to_2026-04-15/work_dir/backtests_eiie_20260414_130918_job74126_62nqsn3t/runs/run_001/checkpoints/checkpoint-00007.pth: Copied (new)
2026/05/08 17:30:59 INFO  : NYSE_without_fees_2026-04-13_to_2026-04-15/work_dir/backtests_eiie_20260414_130918_job74126_62nqsn3t/runs/run_001/checkpoints/checkpoint-00006.pth: Copied (new)
2026/05/08 17:31:00 INFO  : NYSE_without_fees_2026-04-13_to_2026-04-15/work_dir/backtests_eiie_20260414_130918_job74126_62nqsn3t/runs/run_001/checkpoints/checkpoint-00008.pth: Copied (new)
2026/05/08 17:31:30 INFO  : NYSE_without_fees_2026-04-13_to_2026-04-15/work_dir/backtests_eiie_20260414_130918_job74126_62nqsn3t/runs/run_001/checkpoints/checkpoint-00009.pth: Copied (new)
2026/05/08 17:31:32 INFO  : PSE_without_fees_2026-04-13_to_2026-04-15/work_dir/backtests_eiie_20260413_165222_job74136_gkc4fhnc/runs/run_001/metrics.json: Copied (new)
2026/05/08 17:31:37 INFO  : NYSE_without_fees_2026-04-13_to_2026-04-15/work_dir/backtests_eiie_20260415_055739_job74131_tpjgyzkc/runs/run_002/Visualization_test.png: Copied (new)
2026/05/08 17:31:38 INFO  : NYSE_without_fees_2026-04-13_to_2026-04-15/work_dir/backtests_eiie_20260414_130918_job74126_62nqsn3t/runs/run_001/checkpoints/checkpoint-00010.pth: Copied (new)
2026/05/08 17:31:38 INFO  : PSE_without_fees_2026-04-13_to_2026-04-15/work_dir/backtests_eiie_20260413_165222_job74136_gkc4fhnc/runs/run_001/daily_trades.json: Copied (new)
2026/05/08 17:31:39 INFO  : PSE_without_fees_2026-04-13_to_2026-04-15/work_dir/backtests_eiie_20260413_165222_job74136_gkc4fhnc/runs/run_001/equity_curve.csv: Copied (new)
2026/05/08 17:31:39 INFO  : PSE_without_fees_2026-04-13_to_2026-04-15/work_dir/backtests_eiie_20260413_165222_job74136_gkc4fhnc/runs/run_001/equity_curve.png: Copied (new)
2026/05/08 17:31:39 INFO  : PSE_without_fees_2026-04-13_to_2026-04-15/work_dir/backtests_eiie_20260413_165222_job74136_gkc4fhnc/runs/run_001/Visualization_test.png: Copied (new)
2026/05/08 17:31:39 INFO  : NYSE_without_fees_2026-04-13_to_2026-04-15/work_dir/backtests_eiie_20260415_055739_job74131_tpjgyzkc/runs/run_002/Visualization_valid.png: Copied (new)
2026/05/08 17:31:39 INFO  : PSE_without_fees_2026-04-13_to_2026-04-15/work_dir/backtests_eiie_20260413_165222_job74136_gkc4fhnc/runs/run_001/daily_turnover.json: Copied (new)
2026/05/08 17:31:40 INFO  : PSE_without_fees_2026-04-13_to_2026-04-15/work_dir/backtests_eiie_20260413_165222_job74136_gkc4fhnc/runs/run_001/Visualization_valid.png: Copied (new)
2026/05/08 17:31:41 INFO  : NYSE_without_fees_2026-04-13_to_2026-04-15/work_dir/backtests_eiie_20260415_055739_job74131_tpjgyzkc/runs/run_002/daily_turnover.json: Copied (new)
2026/05/08 17:31:41 INFO  : NYSE_without_fees_2026-04-13_to_2026-04-15/work_dir/backtests_eiie_20260415_055739_job74131_tpjgyzkc/runs/run_002/daily_trades.json: Copied (new)
2026/05/08 17:31:41 INFO  : NYSE_without_fees_2026-04-13_to_2026-04-15/work_dir/backtests_eiie_20260415_055739_job74131_tpjgyzkc/runs/run_002/equity_curve.csv: Copied (new)
2026/05/08 17:31:42 INFO  : NYSE_without_fees_2026-04-13_to_2026-04-15/work_dir/backtests_eiie_20260415_055739_job74131_tpjgyzkc/runs/run_002/equity_curve.png: Copied (new)
2026/05/08 17:31:42 INFO  : NYSE_without_fees_2026-04-13_to_2026-04-15/work_dir/backtests_eiie_20260413_165222_job74120_idnmrt72/all_runs_metrics.csv: Copied (new)
2026/05/08 17:31:43 INFO  : NYSE_without_fees_2026-04-13_to_2026-04-15/work_dir/backtests_eiie_20260415_055739_job74131_tpjgyzkc/runs/run_002/metrics.json: Copied (new)
2026/05/08 17:31:44 INFO  : NYSE_without_fees_2026-04-13_to_2026-04-15/work_dir/backtests_eiie_20260413_165222_job74120_idnmrt72/summary.json: Copied (new)
2026/05/08 17:31:45 INFO  : NYSE_without_fees_2026-04-13_to_2026-04-15/work_dir/backtests_eiie_20260415_023409_job74130_ujrrbycv/runs/run_001/checkpoints/checkpoint-00001.pth: Copied (new)
2026/05/08 17:31:45 INFO  : NYSE_without_fees_2026-04-13_to_2026-04-15/work_dir/backtests_eiie_20260415_023409_job74130_ujrrbycv/runs/run_001/checkpoints/best.pth: Copied (new)
2026/05/08 17:31:45 INFO  : NYSE_without_fees_2026-04-13_to_2026-04-15/work_dir/backtests_eiie_20260413_165222_job74120_idnmrt72/manifest.json: Copied (new)
2026/05/08 17:31:45 INFO  : NYSE_without_fees_2026-04-13_to_2026-04-15/work_dir/backtests_eiie_20260415_023409_job74130_ujrrbycv/runs/run_001/checkpoints/checkpoint-00004.pth: Copied (new)
2026/05/08 17:31:45 INFO  : NYSE_without_fees_2026-04-13_to_2026-04-15/work_dir/backtests_eiie_20260415_023409_job74130_ujrrbycv/runs/run_001/checkpoints/checkpoint-00002.pth: Copied (new)
2026/05/08 17:31:46 INFO  : NYSE_without_fees_2026-04-13_to_2026-04-15/work_dir/backtests_eiie_20260413_165222_job74120_idnmrt72/total_return_hist.png: Copied (new)
2026/05/08 17:31:46 INFO  : NYSE_without_fees_2026-04-13_to_2026-04-15/work_dir/backtests_eiie_20260415_023409_job74130_ujrrbycv/runs/run_001/checkpoints/checkpoint-00003.pth: Copied (new)
2026/05/08 17:31:46 INFO  : NYSE_without_fees_2026-04-13_to_2026-04-15/work_dir/backtests_eiie_20260415_023409_job74130_ujrrbycv/runs/run_001/checkpoints/checkpoint-00005.pth: Copied (new)
2026/05/08 17:31:46 INFO  : NYSE_without_fees_2026-04-13_to_2026-04-15/work_dir/backtests_eiie_20260415_023409_job74130_ujrrbycv/runs/run_001/checkpoints/checkpoint-00006.pth: Copied (new)
2026/05/08 17:31:48 INFO  : NYSE_without_fees_2026-04-13_to_2026-04-15/work_dir/backtests_eiie_20260415_023409_job74130_ujrrbycv/runs/run_001/checkpoints/checkpoint-00008.pth: Copied (new)
2026/05/08 17:31:49 INFO  : NYSE_without_fees_2026-04-13_to_2026-04-15/work_dir/backtests_eiie_20260415_023409_job74130_ujrrbycv/runs/run_001/checkpoints/checkpoint-00010.pth: Copied (new)
2026/05/08 17:31:49 INFO  : NYSE_without_fees_2026-04-13_to_2026-04-15/work_dir/backtests_eiie_20260415_023409_job74130_ujrrbycv/runs/run_001/checkpoints/checkpoint-00007.pth: Copied (new)
2026/05/08 17:31:49 INFO  : NYSE_without_fees_2026-04-13_to_2026-04-15/work_dir/backtests_eiie_20260415_023409_job74130_ujrrbycv/runs/run_001/checkpoints/checkpoint-00009.pth: Copied (new)
2026/05/08 17:31:49 INFO  : NYSE_without_fees_2026-04-13_to_2026-04-15/work_dir/backtests_eiie_20260413_201351_job74121_gzd7n48c/runs/run_001/checkpoints/best.pth: Copied (new)
2026/05/08 17:31:50 INFO  : NYSE_without_fees_2026-04-13_to_2026-04-15/work_dir/backtests_eiie_20260413_201351_job74121_gzd7n48c/runs/run_001/checkpoints/checkpoint-00001.pth: Copied (new)
2026/05/08 17:31:50 INFO  : NYSE_without_fees_2026-04-13_to_2026-04-15/work_dir/backtests_eiie_20260413_201351_job74121_gzd7n48c/runs/run_001/checkpoints/checkpoint-00002.pth: Copied (new)
2026/05/08 17:31:50 INFO  : NYSE_without_fees_2026-04-13_to_2026-04-15/work_dir/backtests_eiie_20260413_201351_job74121_gzd7n48c/runs/run_001/checkpoints/checkpoint-00003.pth: Copied (new)
2026/05/08 17:31:50 INFO  : NYSE_without_fees_2026-04-13_to_2026-04-15/work_dir/backtests_eiie_20260413_201351_job74121_gzd7n48c/runs/run_001/checkpoints/checkpoint-00004.pth: Copied (new)
2026/05/08 17:31:51 INFO  : NYSE_without_fees_2026-04-13_to_2026-04-15/work_dir/backtests_eiie_20260413_201351_job74121_gzd7n48c/runs/run_001/checkpoints/checkpoint-00006.pth: Copied (new)
2026/05/08 17:31:52 INFO  : NYSE_without_fees_2026-04-13_to_2026-04-15/work_dir/backtests_eiie_20260413_201351_job74121_gzd7n48c/runs/run_001/checkpoints/checkpoint-00005.pth: Copied (new)
2026/05/08 17:31:52 INFO  : NYSE_without_fees_2026-04-13_to_2026-04-15/work_dir/backtests_eiie_20260413_201351_job74121_gzd7n48c/runs/run_001/checkpoints/checkpoint-00008.pth: Copied (new)
2026/05/08 17:31:52 INFO  : NYSE_without_fees_2026-04-13_to_2026-04-15/work_dir/backtests_eiie_20260413_201351_job74121_gzd7n48c/runs/run_001/checkpoints/checkpoint-00007.pth: Copied (new)
2026/05/08 17:31:53 INFO  : NYSE_without_fees_2026-04-13_to_2026-04-15/work_dir/backtests_eiie_20260414_130918_job74126_62nqsn3t/runs/run_003/Visualization_test.png: Copied (new)
2026/05/08 17:31:53 INFO  : NYSE_without_fees_2026-04-13_to_2026-04-15/work_dir/backtests_eiie_20260413_201351_job74121_gzd7n48c/runs/run_001/checkpoints/checkpoint-00010.pth: Copied (new)
2026/05/08 17:31:54 INFO  : NYSE_without_fees_2026-04-13_to_2026-04-15/work_dir/backtests_eiie_20260413_201351_job74121_gzd7n48c/runs/run_001/checkpoints/checkpoint-00009.pth: Copied (new)
2026/05/08 17:31:54 INFO  : NYSE_without_fees_2026-04-13_to_2026-04-15/work_dir/backtests_eiie_20260414_130918_job74126_62nqsn3t/runs/run_003/equity_curve.csv: Copied (new)
2026/05/08 17:31:54 INFO  : NYSE_without_fees_2026-04-13_to_2026-04-15/work_dir/backtests_eiie_20260414_130918_job74126_62nqsn3t/runs/run_003/daily_trades.json: Copied (new)
2026/05/08 17:31:54 INFO  : NYSE_without_fees_2026-04-13_to_2026-04-15/work_dir/backtests_eiie_20260414_130918_job74126_62nqsn3t/runs/run_003/daily_turnover.json: Copied (new)
2026/05/08 17:31:54 INFO  : NYSE_without_fees_2026-04-13_to_2026-04-15/work_dir/backtests_eiie_20260414_130918_job74126_62nqsn3t/runs/run_003/metrics.json: Copied (new)
2026/05/08 17:31:54 INFO  : NYSE_without_fees_2026-04-13_to_2026-04-15/work_dir/backtests_eiie_20260414_130918_job74126_62nqsn3t/runs/run_003/Visualization_valid.png: Copied (new)
2026/05/08 17:31:55 INFO  : NYSE_without_fees_2026-04-13_to_2026-04-15/work_dir/backtests_eiie_20260414_130918_job74126_62nqsn3t/runs/run_003/equity_curve.png: Copied (new)
2026/05/08 17:31:57 INFO  : NYSE_without_fees_2026-04-13_to_2026-04-15/work_dir/backtests_eiie_20260414_062011_job74124_5nwqr3ja/runs/run_005/Visualization_test.png: Copied (new)
2026/05/08 17:31:58 INFO  : NYSE_without_fees_2026-04-13_to_2026-04-15/work_dir/backtests_eiie_20260414_062011_job74124_5nwqr3ja/runs/run_005/equity_curve.csv: Copied (new)
2026/05/08 17:31:58 INFO  : NYSE_without_fees_2026-04-13_to_2026-04-15/work_dir/backtests_eiie_20260414_062011_job74124_5nwqr3ja/runs/run_005/daily_trades.json: Copied (new)
2026/05/08 17:31:58 INFO  : NYSE_without_fees_2026-04-13_to_2026-04-15/work_dir/backtests_eiie_20260414_062011_job74124_5nwqr3ja/runs/run_005/daily_turnover.json: Copied (new)
2026/05/08 17:31:59 INFO  : NYSE_without_fees_2026-04-13_to_2026-04-15/work_dir/backtests_eiie_20260414_062011_job74124_5nwqr3ja/runs/run_005/metrics.json: Copied (new)
2026/05/08 17:31:59 INFO  : PSE_without_fees_2026-04-13_to_2026-04-15/work_dir/backtests_eiie_20260415_110513_job74150_f5h5w0n8/runs/run_002test_result.csv: Copied (new)
2026/05/08 17:31:59 INFO  : PSE_without_fees_2026-04-13_to_2026-04-15/work_dir/backtests_eiie_20260415_110513_job74150_f5h5w0n8/runs/run_001test_result.csv: Copied (new)
2026/05/08 17:31:59 INFO  : NYSE_without_fees_2026-04-13_to_2026-04-15/work_dir/backtests_eiie_20260414_062011_job74124_5nwqr3ja/runs/run_005/equity_curve.png: Copied (new)
2026/05/08 17:31:59 INFO  : NYSE_without_fees_2026-04-13_to_2026-04-15/work_dir/backtests_eiie_20260414_062011_job74124_5nwqr3ja/runs/run_005/Visualization_valid.png: Copied (new)
2026/05/08 17:32:02 INFO  : NYSE_without_fees_2026-04-13_to_2026-04-15/work_dir/backtests_eiie_20260414_231549_job74129_qj7ppkrx/runs/run_003/checkpoints/best.pth: Copied (new)
2026/05/08 17:32:02 INFO  : PSE_without_fees_2026-04-13_to_2026-04-15/work_dir/backtests_eiie_20260415_110513_job74150_f5h5w0n8/runs/run_005test_result.csv: Copied (new)
2026/05/08 17:32:02 INFO  : PSE_without_fees_2026-04-13_to_2026-04-15/work_dir/backtests_eiie_20260415_110513_job74150_f5h5w0n8/runs/run_003test_result.csv: Copied (new)
2026/05/08 17:32:02 INFO  : NYSE_without_fees_2026-04-13_to_2026-04-15/work_dir/backtests_eiie_20260414_231549_job74129_qj7ppkrx/runs/run_003/checkpoints/checkpoint-00003.pth: Copied (new)
2026/05/08 17:32:02 INFO  : NYSE_without_fees_2026-04-13_to_2026-04-15/work_dir/backtests_eiie_20260414_231549_job74129_qj7ppkrx/runs/run_003/checkpoints/checkpoint-00001.pth: Copied (new)
2026/05/08 17:32:02 INFO  : PSE_without_fees_2026-04-13_to_2026-04-15/work_dir/backtests_eiie_20260415_110513_job74150_f5h5w0n8/runs/run_004test_result.csv: Copied (new)
2026/05/08 17:32:02 INFO  : NYSE_without_fees_2026-04-13_to_2026-04-15/work_dir/backtests_eiie_20260414_231549_job74129_qj7ppkrx/runs/run_003/checkpoints/checkpoint-00002.pth: Copied (new)
2026/05/08 17:32:02 INFO  : NYSE_without_fees_2026-04-13_to_2026-04-15/work_dir/backtests_eiie_20260414_231549_job74129_qj7ppkrx/runs/run_003/checkpoints/checkpoint-00004.pth: Copied (new)
2026/05/08 17:32:36 INFO  : NYSE_without_fees_2026-04-13_to_2026-04-15/work_dir/backtests_eiie_20260414_231549_job74129_qj7ppkrx/runs/run_003/checkpoints/checkpoint-00009.pth: Copied (new)
2026/05/08 17:32:38 INFO  : NYSE_without_fees_2026-04-13_to_2026-04-15/work_dir/backtests_eiie_20260414_231549_job74129_qj7ppkrx/runs/run_003/checkpoints/checkpoint-00008.pth: Copied (new)
2026/05/08 17:32:38 INFO  : NYSE_without_fees_2026-04-13_to_2026-04-15/work_dir/backtests_eiie_20260414_231549_job74129_qj7ppkrx/runs/run_003/checkpoints/checkpoint-00010.pth: Copied (new)
2026/05/08 17:32:38 INFO  : NYSE_without_fees_2026-04-13_to_2026-04-15/work_dir/backtests_eiie_20260414_231549_job74129_qj7ppkrx/runs/run_003/checkpoints/checkpoint-00006.pth: Copied (new)
2026/05/08 17:32:38 INFO  : NYSE_without_fees_2026-04-13_to_2026-04-15/work_dir/backtests_eiie_20260414_231549_job74129_qj7ppkrx/runs/run_003/checkpoints/checkpoint-00007.pth: Copied (new)
2026/05/08 17:32:38 INFO  : NYSE_without_fees_2026-04-13_to_2026-04-15/work_dir/backtests_eiie_20260414_231549_job74129_qj7ppkrx/runs/run_003/checkpoints/checkpoint-00005.pth: Copied (new)
2026/05/08 17:32:42 INFO  : NYSE_without_fees_2026-04-13_to_2026-04-15/work_dir/backtests_eiie_20260414_195750_job74128_o_ywey2v/runs/run_001/checkpoints/best.pth: Copied (new)
2026/05/08 17:32:42 INFO  : NYSE_without_fees_2026-04-13_to_2026-04-15/work_dir/backtests_eiie_20260414_195750_job74128_o_ywey2v/runs/run_001/checkpoints/checkpoint-00002.pth: Copied (new)
2026/05/08 17:32:42 INFO  : NYSE_without_fees_2026-04-13_to_2026-04-15/work_dir/backtests_eiie_20260414_195750_job74128_o_ywey2v/runs/run_001/checkpoints/checkpoint-00001.pth: Copied (new)
2026/05/08 17:32:42 INFO  : NYSE_without_fees_2026-04-13_to_2026-04-15/work_dir/backtests_eiie_20260414_195750_job74128_o_ywey2v/runs/run_001/checkpoints/checkpoint-00004.pth: Copied (new)
2026/05/08 17:32:43 INFO  : NYSE_without_fees_2026-04-13_to_2026-04-15/work_dir/backtests_eiie_20260414_195750_job74128_o_ywey2v/runs/run_001/checkpoints/checkpoint-00003.pth: Copied (new)
2026/05/08 17:32:44 INFO  : NYSE_without_fees_2026-04-13_to_2026-04-15/work_dir/backtests_eiie_20260414_195750_job74128_o_ywey2v/runs/run_001/checkpoints/checkpoint-00005.pth: Copied (new)
2026/05/08 17:32:44 INFO  : NYSE_without_fees_2026-04-13_to_2026-04-15/work_dir/backtests_eiie_20260414_195750_job74128_o_ywey2v/runs/run_001/checkpoints/checkpoint-00007.pth: Copied (new)
2026/05/08 17:32:45 INFO  : NYSE_without_fees_2026-04-13_to_2026-04-15/work_dir/backtests_eiie_20260414_195750_job74128_o_ywey2v/runs/run_001/checkpoints/checkpoint-00008.pth: Copied (new)
2026/05/08 17:32:45 INFO  : NYSE_without_fees_2026-04-13_to_2026-04-15/work_dir/backtests_eiie_20260414_195750_job74128_o_ywey2v/runs/run_001/checkpoints/checkpoint-00009.pth: Copied (new)
2026/05/08 17:32:45 INFO  : NYSE_without_fees_2026-04-13_to_2026-04-15/work_dir/backtests_eiie_20260414_195750_job74128_o_ywey2v/runs/run_001/checkpoints/checkpoint-00006.pth: Copied (new)
2026/05/08 17:32:46 INFO  : NYSE_without_fees_2026-04-13_to_2026-04-15/work_dir/backtests_eiie_20260414_195750_job74128_o_ywey2v/runs/run_001/checkpoints/checkpoint-00010.pth: Copied (new)
2026/05/08 17:32:48 INFO  : NYSE_without_fees_2026-04-13_to_2026-04-15/work_dir/backtests_eiie_20260413_201351_job74121_gzd7n48c/runs/run_003/daily_trades.json: Copied (new)
2026/05/08 17:32:49 INFO  : NYSE_without_fees_2026-04-13_to_2026-04-15/work_dir/backtests_eiie_20260413_201351_job74121_gzd7n48c/runs/run_003/Visualization_test.png: Copied (new)
2026/05/08 17:32:49 INFO  : NYSE_without_fees_2026-04-13_to_2026-04-15/work_dir/backtests_eiie_20260413_201351_job74121_gzd7n48c/runs/run_003/Visualization_valid.png: Copied (new)
2026/05/08 17:32:49 INFO  : NYSE_without_fees_2026-04-13_to_2026-04-15/work_dir/backtests_eiie_20260413_201351_job74121_gzd7n48c/runs/run_003/daily_turnover.json: Copied (new)
2026/05/08 17:32:50 INFO  : NYSE_without_fees_2026-04-13_to_2026-04-15/work_dir/backtests_eiie_20260413_201351_job74121_gzd7n48c/runs/run_003/equity_curve.csv: Copied (new)
2026/05/08 17:32:50 INFO  : PSE_without_fees_2026-04-13_to_2026-04-15/work_dir/backtests_eiie_20260415_080216_job74149_0mddw9l9/prepared_data/clean_csv/valid.csv: Copied (new)
2026/05/08 17:32:51 INFO  : PSE_without_fees_2026-04-13_to_2026-04-15/work_dir/backtests_eiie_20260415_080216_job74149_0mddw9l9/prepared_data/clean_csv/test.csv: Copied (new)
2026/05/08 17:32:52 INFO  : NYSE_without_fees_2026-04-13_to_2026-04-15/work_dir/backtests_eiie_20260413_201351_job74121_gzd7n48c/runs/run_003/metrics.json: Copied (new)
2026/05/08 17:32:53 INFO  : NYSE_without_fees_2026-04-13_to_2026-04-15/work_dir/backtests_eiie_20260414_094321_job74125_jbo5sdvx/runs/run_002/checkpoints/best.pth: Copied (new)
2026/05/08 17:32:53 INFO  : NYSE_without_fees_2026-04-13_to_2026-04-15/work_dir/backtests_eiie_20260414_094321_job74125_jbo5sdvx/runs/run_002/checkpoints/checkpoint-00002.pth: Copied (new)
2026/05/08 17:32:53 INFO  : NYSE_without_fees_2026-04-13_to_2026-04-15/work_dir/backtests_eiie_20260414_094321_job74125_jbo5sdvx/runs/run_002/checkpoints/checkpoint-00003.pth: Copied (new)
2026/05/08 17:32:53 INFO  : NYSE_without_fees_2026-04-13_to_2026-04-15/work_dir/backtests_eiie_20260414_094321_job74125_jbo5sdvx/runs/run_002/checkpoints/checkpoint-00001.pth: Copied (new)
2026/05/08 17:32:54 INFO  : NYSE_without_fees_2026-04-13_to_2026-04-15/work_dir/backtests_eiie_20260414_094321_job74125_jbo5sdvx/runs/run_002/checkpoints/checkpoint-00004.pth: Copied (new)
2026/05/08 17:32:54 INFO  : NYSE_without_fees_2026-04-13_to_2026-04-15/work_dir/backtests_eiie_20260413_201351_job74121_gzd7n48c/runs/run_003/equity_curve.png: Copied (new)
2026/05/08 17:32:55 INFO  : NYSE_without_fees_2026-04-13_to_2026-04-15/work_dir/backtests_eiie_20260414_094321_job74125_jbo5sdvx/runs/run_002/checkpoints/checkpoint-00006.pth: Copied (new)
2026/05/08 17:32:56 INFO  : NYSE_without_fees_2026-04-13_to_2026-04-15/work_dir/backtests_eiie_20260414_094321_job74125_jbo5sdvx/runs/run_002/checkpoints/checkpoint-00009.pth: Copied (new)
2026/05/08 17:32:56 INFO  : NYSE_without_fees_2026-04-13_to_2026-04-15/work_dir/backtests_eiie_20260414_094321_job74125_jbo5sdvx/runs/run_002/checkpoints/checkpoint-00005.pth: Copied (new)
2026/05/08 17:32:56 INFO  : NYSE_without_fees_2026-04-13_to_2026-04-15/work_dir/backtests_eiie_20260414_094321_job74125_jbo5sdvx/runs/run_002/checkpoints/checkpoint-00007.pth: Copied (new)
2026/05/08 17:32:57 INFO  : NYSE_without_fees_2026-04-13_to_2026-04-15/work_dir/backtests_eiie_20260414_094321_job74125_jbo5sdvx/runs/run_002/checkpoints/checkpoint-00008.pth: Copied (new)
2026/05/08 17:32:58 INFO  : PSE_without_fees_2026-04-13_to_2026-04-15/work_dir/backtests_eiie_20260414_045947_job74140_h8ucwjhj/runs/run_001/Visualization_test.png: Copied (new)
2026/05/08 17:32:58 INFO  : NYSE_without_fees_2026-04-13_to_2026-04-15/work_dir/backtests_eiie_20260414_094321_job74125_jbo5sdvx/runs/run_002/checkpoints/checkpoint-00010.pth: Copied (new)
2026/05/08 17:32:58 INFO  : PSE_without_fees_2026-04-13_to_2026-04-15/work_dir/backtests_eiie_20260414_045947_job74140_h8ucwjhj/runs/run_001/Visualization_valid.png: Copied (new)
2026/05/08 17:32:59 INFO  : PSE_without_fees_2026-04-13_to_2026-04-15/work_dir/backtests_eiie_20260414_045947_job74140_h8ucwjhj/runs/run_001/daily_turnover.json: Copied (new)
2026/05/08 17:32:59 INFO  : PSE_without_fees_2026-04-13_to_2026-04-15/work_dir/backtests_eiie_20260414_045947_job74140_h8ucwjhj/runs/run_001/daily_trades.json: Copied (new)
2026/05/08 17:32:59 INFO  : PSE_without_fees_2026-04-13_to_2026-04-15/work_dir/backtests_eiie_20260414_045947_job74140_h8ucwjhj/runs/run_001/equity_curve.png: Copied (new)
2026/05/08 17:32:59 INFO  : PSE_without_fees_2026-04-13_to_2026-04-15/work_dir/backtests_eiie_20260414_045947_job74140_h8ucwjhj/runs/run_001/equity_curve.csv: Copied (new)
2026/05/08 17:33:02 INFO  : PSE_without_fees_2026-04-13_to_2026-04-15/work_dir/backtests_eiie_20260414_075610_job74141_jxq9e3d_/runs/run_001/daily_trades.json: Copied (new)
2026/05/08 17:33:02 INFO  : PSE_without_fees_2026-04-13_to_2026-04-15/work_dir/backtests_eiie_20260414_075610_job74141_jxq9e3d_/runs/run_001/daily_turnover.json: Copied (new)
2026/05/08 17:33:02 INFO  : PSE_without_fees_2026-04-13_to_2026-04-15/work_dir/backtests_eiie_20260414_075610_job74141_jxq9e3d_/runs/run_001/equity_curve.csv: Copied (new)
2026/05/08 17:33:03 INFO  : PSE_without_fees_2026-04-13_to_2026-04-15/work_dir/backtests_eiie_20260414_075610_job74141_jxq9e3d_/runs/run_001/Visualization_test.png: Copied (new)
2026/05/08 17:33:03 INFO  : PSE_without_fees_2026-04-13_to_2026-04-15/work_dir/backtests_eiie_20260414_075610_job74141_jxq9e3d_/runs/run_001/equity_curve.png: Copied (new)
2026/05/08 17:33:03 INFO  : PSE_without_fees_2026-04-13_to_2026-04-15/work_dir/backtests_eiie_20260415_080216_job74149_0mddw9l9/prepared_data/clean_csv/train.csv: Copied (new)
2026/05/08 17:33:05 INFO  : PSE_without_fees_2026-04-13_to_2026-04-15/work_dir/backtests_eiie_20260414_075610_job74141_jxq9e3d_/runs/run_001/metrics.json: Copied (new)
2026/05/08 17:33:41 INFO  : NYSE_without_fees_2026-04-13_to_2026-04-15/work_dir/backtests_eiie_20260415_123453_job74133_kzz71nh_/runs/run_002/daily_trades.json: Copied (new)
2026/05/08 17:33:59 INFO  : NYSE_without_fees_2026-04-13_to_2026-04-15/work_dir/backtests_eiie_20260415_123453_job74133_kzz71nh_/runs/run_002/equity_curve.png: Copied (new)
2026/05/08 17:34:00 INFO  : NYSE_without_fees_2026-04-13_to_2026-04-15/work_dir/backtests_eiie_20260415_123453_job74133_kzz71nh_/runs/run_002/daily_turnover.json: Copied (new)
2026/05/08 17:34:00 INFO  : NYSE_without_fees_2026-04-13_to_2026-04-15/work_dir/backtests_eiie_20260415_123453_job74133_kzz71nh_/runs/run_002/equity_curve.csv: Copied (new)
2026/05/08 17:34:00 INFO  : PSE_without_fees_2026-04-13_to_2026-04-15/work_dir/backtests_eiie_20260414_045947_job74140_h8ucwjhj/runs/run_001/metrics.json: Copied (new)
2026/05/08 17:34:00 INFO  : NYSE_without_fees_2026-04-13_to_2026-04-15/work_dir/backtests_eiie_20260415_123453_job74133_kzz71nh_/runs/run_002/metrics.json: Copied (new)
2026/05/08 17:34:00 INFO  : NYSE_without_fees_2026-04-13_to_2026-04-15/work_dir/backtests_eiie_20260415_123453_job74133_kzz71nh_/runs/run_002/Visualization_test.png: Copied (new)
2026/05/08 17:34:00 INFO  : NYSE_without_fees_2026-04-13_to_2026-04-15/work_dir/backtests_eiie_20260415_123453_job74133_kzz71nh_/runs/run_002/Visualization_valid.png: Copied (new)
2026/05/08 17:34:01 INFO  : PSE_without_fees_2026-04-13_to_2026-04-15/work_dir/backtests_eiie_20260414_075610_job74141_jxq9e3d_/runs/run_001/Visualization_valid.png: Copied (new)
2026/05/08 17:34:03 INFO  : NYSE_without_fees_2026-04-13_to_2026-04-15/work_dir/backtests_eiie_20260415_091734_job74132_bow7t52g/runs/run_002/Visualization_test.png: Copied (new)
2026/05/08 17:34:04 INFO  : NYSE_without_fees_2026-04-13_to_2026-04-15/work_dir/backtests_eiie_20260415_091734_job74132_bow7t52g/runs/run_002/daily_trades.json: Copied (new)
2026/05/08 17:34:04 INFO  : NYSE_without_fees_2026-04-13_to_2026-04-15/work_dir/backtests_eiie_20260415_091734_job74132_bow7t52g/runs/run_002/equity_curve.csv: Copied (new)
2026/05/08 17:34:05 INFO  : NYSE_without_fees_2026-04-13_to_2026-04-15/work_dir/backtests_eiie_20260415_091734_job74132_bow7t52g/runs/run_002/daily_turnover.json: Copied (new)
2026/05/08 17:34:05 INFO  : NYSE_without_fees_2026-04-13_to_2026-04-15/work_dir/backtests_eiie_20260415_091734_job74132_bow7t52g/runs/run_002/Visualization_valid.png: Copied (new)
2026/05/08 17:34:05 INFO  : NYSE_without_fees_2026-04-13_to_2026-04-15/work_dir/backtests_eiie_20260415_091734_job74132_bow7t52g/runs/run_002/metrics.json: Copied (new)
2026/05/08 17:34:05 INFO  : NYSE_without_fees_2026-04-13_to_2026-04-15/work_dir/backtests_eiie_20260414_231549_job74129_qj7ppkrx/runs/run_005/Visualization_test.png: Copied (new)
2026/05/08 17:34:05 INFO  : NYSE_without_fees_2026-04-13_to_2026-04-15/work_dir/backtests_eiie_20260415_091734_job74132_bow7t52g/runs/run_002/equity_curve.png: Copied (new)
2026/05/08 17:34:06 INFO  : NYSE_without_fees_2026-04-13_to_2026-04-15/work_dir/backtests_eiie_20260414_231549_job74129_qj7ppkrx/runs/run_005/daily_trades.json: Copied (new)
2026/05/08 17:34:26 INFO  : PSE_without_fees_2026-04-13_to_2026-04-15/work_dir/backtests_eiie_20260414_165644_job74144_dbwdzdc8/runs/run_001/daily_trades.json: Copied (new)
2026/05/08 17:34:26 INFO  : NYSE_without_fees_2026-04-13_to_2026-04-15/work_dir/backtests_eiie_20260414_231549_job74129_qj7ppkrx/runs/run_005/daily_turnover.json: Copied (new)
2026/05/08 17:34:27 INFO  : NYSE_without_fees_2026-04-13_to_2026-04-15/work_dir/backtests_eiie_20260414_231549_job74129_qj7ppkrx/runs/run_005/metrics.json: Copied (new)
2026/05/08 17:34:27 INFO  : NYSE_without_fees_2026-04-13_to_2026-04-15/work_dir/backtests_eiie_20260414_231549_job74129_qj7ppkrx/runs/run_005/equity_curve.png: Copied (new)
2026/05/08 17:34:27 INFO  : NYSE_without_fees_2026-04-13_to_2026-04-15/work_dir/backtests_eiie_20260414_231549_job74129_qj7ppkrx/runs/run_005/Visualization_valid.png: Copied (new)
2026/05/08 17:34:27 INFO  : PSE_without_fees_2026-04-13_to_2026-04-15/work_dir/backtests_eiie_20260414_165644_job74144_dbwdzdc8/runs/run_001/Visualization_valid.png: Copied (new)
2026/05/08 17:34:28 INFO  : PSE_without_fees_2026-04-13_to_2026-04-15/work_dir/backtests_eiie_20260414_165644_job74144_dbwdzdc8/runs/run_001/daily_turnover.json: Copied (new)
2026/05/08 17:34:28 INFO  : NYSE_without_fees_2026-04-13_to_2026-04-15/work_dir/backtests_eiie_20260414_231549_job74129_qj7ppkrx/runs/run_005/equity_curve.csv: Copied (new)
2026/05/08 17:34:29 INFO  : PSE_without_fees_2026-04-13_to_2026-04-15/work_dir/backtests_eiie_20260414_165644_job74144_dbwdzdc8/runs/run_001/equity_curve.csv: Copied (new)
2026/05/08 17:34:30 INFO  : PSE_without_fees_2026-04-13_to_2026-04-15/work_dir/backtests_eiie_20260414_165644_job74144_dbwdzdc8/runs/run_001/metrics.json: Copied (new)
2026/05/08 17:34:31 INFO  : NYSE_without_fees_2026-04-13_to_2026-04-15/work_dir/backtests_eiie_20260415_023409_job74130_ujrrbycv/runs/run_003/Visualization_valid.png: Copied (new)
2026/05/08 17:34:31 INFO  : NYSE_without_fees_2026-04-13_to_2026-04-15/work_dir/backtests_eiie_20260415_023409_job74130_ujrrbycv/runs/run_003/daily_turnover.json: Copied (new)
2026/05/08 17:34:31 INFO  : NYSE_without_fees_2026-04-13_to_2026-04-15/work_dir/backtests_eiie_20260415_023409_job74130_ujrrbycv/runs/run_003/Visualization_test.png: Copied (new)
2026/05/08 17:34:31 INFO  : NYSE_without_fees_2026-04-13_to_2026-04-15/work_dir/backtests_eiie_20260415_023409_job74130_ujrrbycv/runs/run_003/equity_curve.csv: Copied (new)
2026/05/08 17:34:31 INFO  : PSE_without_fees_2026-04-13_to_2026-04-15/work_dir/backtests_eiie_20260414_165644_job74144_dbwdzdc8/runs/run_001/equity_curve.png: Copied (new)
2026/05/08 17:34:31 INFO  : NYSE_without_fees_2026-04-13_to_2026-04-15/work_dir/backtests_eiie_20260415_023409_job74130_ujrrbycv/runs/run_003/daily_trades.json: Copied (new)
2026/05/08 17:34:31 INFO  : PSE_without_fees_2026-04-13_to_2026-04-15/work_dir/backtests_eiie_20260414_165644_job74144_dbwdzdc8/runs/run_001/Visualization_test.png: Copied (new)
2026/05/08 17:34:34 INFO  : NYSE_without_fees_2026-04-13_to_2026-04-15/work_dir/backtests_eiie_20260415_023409_job74130_ujrrbycv/runs/run_003/equity_curve.png: Copied (new)
2026/05/08 17:34:35 INFO  : NYSE_without_fees_2026-04-13_to_2026-04-15/work_dir/backtests_eiie_20260415_023409_job74130_ujrrbycv/runs/run_003/metrics.json: Copied (new)
2026/05/08 17:34:35 INFO  : PSE_without_fees_2026-04-13_to_2026-04-15/work_dir/backtests_eiie_20260414_195953_job74145__xmyv0fz/runs/run_001/Visualization_test.png: Copied (new)
2026/05/08 17:34:35 INFO  : PSE_without_fees_2026-04-13_to_2026-04-15/work_dir/backtests_eiie_20260414_195953_job74145__xmyv0fz/runs/run_001/daily_turnover.json: Copied (new)
2026/05/08 17:34:36 INFO  : PSE_without_fees_2026-04-13_to_2026-04-15/work_dir/backtests_eiie_20260414_195953_job74145__xmyv0fz/runs/run_001/Visualization_valid.png: Copied (new)
2026/05/08 17:34:36 INFO  : NYSE_without_fees_2026-04-13_to_2026-04-15/work_dir/backtests_eiie_20260414_195750_job74128_o_ywey2v/runs/run_003/equity_curve.csv: Copied (new)
2026/05/08 17:34:37 INFO  : PSE_without_fees_2026-04-13_to_2026-04-15/work_dir/backtests_eiie_20260414_195953_job74145__xmyv0fz/runs/run_001/daily_trades.json: Copied (new)
2026/05/08 17:34:37 INFO  : NYSE_without_fees_2026-04-13_to_2026-04-15/work_dir/backtests_eiie_20260414_195750_job74128_o_ywey2v/runs/run_003/Visualization_test.png: Copied (new)
2026/05/08 17:34:37 INFO  : NYSE_without_fees_2026-04-13_to_2026-04-15/work_dir/backtests_eiie_20260414_195750_job74128_o_ywey2v/runs/run_003/Visualization_valid.png: Copied (new)
2026/05/08 17:34:37 INFO  : NYSE_without_fees_2026-04-13_to_2026-04-15/work_dir/backtests_eiie_20260414_195750_job74128_o_ywey2v/runs/run_003/daily_turnover.json: Copied (new)
2026/05/08 17:34:37 INFO  : NYSE_without_fees_2026-04-13_to_2026-04-15/work_dir/backtests_eiie_20260414_195750_job74128_o_ywey2v/runs/run_003/daily_trades.json: Copied (new)
2026/05/08 17:34:38 INFO  : PSE_without_fees_2026-04-13_to_2026-04-15/work_dir/backtests_eiie_20260414_195953_job74145__xmyv0fz/runs/run_001/equity_curve.csv: Copied (new)
2026/05/08 17:34:38 INFO  : NYSE_without_fees_2026-04-13_to_2026-04-15/work_dir/backtests_eiie_20260414_195750_job74128_o_ywey2v/runs/run_003/equity_curve.png: Copied (new)
2026/05/08 17:34:38 INFO  : NYSE_without_fees_2026-04-13_to_2026-04-15/work_dir/backtests_eiie_20260414_195750_job74128_o_ywey2v/runs/run_003/metrics.json: Copied (new)
2026/05/08 17:34:42 INFO  : PSE_without_fees_2026-04-13_to_2026-04-15/work_dir/backtests_eiie_20260414_195953_job74145__xmyv0fz/runs/run_001/metrics.json: Copied (new)
2026/05/08 17:34:43 INFO  : PSE_without_fees_2026-04-13_to_2026-04-15/work_dir/backtests_eiie_20260414_195953_job74145__xmyv0fz/runs/run_001/equity_curve.png: Copied (new)
2026/05/08 17:34:43 INFO  : PSE_without_fees_2026-04-13_to_2026-04-15/work_dir/backtests_eiie_20260415_045928_job74148_9gausy9d/prepared_data/clean_csv/test.csv: Copied (new)
2026/05/08 17:34:44 INFO  : PSE_without_fees_2026-04-13_to_2026-04-15/work_dir/backtests_eiie_20260415_045928_job74148_9gausy9d/prepared_data/clean_csv/valid.csv: Copied (new)
2026/05/08 17:34:44 INFO  : NYSE_without_fees_2026-04-13_to_2026-04-15/work_dir/backtests_eiie_20260415_191636_job74135_ysebkrl3/runs/run_001/checkpoints/checkpoint-00001.pth: Copied (new)
2026/05/08 17:34:44 INFO  : PSE_without_fees_2026-04-13_to_2026-04-15/work_dir/backtests_eiie_20260415_045928_job74148_9gausy9d/prepared_data/clean_csv/train.csv: Copied (new)
2026/05/08 17:34:45 INFO  : NYSE_without_fees_2026-04-13_to_2026-04-15/work_dir/backtests_eiie_20260415_191636_job74135_ysebkrl3/runs/run_001/checkpoints/best.pth: Copied (new)
2026/05/08 17:34:45 INFO  : NYSE_without_fees_2026-04-13_to_2026-04-15/work_dir/backtests_eiie_20260415_191636_job74135_ysebkrl3/runs/run_001/checkpoints/checkpoint-00002.pth: Copied (new)
2026/05/08 17:34:45 INFO  : NYSE_without_fees_2026-04-13_to_2026-04-15/work_dir/backtests_eiie_20260415_191636_job74135_ysebkrl3/runs/run_001/checkpoints/checkpoint-00003.pth: Copied (new)
2026/05/08 17:34:45 INFO  : NYSE_without_fees_2026-04-13_to_2026-04-15/work_dir/backtests_eiie_20260415_191636_job74135_ysebkrl3/runs/run_001/checkpoints/checkpoint-00004.pth: Copied (new)
2026/05/08 17:34:45 INFO  : NYSE_without_fees_2026-04-13_to_2026-04-15/work_dir/backtests_eiie_20260415_191636_job74135_ysebkrl3/runs/run_001/checkpoints/checkpoint-00006.pth: Copied (new)
2026/05/08 17:34:45 INFO  : NYSE_without_fees_2026-04-13_to_2026-04-15/work_dir/backtests_eiie_20260415_191636_job74135_ysebkrl3/runs/run_001/checkpoints/checkpoint-00005.pth: Copied (new)
2026/05/08 17:34:47 INFO  : NYSE_without_fees_2026-04-13_to_2026-04-15/work_dir/backtests_eiie_20260415_191636_job74135_ysebkrl3/runs/run_001/checkpoints/checkpoint-00008.pth: Copied (new)
2026/05/08 17:34:47 INFO  : NYSE_without_fees_2026-04-13_to_2026-04-15/work_dir/backtests_eiie_20260415_191636_job74135_ysebkrl3/runs/run_001/checkpoints/checkpoint-00007.pth: Copied (new)
2026/05/08 17:34:48 INFO  : NYSE_without_fees_2026-04-13_to_2026-04-15/work_dir/backtests_eiie_20260415_191636_job74135_ysebkrl3/runs/run_001/checkpoints/checkpoint-00010.pth: Copied (new)
2026/05/08 17:34:48 INFO  : PSE_without_fees_2026-04-13_to_2026-04-15/work_dir/backtests_eiie_20260415_020042_job74147_86qdx6pe/runs/run_001/daily_turnover.json: Copied (new)
2026/05/08 17:34:49 INFO  : PSE_without_fees_2026-04-13_to_2026-04-15/work_dir/backtests_eiie_20260415_020042_job74147_86qdx6pe/runs/run_001/daily_trades.json: Copied (new)
2026/05/08 17:34:49 INFO  : NYSE_without_fees_2026-04-13_to_2026-04-15/work_dir/backtests_eiie_20260415_191636_job74135_ysebkrl3/runs/run_001/checkpoints/checkpoint-00009.pth: Copied (new)
2026/05/08 17:34:49 INFO  : PSE_without_fees_2026-04-13_to_2026-04-15/work_dir/backtests_eiie_20260415_020042_job74147_86qdx6pe/runs/run_001/Visualization_test.png: Copied (new)
2026/05/08 17:34:49 INFO  : PSE_without_fees_2026-04-13_to_2026-04-15/work_dir/backtests_eiie_20260415_020042_job74147_86qdx6pe/runs/run_001/equity_curve.csv: Copied (new)
2026/05/08 17:34:49 INFO  : PSE_without_fees_2026-04-13_to_2026-04-15/work_dir/backtests_eiie_20260415_020042_job74147_86qdx6pe/runs/run_001/metrics.json: Copied (new)
2026/05/08 17:34:49 INFO  : PSE_without_fees_2026-04-13_to_2026-04-15/work_dir/backtests_eiie_20260415_020042_job74147_86qdx6pe/runs/run_001/Visualization_valid.png: Copied (new)
2026/05/08 17:34:52 INFO  : NYSE_without_fees_2026-04-13_to_2026-04-15/work_dir/backtests_eiie_20260415_155439_job74134_d24w3yak/runs/run_002/Visualization_test.png: Copied (new)
2026/05/08 17:34:53 INFO  : NYSE_without_fees_2026-04-13_to_2026-04-15/work_dir/backtests_eiie_20260415_155439_job74134_d24w3yak/runs/run_002/equity_curve.csv: Copied (new)
2026/05/08 17:34:53 INFO  : NYSE_without_fees_2026-04-13_to_2026-04-15/work_dir/backtests_eiie_20260415_155439_job74134_d24w3yak/runs/run_002/daily_turnover.json: Copied (new)
2026/05/08 17:34:53 INFO  : NYSE_without_fees_2026-04-13_to_2026-04-15/work_dir/backtests_eiie_20260415_155439_job74134_d24w3yak/runs/run_002/metrics.json: Copied (new)
2026/05/08 17:34:53 INFO  : NYSE_without_fees_2026-04-13_to_2026-04-15/work_dir/backtests_eiie_20260415_155439_job74134_d24w3yak/runs/run_002/daily_trades.json: Copied (new)
2026/05/08 17:34:53 INFO  : PSE_without_fees_2026-04-13_to_2026-04-15/work_dir/backtests_eiie_20260415_020042_job74147_86qdx6pe/runs/run_001/equity_curve.png: Copied (new)
2026/05/08 17:34:53 INFO  : NYSE_without_fees_2026-04-13_to_2026-04-15/work_dir/backtests_eiie_20260415_155439_job74134_d24w3yak/runs/run_002/equity_curve.png: Copied (new)
2026/05/08 17:34:53 INFO  : NYSE_without_fees_2026-04-13_to_2026-04-15/work_dir/backtests_eiie_20260415_155439_job74134_d24w3yak/runs/run_002/Visualization_valid.png: Copied (new)
2026/05/08 17:34:56 INFO  : NYSE_without_fees_2026-04-13_to_2026-04-15/work_dir/backtests_eiie_20260414_030122_job74123_eryaem4m/runs/run_002/checkpoints/best.pth: Copied (new)
2026/05/08 17:34:56 INFO  : NYSE_without_fees_2026-04-13_to_2026-04-15/work_dir/backtests_eiie_20260414_030122_job74123_eryaem4m/runs/run_002/checkpoints/checkpoint-00002.pth: Copied (new)
2026/05/08 17:34:56 INFO  : NYSE_without_fees_2026-04-13_to_2026-04-15/work_dir/backtests_eiie_20260414_030122_job74123_eryaem4m/runs/run_002/checkpoints/checkpoint-00003.pth: Copied (new)
2026/05/08 17:34:56 INFO  : NYSE_without_fees_2026-04-13_to_2026-04-15/work_dir/backtests_eiie_20260414_030122_job74123_eryaem4m/runs/run_002/checkpoints/checkpoint-00001.pth: Copied (new)
2026/05/08 17:34:56 INFO  : NYSE_without_fees_2026-04-13_to_2026-04-15/work_dir/backtests_eiie_20260414_030122_job74123_eryaem4m/runs/run_002/checkpoints/checkpoint-00007.pth: Copied (new)
2026/05/08 17:34:56 INFO  : NYSE_without_fees_2026-04-13_to_2026-04-15/work_dir/backtests_eiie_20260414_030122_job74123_eryaem4m/runs/run_002/checkpoints/checkpoint-00004.pth: Copied (new)
2026/05/08 17:34:56 INFO  : NYSE_without_fees_2026-04-13_to_2026-04-15/work_dir/backtests_eiie_20260414_030122_job74123_eryaem4m/runs/run_002/checkpoints/checkpoint-00005.pth: Copied (new)
2026/05/08 17:34:56 INFO  : NYSE_without_fees_2026-04-13_to_2026-04-15/work_dir/backtests_eiie_20260414_030122_job74123_eryaem4m/runs/run_002/checkpoints/checkpoint-00006.pth: Copied (new)
2026/05/08 17:34:59 INFO  : NYSE_without_fees_2026-04-13_to_2026-04-15/work_dir/backtests_eiie_20260414_030122_job74123_eryaem4m/runs/run_002/checkpoints/checkpoint-00008.pth: Copied (new)
2026/05/08 17:34:59 INFO  : NYSE_without_fees_2026-04-13_to_2026-04-15/work_dir/backtests_eiie_20260414_030122_job74123_eryaem4m/runs/run_002/checkpoints/checkpoint-00009.pth: Copied (new)
2026/05/08 17:35:00 INFO  : NYSE_without_fees_2026-04-13_to_2026-04-15/work_dir/backtests_eiie_20260414_030122_job74123_eryaem4m/runs/run_004/daily_trades.json: Copied (new)
2026/05/08 17:35:00 INFO  : NYSE_without_fees_2026-04-13_to_2026-04-15/work_dir/backtests_eiie_20260414_030122_job74123_eryaem4m/runs/run_004/equity_curve.csv: Copied (new)
2026/05/08 17:35:00 INFO  : NYSE_without_fees_2026-04-13_to_2026-04-15/work_dir/backtests_eiie_20260414_030122_job74123_eryaem4m/runs/run_004/daily_turnover.json: Copied (new)
2026/05/08 17:35:00 INFO  : NYSE_without_fees_2026-04-13_to_2026-04-15/work_dir/backtests_eiie_20260414_030122_job74123_eryaem4m/runs/run_004/Visualization_test.png: Copied (new)
2026/05/08 17:35:00 INFO  : NYSE_without_fees_2026-04-13_to_2026-04-15/work_dir/backtests_eiie_20260414_030122_job74123_eryaem4m/runs/run_004/Visualization_valid.png: Copied (new)
2026/05/08 17:35:04 INFO  : PSE_without_fees_2026-04-13_to_2026-04-15/work_dir/backtests_eiie_20260414_015729_job74139_46bfn538/runs/run_002/Visualization_test.png: Copied (new)
2026/05/08 17:35:27 INFO  : PSE_without_fees_2026-04-13_to_2026-04-15/work_dir/backtests_eiie_20260414_015729_job74139_46bfn538/runs/run_002/daily_trades.json: Copied (new)
2026/05/08 17:35:28 INFO  : PSE_without_fees_2026-04-13_to_2026-04-15/work_dir/backtests_eiie_20260414_015729_job74139_46bfn538/runs/run_002/metrics.json: Copied (new)
2026/05/08 17:35:39 INFO  : PSE_without_fees_2026-04-13_to_2026-04-15/work_dir/backtests_eiie_20260415_110513_job74150_f5h5w0n8/prepared_data/clean_csv/test.csv: Copied (new)
2026/05/08 17:35:43 INFO  : PSE_without_fees_2026-04-13_to_2026-04-15/work_dir/backtests_eiie_20260415_110513_job74150_f5h5w0n8/prepared_data/clean_csv/train.csv: Copied (new)
2026/05/08 17:35:43 INFO  : NYSE_without_fees_2026-04-13_to_2026-04-15/work_dir/backtests_eiie_20260414_030122_job74123_eryaem4m/runs/run_002/checkpoints/checkpoint-00010.pth: Copied (new)
2026/05/08 17:35:43 INFO  : NYSE_without_fees_2026-04-13_to_2026-04-15/work_dir/backtests_eiie_20260414_030122_job74123_eryaem4m/runs/run_004/metrics.json: Copied (new)
2026/05/08 17:35:44 INFO  : PSE_without_fees_2026-04-13_to_2026-04-15/work_dir/backtests_eiie_20260414_015729_job74139_46bfn538/runs/run_002/equity_curve.csv: Copied (new)
2026/05/08 17:35:44 INFO  : NYSE_without_fees_2026-04-13_to_2026-04-15/work_dir/backtests_eiie_20260414_030122_job74123_eryaem4m/runs/run_004/equity_curve.png: Copied (new)
2026/05/08 17:35:44 INFO  : PSE_without_fees_2026-04-13_to_2026-04-15/work_dir/backtests_eiie_20260414_015729_job74139_46bfn538/runs/run_002/equity_curve.png: Copied (new)
2026/05/08 17:35:44 INFO  : PSE_without_fees_2026-04-13_to_2026-04-15/work_dir/backtests_eiie_20260414_015729_job74139_46bfn538/runs/run_002/Visualization_valid.png: Copied (new)
2026/05/08 17:35:45 INFO  : PSE_without_fees_2026-04-13_to_2026-04-15/work_dir/backtests_eiie_20260414_015729_job74139_46bfn538/runs/run_002/daily_turnover.json: Copied (new)
2026/05/08 17:35:47 INFO  : PSE_without_fees_2026-04-13_to_2026-04-15/work_dir/backtests_eiie_20260415_140329_job74151_2odpu3ez/runs/run_001test_result.csv: Copied (new)
2026/05/08 17:35:49 INFO  : PSE_without_fees_2026-04-13_to_2026-04-15/work_dir/backtests_eiie_20260415_140329_job74151_2odpu3ez/runs/run_003test_result.csv: Copied (new)
2026/05/08 17:35:49 INFO  : PSE_without_fees_2026-04-13_to_2026-04-15/work_dir/backtests_eiie_20260415_140329_job74151_2odpu3ez/runs/run_004test_result.csv: Copied (new)
2026/05/08 17:35:49 INFO  : PSE_without_fees_2026-04-13_to_2026-04-15/work_dir/backtests_eiie_20260415_140329_job74151_2odpu3ez/runs/run_002test_result.csv: Copied (new)
2026/05/08 17:35:49 INFO  : PSE_without_fees_2026-04-13_to_2026-04-15/work_dir/backtests_eiie_20260415_140329_job74151_2odpu3ez/runs/run_005test_result.csv: Copied (new)
2026/05/08 17:35:49 INFO  : PSE_without_fees_2026-04-13_to_2026-04-15/work_dir/backtests_eiie_20260414_135115_job74143_q08j1hi1/runs/run_002/Visualization_valid.png: Copied (new)
2026/05/08 17:35:49 INFO  : PSE_without_fees_2026-04-13_to_2026-04-15/work_dir/backtests_eiie_20260414_135115_job74143_q08j1hi1/runs/run_002/daily_trades.json: Copied (new)
2026/05/08 17:35:50 INFO  : PSE_without_fees_2026-04-13_to_2026-04-15/work_dir/backtests_eiie_20260414_135115_job74143_q08j1hi1/runs/run_002/Visualization_test.png: Copied (new)
2026/05/08 17:35:50 INFO  : PSE_without_fees_2026-04-13_to_2026-04-15/work_dir/backtests_eiie_20260415_110513_job74150_f5h5w0n8/prepared_data/clean_csv/valid.csv: Copied (new)
2026/05/08 17:35:51 INFO  : PSE_without_fees_2026-04-13_to_2026-04-15/work_dir/backtests_eiie_20260414_135115_job74143_q08j1hi1/runs/run_002/daily_turnover.json: Copied (new)
2026/05/08 17:35:51 INFO  : PSE_without_fees_2026-04-13_to_2026-04-15/work_dir/backtests_eiie_20260414_135115_job74143_q08j1hi1/runs/run_002/equity_curve.csv: Copied (new)
2026/05/08 17:35:52 INFO  : PSE_without_fees_2026-04-13_to_2026-04-15/work_dir/backtests_eiie_20260414_135115_job74143_q08j1hi1/runs/run_002/metrics.json: Copied (new)
2026/05/08 17:35:53 INFO  : NYSE_without_fees_2026-04-13_to_2026-04-15/work_dir/backtests_eiie_20260414_062011_job74124_5nwqr3ja/runs/run_004/checkpoints/best.pth: Copied (new)
2026/05/08 17:35:53 INFO  : NYSE_without_fees_2026-04-13_to_2026-04-15/work_dir/backtests_eiie_20260414_062011_job74124_5nwqr3ja/runs/run_004/checkpoints/checkpoint-00002.pth: Copied (new)
2026/05/08 17:35:54 INFO  : PSE_without_fees_2026-04-13_to_2026-04-15/work_dir/backtests_eiie_20260414_135115_job74143_q08j1hi1/runs/run_002/equity_curve.png: Copied (new)
2026/05/08 17:35:54 INFO  : NYSE_without_fees_2026-04-13_to_2026-04-15/work_dir/backtests_eiie_20260414_062011_job74124_5nwqr3ja/runs/run_004/checkpoints/checkpoint-00003.pth: Copied (new)
2026/05/08 17:35:54 INFO  : NYSE_without_fees_2026-04-13_to_2026-04-15/work_dir/backtests_eiie_20260414_062011_job74124_5nwqr3ja/runs/run_004/checkpoints/checkpoint-00005.pth: Copied (new)
2026/05/08 17:35:54 INFO  : NYSE_without_fees_2026-04-13_to_2026-04-15/work_dir/backtests_eiie_20260414_062011_job74124_5nwqr3ja/runs/run_004/checkpoints/checkpoint-00001.pth: Copied (new)
2026/05/08 17:35:54 INFO  : NYSE_without_fees_2026-04-13_to_2026-04-15/work_dir/backtests_eiie_20260414_062011_job74124_5nwqr3ja/runs/run_004/checkpoints/checkpoint-00004.pth: Copied (new)
2026/05/08 17:35:55 INFO  : NYSE_without_fees_2026-04-13_to_2026-04-15/work_dir/backtests_eiie_20260414_062011_job74124_5nwqr3ja/runs/run_004/checkpoints/checkpoint-00006.pth: Copied (new)
2026/05/08 17:35:57 INFO  : PSE_without_fees_2026-04-13_to_2026-04-15/work_dir/backtests_eiie_20260413_195251_job74137_dvcd7s8x/runs/run_002/daily_trades.json: Copied (new)
2026/05/08 17:35:57 INFO  : NYSE_without_fees_2026-04-13_to_2026-04-15/work_dir/backtests_eiie_20260414_062011_job74124_5nwqr3ja/runs/run_004/checkpoints/checkpoint-00008.pth: Copied (new)
2026/05/08 17:35:57 INFO  : NYSE_without_fees_2026-04-13_to_2026-04-15/work_dir/backtests_eiie_20260414_062011_job74124_5nwqr3ja/runs/run_004/checkpoints/checkpoint-00009.pth: Copied (new)
2026/05/08 17:35:57 INFO  : NYSE_without_fees_2026-04-13_to_2026-04-15/work_dir/backtests_eiie_20260414_062011_job74124_5nwqr3ja/runs/run_004/checkpoints/checkpoint-00007.pth: Copied (new)
2026/05/08 17:35:58 INFO  : NYSE_without_fees_2026-04-13_to_2026-04-15/work_dir/backtests_eiie_20260414_062011_job74124_5nwqr3ja/runs/run_004/checkpoints/checkpoint-00010.pth: Copied (new)
2026/05/08 17:35:58 INFO  : PSE_without_fees_2026-04-13_to_2026-04-15/work_dir/backtests_eiie_20260413_195251_job74137_dvcd7s8x/runs/run_002/daily_turnover.json: Copied (new)
2026/05/08 17:35:58 INFO  : PSE_without_fees_2026-04-13_to_2026-04-15/work_dir/backtests_eiie_20260413_195251_job74137_dvcd7s8x/runs/run_002/Visualization_test.png: Copied (new)
2026/05/08 17:35:58 INFO  : PSE_without_fees_2026-04-13_to_2026-04-15/work_dir/backtests_eiie_20260413_195251_job74137_dvcd7s8x/runs/run_002/equity_curve.csv: Copied (new)
2026/05/08 17:35:58 INFO  : PSE_without_fees_2026-04-13_to_2026-04-15/work_dir/backtests_eiie_20260413_195251_job74137_dvcd7s8x/runs/run_002/Visualization_valid.png: Copied (new)
2026/05/08 17:36:01 INFO  : PSE_without_fees_2026-04-13_to_2026-04-15/work_dir/backtests_eiie_20260413_195251_job74137_dvcd7s8x/runs/run_002/equity_curve.png: Copied (new)
2026/05/08 17:36:01 INFO  : PSE_without_fees_2026-04-13_to_2026-04-15/work_dir/backtests_eiie_20260413_195251_job74137_dvcd7s8x/runs/run_002/metrics.json: Copied (new)
2026/05/08 17:36:01 INFO  : PSE_without_fees_2026-04-13_to_2026-04-15/work_dir/backtests_eiie_20260413_165222_job74136_gkc4fhnc/runs/run_002/daily_trades.json: Copied (new)
2026/05/08 17:36:01 INFO  : PSE_without_fees_2026-04-13_to_2026-04-15/work_dir/backtests_eiie_20260413_165222_job74136_gkc4fhnc/runs/run_002/equity_curve.csv: Copied (new)
2026/05/08 17:36:01 INFO  : PSE_without_fees_2026-04-13_to_2026-04-15/work_dir/backtests_eiie_20260413_165222_job74136_gkc4fhnc/runs/run_002/daily_turnover.json: Copied (new)
2026/05/08 17:36:02 INFO  : PSE_without_fees_2026-04-13_to_2026-04-15/work_dir/backtests_eiie_20260413_165222_job74136_gkc4fhnc/runs/run_002/Visualization_test.png: Copied (new)
2026/05/08 17:36:02 INFO  : PSE_without_fees_2026-04-13_to_2026-04-15/work_dir/backtests_eiie_20260413_165222_job74136_gkc4fhnc/runs/run_002/Visualization_valid.png: Copied (new)
2026/05/08 17:36:02 INFO  : PSE_without_fees_2026-04-13_to_2026-04-15/work_dir/backtests_eiie_20260413_165222_job74136_gkc4fhnc/runs/run_002/equity_curve.png: Copied (new)
2026/05/08 17:36:05 INFO  : PSE_without_fees_2026-04-13_to_2026-04-15/work_dir/backtests_eiie_20260413_165222_job74136_gkc4fhnc/runs/run_002/metrics.json: Copied (new)
2026/05/08 17:36:05 INFO  : NYSE_without_fees_2026-04-13_to_2026-04-15/work_dir/backtests_eiie_20260415_055739_job74131_tpjgyzkc/runs/run_001/checkpoints/checkpoint-00003.pth: Copied (new)
2026/05/08 17:36:47 INFO  : NYSE_without_fees_2026-04-13_to_2026-04-15/work_dir/backtests_eiie_20260415_055739_job74131_tpjgyzkc/runs/run_001/checkpoints/checkpoint-00006.pth: Copied (new)
2026/05/08 17:37:54 INFO  : NYSE_without_fees_2026-04-13_to_2026-04-15/work_dir/backtests_eiie_20260415_055739_job74131_tpjgyzkc/runs/run_001/checkpoints/checkpoint-00001.pth: Copied (new)
2026/05/08 17:37:57 INFO  : NYSE_without_fees_2026-04-13_to_2026-04-15/work_dir/backtests_eiie_20260415_055739_job74131_tpjgyzkc/runs/run_001/checkpoints/checkpoint-00010.pth: Copied (new)
2026/05/08 17:38:01 INFO  : NYSE_without_fees_2026-04-13_to_2026-04-15/work_dir/backtests_eiie_20260415_191636_job74135_ysebkrl3/runs/run_003/Visualization_test.png: Copied (new)
2026/05/08 17:38:04 INFO  : NYSE_without_fees_2026-04-13_to_2026-04-15/work_dir/backtests_eiie_20260415_191636_job74135_ysebkrl3/runs/run_003/Visualization_valid.png: Copied (new)
2026/05/08 17:38:06 INFO  : NYSE_without_fees_2026-04-13_to_2026-04-15/work_dir/backtests_eiie_20260415_191636_job74135_ysebkrl3/runs/run_003/daily_trades.json: Copied (new)
2026/05/08 17:38:31 INFO  : NYSE_without_fees_2026-04-13_to_2026-04-15/work_dir/backtests_eiie_20260415_055739_job74131_tpjgyzkc/runs/run_001/checkpoints/checkpoint-00009.pth: Copied (new)
2026/05/08 17:38:32 INFO  : NYSE_without_fees_2026-04-13_to_2026-04-15/work_dir/backtests_eiie_20260415_191636_job74135_ysebkrl3/runs/run_003/daily_turnover.json: Copied (new)
2026/05/08 17:38:32 INFO  : NYSE_without_fees_2026-04-13_to_2026-04-15/work_dir/backtests_eiie_20260415_055739_job74131_tpjgyzkc/runs/run_001/checkpoints/checkpoint-00004.pth: Copied (new)
2026/05/08 17:38:32 INFO  : NYSE_without_fees_2026-04-13_to_2026-04-15/work_dir/backtests_eiie_20260415_055739_job74131_tpjgyzkc/runs/run_001/checkpoints/best.pth: Copied (new)
2026/05/08 17:38:32 INFO  : NYSE_without_fees_2026-04-13_to_2026-04-15/work_dir/backtests_eiie_20260415_055739_job74131_tpjgyzkc/runs/run_001/checkpoints/checkpoint-00007.pth: Copied (new)
2026/05/08 17:38:32 INFO  : NYSE_without_fees_2026-04-13_to_2026-04-15/work_dir/backtests_eiie_20260415_055739_job74131_tpjgyzkc/runs/run_001/checkpoints/checkpoint-00008.pth: Copied (new)
2026/05/08 17:38:32 INFO  : NYSE_without_fees_2026-04-13_to_2026-04-15/work_dir/backtests_eiie_20260415_055739_job74131_tpjgyzkc/runs/run_001/checkpoints/checkpoint-00005.pth: Copied (new)
2026/05/08 17:38:32 INFO  : NYSE_without_fees_2026-04-13_to_2026-04-15/work_dir/backtests_eiie_20260415_055739_job74131_tpjgyzkc/runs/run_001/checkpoints/checkpoint-00002.pth: Copied (new)
2026/05/08 17:38:33 INFO  : NYSE_without_fees_2026-04-13_to_2026-04-15/work_dir/backtests_eiie_20260415_191636_job74135_ysebkrl3/runs/run_003/equity_curve.csv: Copied (new)
2026/05/08 17:38:36 INFO  : NYSE_without_fees_2026-04-13_to_2026-04-15/work_dir/backtests_eiie_20260415_023409_job74130_ujrrbycv/runs/run_002/checkpoints/best.pth: Copied (new)
2026/05/08 17:38:36 INFO  : NYSE_without_fees_2026-04-13_to_2026-04-15/work_dir/backtests_eiie_20260415_191636_job74135_ysebkrl3/runs/run_003/metrics.json: Copied (new)
2026/05/08 17:38:36 INFO  : NYSE_without_fees_2026-04-13_to_2026-04-15/work_dir/backtests_eiie_20260415_191636_job74135_ysebkrl3/runs/run_003/equity_curve.png: Copied (new)
2026/05/08 17:38:36 INFO  : NYSE_without_fees_2026-04-13_to_2026-04-15/work_dir/backtests_eiie_20260415_023409_job74130_ujrrbycv/runs/run_002/checkpoints/checkpoint-00002.pth: Copied (new)
2026/05/08 17:38:36 INFO  : NYSE_without_fees_2026-04-13_to_2026-04-15/work_dir/backtests_eiie_20260415_023409_job74130_ujrrbycv/runs/run_002/checkpoints/checkpoint-00004.pth: Copied (new)
2026/05/08 17:38:37 INFO  : NYSE_without_fees_2026-04-13_to_2026-04-15/work_dir/backtests_eiie_20260415_023409_job74130_ujrrbycv/runs/run_002/checkpoints/checkpoint-00001.pth: Copied (new)
2026/05/08 17:38:37 INFO  : NYSE_without_fees_2026-04-13_to_2026-04-15/work_dir/backtests_eiie_20260415_023409_job74130_ujrrbycv/runs/run_002/checkpoints/checkpoint-00003.pth: Copied (new)
2026/05/08 17:38:37 INFO  : NYSE_without_fees_2026-04-13_to_2026-04-15/work_dir/backtests_eiie_20260415_023409_job74130_ujrrbycv/runs/run_002/checkpoints/checkpoint-00005.pth: Copied (new)
2026/05/08 17:38:38 INFO  : NYSE_without_fees_2026-04-13_to_2026-04-15/work_dir/backtests_eiie_20260415_023409_job74130_ujrrbycv/runs/run_002/checkpoints/checkpoint-00006.pth: Copied (new)
2026/05/08 17:38:40 INFO  : NYSE_without_fees_2026-04-13_to_2026-04-15/work_dir/backtests_eiie_20260415_023409_job74130_ujrrbycv/runs/run_002/checkpoints/checkpoint-00009.pth: Copied (new)
2026/05/08 17:38:40 INFO  : NYSE_without_fees_2026-04-13_to_2026-04-15/work_dir/backtests_eiie_20260415_023409_job74130_ujrrbycv/runs/run_002/checkpoints/checkpoint-00008.pth: Copied (new)
2026/05/08 17:38:40 INFO  : NYSE_without_fees_2026-04-13_to_2026-04-15/work_dir/backtests_eiie_20260415_023409_job74130_ujrrbycv/runs/run_002/checkpoints/checkpoint-00010.pth: Copied (new)
2026/05/08 17:38:40 INFO  : NYSE_without_fees_2026-04-13_to_2026-04-15/work_dir/backtests_eiie_20260415_023409_job74130_ujrrbycv/runs/run_002/checkpoints/checkpoint-00007.pth: Copied (new)
2026/05/08 17:38:41 INFO  : PSE_without_fees_2026-04-13_to_2026-04-15/work_dir/backtests_eiie_20260414_105331_job74142_ufplj8k7/runs/run_002/daily_turnover.json: Copied (new)
2026/05/08 17:38:41 INFO  : PSE_without_fees_2026-04-13_to_2026-04-15/work_dir/backtests_eiie_20260414_105331_job74142_ufplj8k7/runs/run_002/daily_trades.json: Copied (new)
2026/05/08 17:38:41 INFO  : PSE_without_fees_2026-04-13_to_2026-04-15/work_dir/backtests_eiie_20260414_105331_job74142_ufplj8k7/runs/run_002/Visualization_test.png: Copied (new)
2026/05/08 17:38:41 INFO  : PSE_without_fees_2026-04-13_to_2026-04-15/work_dir/backtests_eiie_20260414_105331_job74142_ufplj8k7/runs/run_002/Visualization_valid.png: Copied (new)
2026/05/08 17:38:44 INFO  : PSE_without_fees_2026-04-13_to_2026-04-15/work_dir/backtests_eiie_20260414_105331_job74142_ufplj8k7/runs/run_002/metrics.json: Copied (new)
2026/05/08 17:38:44 INFO  : NYSE_without_fees_2026-04-13_to_2026-04-15/work_dir/backtests_eiie_20260414_231549_job74129_qj7ppkrx/runs/run_004/checkpoints/checkpoint-00003.pth: Copied (new)
2026/05/08 17:38:44 INFO  : NYSE_without_fees_2026-04-13_to_2026-04-15/work_dir/backtests_eiie_20260414_231549_job74129_qj7ppkrx/runs/run_004/checkpoints/checkpoint-00004.pth: Copied (new)
2026/05/08 17:38:44 INFO  : NYSE_without_fees_2026-04-13_to_2026-04-15/work_dir/backtests_eiie_20260414_231549_job74129_qj7ppkrx/runs/run_004/checkpoints/checkpoint-00001.pth: Copied (new)
2026/05/08 17:38:44 INFO  : NYSE_without_fees_2026-04-13_to_2026-04-15/work_dir/backtests_eiie_20260414_231549_job74129_qj7ppkrx/runs/run_004/checkpoints/best.pth: Copied (new)
2026/05/08 17:38:44 INFO  : PSE_without_fees_2026-04-13_to_2026-04-15/work_dir/backtests_eiie_20260414_105331_job74142_ufplj8k7/runs/run_002/equity_curve.csv: Copied (new)
2026/05/08 17:38:44 INFO  : NYSE_without_fees_2026-04-13_to_2026-04-15/work_dir/backtests_eiie_20260414_231549_job74129_qj7ppkrx/runs/run_004/checkpoints/checkpoint-00002.pth: Copied (new)
2026/05/08 17:38:44 INFO  : PSE_without_fees_2026-04-13_to_2026-04-15/work_dir/backtests_eiie_20260414_105331_job74142_ufplj8k7/runs/run_002/equity_curve.png: Copied (new)
2026/05/08 17:38:46 INFO  : NYSE_without_fees_2026-04-13_to_2026-04-15/work_dir/backtests_eiie_20260414_231549_job74129_qj7ppkrx/runs/run_004/checkpoints/checkpoint-00005.pth: Copied (new)
2026/05/08 17:38:48 INFO  : NYSE_without_fees_2026-04-13_to_2026-04-15/work_dir/backtests_eiie_20260414_231549_job74129_qj7ppkrx/runs/run_004/checkpoints/checkpoint-00007.pth: Copied (new)
2026/05/08 17:38:48 INFO  : NYSE_without_fees_2026-04-13_to_2026-04-15/work_dir/backtests_eiie_20260414_231549_job74129_qj7ppkrx/runs/run_004/checkpoints/checkpoint-00008.pth: Copied (new)
2026/05/08 17:38:48 INFO  : NYSE_without_fees_2026-04-13_to_2026-04-15/work_dir/backtests_eiie_20260414_130918_job74126_62nqsn3t/runs/run_002/checkpoints/best.pth: Copied (new)
2026/05/08 17:38:48 INFO  : NYSE_without_fees_2026-04-13_to_2026-04-15/work_dir/backtests_eiie_20260414_231549_job74129_qj7ppkrx/runs/run_004/checkpoints/checkpoint-00006.pth: Copied (new)
2026/05/08 17:38:48 INFO  : NYSE_without_fees_2026-04-13_to_2026-04-15/work_dir/backtests_eiie_20260414_231549_job74129_qj7ppkrx/runs/run_004/checkpoints/checkpoint-00010.pth: Copied (new)
2026/05/08 17:38:48 INFO  : NYSE_without_fees_2026-04-13_to_2026-04-15/work_dir/backtests_eiie_20260414_231549_job74129_qj7ppkrx/runs/run_004/checkpoints/checkpoint-00009.pth: Copied (new)
2026/05/08 17:38:48 INFO  : NYSE_without_fees_2026-04-13_to_2026-04-15/work_dir/backtests_eiie_20260414_130918_job74126_62nqsn3t/runs/run_002/checkpoints/checkpoint-00002.pth: Copied (new)
2026/05/08 17:38:48 INFO  : NYSE_without_fees_2026-04-13_to_2026-04-15/work_dir/backtests_eiie_20260414_130918_job74126_62nqsn3t/runs/run_002/checkpoints/checkpoint-00001.pth: Copied (new)
2026/05/08 17:38:50 INFO  : NYSE_without_fees_2026-04-13_to_2026-04-15/work_dir/backtests_eiie_20260414_130918_job74126_62nqsn3t/runs/run_002/checkpoints/checkpoint-00003.pth: Copied (new)
2026/05/08 17:38:50 INFO  : NYSE_without_fees_2026-04-13_to_2026-04-15/work_dir/backtests_eiie_20260414_130918_job74126_62nqsn3t/runs/run_002/checkpoints/checkpoint-00005.pth: Copied (new)
2026/05/08 17:38:50 INFO  : NYSE_without_fees_2026-04-13_to_2026-04-15/work_dir/backtests_eiie_20260414_130918_job74126_62nqsn3t/runs/run_002/checkpoints/checkpoint-00006.pth: Copied (new)
2026/05/08 17:38:50 INFO  : NYSE_without_fees_2026-04-13_to_2026-04-15/work_dir/backtests_eiie_20260414_130918_job74126_62nqsn3t/runs/run_002/checkpoints/checkpoint-00007.pth: Copied (new)
2026/05/08 17:38:50 INFO  : NYSE_without_fees_2026-04-13_to_2026-04-15/work_dir/backtests_eiie_20260414_130918_job74126_62nqsn3t/runs/run_002/checkpoints/checkpoint-00004.pth: Copied (new)
2026/05/08 17:38:50 INFO  : NYSE_without_fees_2026-04-13_to_2026-04-15/work_dir/backtests_eiie_20260414_130918_job74126_62nqsn3t/runs/run_002/checkpoints/checkpoint-00009.pth: Copied (new)
2026/05/08 17:38:50 INFO  : NYSE_without_fees_2026-04-13_to_2026-04-15/work_dir/backtests_eiie_20260414_130918_job74126_62nqsn3t/runs/run_002/checkpoints/checkpoint-00008.pth: Copied (new)
2026/05/08 17:38:50 INFO  : NYSE_without_fees_2026-04-13_to_2026-04-15/work_dir/backtests_eiie_20260414_130918_job74126_62nqsn3t/runs/run_002/checkpoints/checkpoint-00010.pth: Copied (new)
2026/05/08 17:38:54 INFO  : PSE_without_fees_2026-04-13_to_2026-04-15/work_dir/backtests_eiie_20260413_225636_job74138_97ly951i/runs/run_002/Visualization_test.png: Copied (new)
2026/05/08 17:38:55 INFO  : PSE_without_fees_2026-04-13_to_2026-04-15/work_dir/backtests_eiie_20260413_225636_job74138_97ly951i/runs/run_002/equity_curve.csv: Copied (new)
2026/05/08 17:38:55 INFO  : PSE_without_fees_2026-04-13_to_2026-04-15/work_dir/backtests_eiie_20260413_225636_job74138_97ly951i/runs/run_002/daily_trades.json: Copied (new)
2026/05/08 17:38:55 INFO  : PSE_without_fees_2026-04-13_to_2026-04-15/work_dir/backtests_eiie_20260413_225636_job74138_97ly951i/runs/run_002/metrics.json: Copied (new)
2026/05/08 17:38:55 INFO  : PSE_without_fees_2026-04-13_to_2026-04-15/work_dir/backtests_eiie_20260413_225636_job74138_97ly951i/runs/run_002/daily_turnover.json: Copied (new)
2026/05/08 17:38:55 INFO  : NYSE_without_fees_2026-04-13_to_2026-04-15/work_dir/backtests_eiie_20260414_195750_job74128_o_ywey2v/runs/run_002/checkpoints/best.pth: Copied (new)
2026/05/08 17:38:56 INFO  : PSE_without_fees_2026-04-13_to_2026-04-15/work_dir/backtests_eiie_20260413_225636_job74138_97ly951i/runs/run_002/equity_curve.png: Copied (new)
2026/05/08 17:38:56 INFO  : PSE_without_fees_2026-04-13_to_2026-04-15/work_dir/backtests_eiie_20260413_225636_job74138_97ly951i/runs/run_002/Visualization_valid.png: Copied (new)
2026/05/08 17:38:56 INFO  : NYSE_without_fees_2026-04-13_to_2026-04-15/work_dir/backtests_eiie_20260414_195750_job74128_o_ywey2v/runs/run_002/checkpoints/checkpoint-00001.pth: Copied (new)
2026/05/08 17:38:57 INFO  : NYSE_without_fees_2026-04-13_to_2026-04-15/work_dir/backtests_eiie_20260414_195750_job74128_o_ywey2v/runs/run_002/checkpoints/checkpoint-00002.pth: Copied (new)
2026/05/08 17:38:57 INFO  : NYSE_without_fees_2026-04-13_to_2026-04-15/work_dir/backtests_eiie_20260414_195750_job74128_o_ywey2v/runs/run_002/checkpoints/checkpoint-00003.pth: Copied (new)
2026/05/08 17:38:57 INFO  : NYSE_without_fees_2026-04-13_to_2026-04-15/work_dir/backtests_eiie_20260414_195750_job74128_o_ywey2v/runs/run_002/checkpoints/checkpoint-00004.pth: Copied (new)
2026/05/08 17:38:57 INFO  : NYSE_without_fees_2026-04-13_to_2026-04-15/work_dir/backtests_eiie_20260414_195750_job74128_o_ywey2v/runs/run_002/checkpoints/checkpoint-00005.pth: Copied (new)
2026/05/08 17:38:57 INFO  : NYSE_without_fees_2026-04-13_to_2026-04-15/work_dir/backtests_eiie_20260414_195750_job74128_o_ywey2v/runs/run_002/checkpoints/checkpoint-00006.pth: Copied (new)
2026/05/08 17:38:58 INFO  : NYSE_without_fees_2026-04-13_to_2026-04-15/work_dir/backtests_eiie_20260414_195750_job74128_o_ywey2v/runs/run_002/checkpoints/checkpoint-00008.pth: Copied (new)
2026/05/08 17:38:58 INFO  : NYSE_without_fees_2026-04-13_to_2026-04-15/work_dir/backtests_eiie_20260414_195750_job74128_o_ywey2v/runs/run_002/checkpoints/checkpoint-00007.pth: Copied (new)
2026/05/08 17:38:59 INFO  : NYSE_without_fees_2026-04-13_to_2026-04-15/work_dir/backtests_eiie_20260414_195750_job74128_o_ywey2v/runs/run_002/checkpoints/checkpoint-00009.pth: Copied (new)
2026/05/08 17:39:01 INFO  : PSE_without_fees_2026-04-13_to_2026-04-15/work_dir/backtests_eiie_20260414_225950_job74146_ur5evt9d/runs/run_002/daily_turnover.json: Copied (new)
2026/05/08 17:39:01 INFO  : PSE_without_fees_2026-04-13_to_2026-04-15/work_dir/backtests_eiie_20260414_225950_job74146_ur5evt9d/runs/run_002/metrics.json: Copied (new)
2026/05/08 17:39:02 INFO  : PSE_without_fees_2026-04-13_to_2026-04-15/work_dir/backtests_eiie_20260414_225950_job74146_ur5evt9d/runs/run_002/daily_trades.json: Copied (new)
2026/05/08 17:39:02 INFO  : NYSE_without_fees_2026-04-13_to_2026-04-15/work_dir/backtests_eiie_20260414_195750_job74128_o_ywey2v/runs/run_002/checkpoints/checkpoint-00010.pth: Copied (new)
2026/05/08 17:39:02 INFO  : PSE_without_fees_2026-04-13_to_2026-04-15/work_dir/backtests_eiie_20260414_225950_job74146_ur5evt9d/runs/run_002/Visualization_test.png: Copied (new)
2026/05/08 17:39:02 INFO  : PSE_without_fees_2026-04-13_to_2026-04-15/work_dir/backtests_eiie_20260414_225950_job74146_ur5evt9d/runs/run_002/equity_curve.csv: Copied (new)
2026/05/08 17:39:02 INFO  : PSE_without_fees_2026-04-13_to_2026-04-15/work_dir/backtests_eiie_20260414_225950_job74146_ur5evt9d/runs/run_002/equity_curve.png: Copied (new)
2026/05/08 17:39:31 INFO  : NYSE_without_fees_2026-04-13_to_2026-04-15/work_dir/backtests_eiie_20260415_055739_job74131_tpjgyzkc/runs/run_003/Visualization_valid.png: Copied (new)
2026/05/08 17:39:32 INFO  : NYSE_without_fees_2026-04-13_to_2026-04-15/work_dir/backtests_eiie_20260415_055739_job74131_tpjgyzkc/runs/run_003/daily_turnover.json: Copied (new)
2026/05/08 17:39:32 INFO  : NYSE_without_fees_2026-04-13_to_2026-04-15/work_dir/backtests_eiie_20260415_055739_job74131_tpjgyzkc/runs/run_003/Visualization_test.png: Copied (new)
2026/05/08 17:39:32 INFO  : NYSE_without_fees_2026-04-13_to_2026-04-15/work_dir/backtests_eiie_20260415_055739_job74131_tpjgyzkc/runs/run_003/metrics.json: Copied (new)
2026/05/08 17:39:32 INFO  : NYSE_without_fees_2026-04-13_to_2026-04-15/work_dir/backtests_eiie_20260415_055739_job74131_tpjgyzkc/runs/run_003/daily_trades.json: Copied (new)
2026/05/08 17:39:33 INFO  : PSE_without_fees_2026-04-13_to_2026-04-15/work_dir/backtests_eiie_20260414_225950_job74146_ur5evt9d/runs/run_002/Visualization_valid.png: Copied (new)
2026/05/08 17:39:33 INFO  : NYSE_without_fees_2026-04-13_to_2026-04-15/work_dir/backtests_eiie_20260415_055739_job74131_tpjgyzkc/runs/run_003/equity_curve.csv: Copied (new)
2026/05/08 17:39:35 INFO  : PSE_without_fees_2026-04-13_to_2026-04-15/work_dir/backtests_eiie_20260413_225636_job74138_97ly951i/runs/run_001/equity_curve.csv: Copied (new)
2026/05/08 17:39:35 INFO  : PSE_without_fees_2026-04-13_to_2026-04-15/work_dir/backtests_eiie_20260413_225636_job74138_97ly951i/runs/run_001/daily_trades.json: Copied (new)
2026/05/08 17:39:35 INFO  : PSE_without_fees_2026-04-13_to_2026-04-15/work_dir/backtests_eiie_20260413_225636_job74138_97ly951i/runs/run_001/daily_turnover.json: Copied (new)
2026/05/08 17:39:35 INFO  : PSE_without_fees_2026-04-13_to_2026-04-15/work_dir/backtests_eiie_20260413_225636_job74138_97ly951i/runs/run_001/Visualization_test.png: Copied (new)
2026/05/08 17:39:35 INFO  : NYSE_without_fees_2026-04-13_to_2026-04-15/work_dir/backtests_eiie_20260415_055739_job74131_tpjgyzkc/runs/run_003/equity_curve.png: Copied (new)
2026/05/08 17:39:36 INFO  : PSE_without_fees_2026-04-13_to_2026-04-15/work_dir/backtests_eiie_20260413_225636_job74138_97ly951i/runs/run_001/metrics.json: Copied (new)
2026/05/08 17:39:36 INFO  : PSE_without_fees_2026-04-13_to_2026-04-15/work_dir/backtests_eiie_20260413_225636_job74138_97ly951i/runs/run_001/Visualization_valid.png: Copied (new)
2026/05/08 17:39:36 INFO  : PSE_without_fees_2026-04-13_to_2026-04-15/work_dir/backtests_eiie_20260413_225636_job74138_97ly951i/runs/run_001/equity_curve.png: Copied (new)
2026/05/08 17:39:39 INFO  : NYSE_without_fees_2026-04-13_to_2026-04-15/work_dir/backtests_eiie_20260414_130918_job74126_62nqsn3t/runs/run_004/Visualization_test.png: Copied (new)
2026/05/08 17:39:41 INFO  : NYSE_without_fees_2026-04-13_to_2026-04-15/work_dir/backtests_eiie_20260414_130918_job74126_62nqsn3t/runs/run_004/equity_curve.csv: Copied (new)
2026/05/08 17:39:41 INFO  : NYSE_without_fees_2026-04-13_to_2026-04-15/work_dir/backtests_eiie_20260414_130918_job74126_62nqsn3t/runs/run_004/daily_turnover.json: Copied (new)
2026/05/08 17:39:41 INFO  : NYSE_without_fees_2026-04-13_to_2026-04-15/work_dir/backtests_eiie_20260414_130918_job74126_62nqsn3t/runs/run_004/metrics.json: Copied (new)
2026/05/08 17:39:41 INFO  : NYSE_without_fees_2026-04-13_to_2026-04-15/work_dir/backtests_eiie_20260415_123453_job74133_kzz71nh_/runs/run_001/checkpoints/best.pth: Copied (new)
2026/05/08 17:39:41 INFO  : NYSE_without_fees_2026-04-13_to_2026-04-15/work_dir/backtests_eiie_20260414_130918_job74126_62nqsn3t/runs/run_004/daily_trades.json: Copied (new)
2026/05/08 17:39:41 INFO  : NYSE_without_fees_2026-04-13_to_2026-04-15/work_dir/backtests_eiie_20260414_130918_job74126_62nqsn3t/runs/run_004/Visualization_valid.png: Copied (new)
2026/05/08 17:39:41 INFO  : NYSE_without_fees_2026-04-13_to_2026-04-15/work_dir/backtests_eiie_20260414_130918_job74126_62nqsn3t/runs/run_004/equity_curve.png: Copied (new)
2026/05/08 17:39:43 INFO  : NYSE_without_fees_2026-04-13_to_2026-04-15/work_dir/backtests_eiie_20260415_123453_job74133_kzz71nh_/runs/run_001/checkpoints/checkpoint-00001.pth: Copied (new)
2026/05/08 17:39:43 INFO  : NYSE_without_fees_2026-04-13_to_2026-04-15/work_dir/backtests_eiie_20260415_123453_job74133_kzz71nh_/runs/run_001/checkpoints/checkpoint-00002.pth: Copied (new)
2026/05/08 17:39:43 INFO  : NYSE_without_fees_2026-04-13_to_2026-04-15/work_dir/backtests_eiie_20260415_123453_job74133_kzz71nh_/runs/run_001/checkpoints/checkpoint-00005.pth: Copied (new)
2026/05/08 17:39:43 INFO  : NYSE_without_fees_2026-04-13_to_2026-04-15/work_dir/backtests_eiie_20260415_123453_job74133_kzz71nh_/runs/run_001/checkpoints/checkpoint-00004.pth: Copied (new)
2026/05/08 17:39:43 INFO  : NYSE_without_fees_2026-04-13_to_2026-04-15/work_dir/backtests_eiie_20260415_123453_job74133_kzz71nh_/runs/run_001/checkpoints/checkpoint-00007.pth: Copied (new)
2026/05/08 17:39:44 INFO  : NYSE_without_fees_2026-04-13_to_2026-04-15/work_dir/backtests_eiie_20260415_123453_job74133_kzz71nh_/runs/run_001/checkpoints/checkpoint-00008.pth: Copied (new)
2026/05/08 17:39:46 INFO  : NYSE_without_fees_2026-04-13_to_2026-04-15/work_dir/backtests_eiie_20260415_123453_job74133_kzz71nh_/runs/run_001/checkpoints/checkpoint-00010.pth: Copied (new)
2026/05/08 17:39:47 INFO  : NYSE_without_fees_2026-04-13_to_2026-04-15/work_dir/backtests_eiie_20260415_123453_job74133_kzz71nh_/runs/run_001/checkpoints/checkpoint-00003.pth: Copied (new)
2026/05/08 17:39:47 INFO  : NYSE_without_fees_2026-04-13_to_2026-04-15/work_dir/backtests_eiie_20260415_123453_job74133_kzz71nh_/runs/run_001/checkpoints/checkpoint-00006.pth: Copied (new)
2026/05/08 17:39:47 INFO  : NYSE_without_fees_2026-04-13_to_2026-04-15/work_dir/backtests_eiie_20260414_163153_job74127_5c1ikwkh/runs/run_004/checkpoints/best.pth: Copied (new)
2026/05/08 17:39:47 INFO  : NYSE_without_fees_2026-04-13_to_2026-04-15/work_dir/backtests_eiie_20260415_123453_job74133_kzz71nh_/runs/run_001/checkpoints/checkpoint-00009.pth: Copied (new)
2026/05/08 17:39:47 INFO  : NYSE_without_fees_2026-04-13_to_2026-04-15/work_dir/backtests_eiie_20260414_163153_job74127_5c1ikwkh/runs/run_004/checkpoints/checkpoint-00001.pth: Copied (new)
2026/05/08 17:39:47 INFO  : NYSE_without_fees_2026-04-13_to_2026-04-15/work_dir/backtests_eiie_20260414_163153_job74127_5c1ikwkh/runs/run_004/checkpoints/checkpoint-00002.pth: Copied (new)
2026/05/08 17:39:47 INFO  : NYSE_without_fees_2026-04-13_to_2026-04-15/work_dir/backtests_eiie_20260414_163153_job74127_5c1ikwkh/runs/run_004/checkpoints/checkpoint-00003.pth: Copied (new)
2026/05/08 17:39:49 INFO  : NYSE_without_fees_2026-04-13_to_2026-04-15/work_dir/backtests_eiie_20260414_163153_job74127_5c1ikwkh/runs/run_004/checkpoints/checkpoint-00004.pth: Copied (new)
2026/05/08 17:39:49 INFO  : NYSE_without_fees_2026-04-13_to_2026-04-15/work_dir/backtests_eiie_20260414_163153_job74127_5c1ikwkh/runs/run_004/checkpoints/checkpoint-00005.pth: Copied (new)
2026/05/08 17:39:49 INFO  : NYSE_without_fees_2026-04-13_to_2026-04-15/work_dir/backtests_eiie_20260414_163153_job74127_5c1ikwkh/runs/run_004/checkpoints/checkpoint-00007.pth: Copied (new)
2026/05/08 17:39:51 INFO  : NYSE_without_fees_2026-04-13_to_2026-04-15/work_dir/backtests_eiie_20260414_163153_job74127_5c1ikwkh/runs/run_004/checkpoints/checkpoint-00010.pth: Copied (new)
2026/05/08 17:39:51 INFO  : NYSE_without_fees_2026-04-13_to_2026-04-15/work_dir/backtests_eiie_20260414_163153_job74127_5c1ikwkh/runs/run_004/checkpoints/checkpoint-00009.pth: Copied (new)
2026/05/08 17:39:51 INFO  : NYSE_without_fees_2026-04-13_to_2026-04-15/work_dir/backtests_eiie_20260414_163153_job74127_5c1ikwkh/runs/run_004/checkpoints/checkpoint-00006.pth: Copied (new)
2026/05/08 17:39:51 INFO  : NYSE_without_fees_2026-04-13_to_2026-04-15/work_dir/backtests_eiie_20260414_094321_job74125_jbo5sdvx/runs/run_003/checkpoints/best.pth: Copied (new)
2026/05/08 17:39:51 INFO  : NYSE_without_fees_2026-04-13_to_2026-04-15/work_dir/backtests_eiie_20260414_094321_job74125_jbo5sdvx/runs/run_003/checkpoints/checkpoint-00002.pth: Copied (new)
2026/05/08 17:39:51 INFO  : NYSE_without_fees_2026-04-13_to_2026-04-15/work_dir/backtests_eiie_20260414_163153_job74127_5c1ikwkh/runs/run_004/checkpoints/checkpoint-00008.pth: Copied (new)
2026/05/08 17:39:51 INFO  : NYSE_without_fees_2026-04-13_to_2026-04-15/work_dir/backtests_eiie_20260414_094321_job74125_jbo5sdvx/runs/run_003/checkpoints/checkpoint-00001.pth: Copied (new)
2026/05/08 17:39:52 INFO  : NYSE_without_fees_2026-04-13_to_2026-04-15/work_dir/backtests_eiie_20260414_094321_job74125_jbo5sdvx/runs/run_003/checkpoints/checkpoint-00003.pth: Copied (new)
2026/05/08 17:39:53 INFO  : NYSE_without_fees_2026-04-13_to_2026-04-15/work_dir/backtests_eiie_20260414_094321_job74125_jbo5sdvx/runs/run_003/checkpoints/checkpoint-00004.pth: Copied (new)
2026/05/08 17:39:53 INFO  : NYSE_without_fees_2026-04-13_to_2026-04-15/work_dir/backtests_eiie_20260414_094321_job74125_jbo5sdvx/runs/run_003/checkpoints/checkpoint-00005.pth: Copied (new)
2026/05/08 17:39:53 INFO  : NYSE_without_fees_2026-04-13_to_2026-04-15/work_dir/backtests_eiie_20260414_094321_job74125_jbo5sdvx/runs/run_003/checkpoints/checkpoint-00008.pth: Copied (new)
2026/05/08 17:39:53 INFO  : NYSE_without_fees_2026-04-13_to_2026-04-15/work_dir/backtests_eiie_20260414_094321_job74125_jbo5sdvx/runs/run_003/checkpoints/checkpoint-00010.pth: Copied (new)
2026/05/08 17:39:53 INFO  : NYSE_without_fees_2026-04-13_to_2026-04-15/work_dir/backtests_eiie_20260414_094321_job74125_jbo5sdvx/runs/run_003/checkpoints/checkpoint-00009.pth: Copied (new)
2026/05/08 17:39:53 INFO  : NYSE_without_fees_2026-04-13_to_2026-04-15/work_dir/backtests_eiie_20260414_094321_job74125_jbo5sdvx/runs/run_003/checkpoints/checkpoint-00007.pth: Copied (new)
2026/05/08 17:39:53 INFO  : NYSE_without_fees_2026-04-13_to_2026-04-15/work_dir/backtests_eiie_20260414_094321_job74125_jbo5sdvx/runs/run_003/checkpoints/checkpoint-00006.pth: Copied (new)
2026/05/08 17:39:56 INFO  : NYSE_without_fees_2026-04-13_to_2026-04-15/work_dir/backtests_eiie_20260413_201351_job74121_gzd7n48c/runs/run_002/checkpoints/checkpoint-00002.pth: Copied (new)
2026/05/08 17:39:56 INFO  : NYSE_without_fees_2026-04-13_to_2026-04-15/work_dir/backtests_eiie_20260413_201351_job74121_gzd7n48c/runs/run_002/checkpoints/checkpoint-00003.pth: Copied (new)
2026/05/08 17:39:56 INFO  : NYSE_without_fees_2026-04-13_to_2026-04-15/work_dir/backtests_eiie_20260413_201351_job74121_gzd7n48c/runs/run_002/checkpoints/checkpoint-00007.pth: Copied (new)
2026/05/08 17:39:56 INFO  : NYSE_without_fees_2026-04-13_to_2026-04-15/work_dir/backtests_eiie_20260413_201351_job74121_gzd7n48c/runs/run_002/checkpoints/best.pth: Copied (new)
2026/05/08 17:39:56 INFO  : NYSE_without_fees_2026-04-13_to_2026-04-15/work_dir/backtests_eiie_20260413_201351_job74121_gzd7n48c/runs/run_002/checkpoints/checkpoint-00001.pth: Copied (new)
2026/05/08 17:39:56 INFO  : NYSE_without_fees_2026-04-13_to_2026-04-15/work_dir/backtests_eiie_20260413_201351_job74121_gzd7n48c/runs/run_002/checkpoints/checkpoint-00006.pth: Copied (new)
2026/05/08 17:39:56 INFO  : NYSE_without_fees_2026-04-13_to_2026-04-15/work_dir/backtests_eiie_20260413_201351_job74121_gzd7n48c/runs/run_002/checkpoints/checkpoint-00004.pth: Copied (new)
2026/05/08 17:39:57 INFO  : NYSE_without_fees_2026-04-13_to_2026-04-15/work_dir/backtests_eiie_20260413_201351_job74121_gzd7n48c/runs/run_002/checkpoints/checkpoint-00005.pth: Copied (new)
2026/05/08 17:40:00 INFO  : NYSE_without_fees_2026-04-13_to_2026-04-15/work_dir/backtests_eiie_20260413_201351_job74121_gzd7n48c/runs/run_002/checkpoints/checkpoint-00010.pth: Copied (new)
2026/05/08 17:40:00 INFO  : NYSE_without_fees_2026-04-13_to_2026-04-15/work_dir/backtests_eiie_20260413_201351_job74121_gzd7n48c/runs/run_002/checkpoints/checkpoint-00008.pth: Copied (new)
2026/05/08 17:40:00 INFO  : NYSE_without_fees_2026-04-13_to_2026-04-15/work_dir/backtests_eiie_20260413_201351_job74121_gzd7n48c/runs/run_002/checkpoints/checkpoint-00009.pth: Copied (new)
2026/05/08 17:40:00 INFO  : PSE_without_fees_2026-04-13_to_2026-04-15/work_dir/backtests_eiie_20260414_075610_job74141_jxq9e3d_/runs/run_002/Visualization_test.png: Copied (new)
2026/05/08 17:40:00 INFO  : PSE_without_fees_2026-04-13_to_2026-04-15/work_dir/backtests_eiie_20260414_075610_job74141_jxq9e3d_/runs/run_002/daily_turnover.json: Copied (new)
2026/05/08 17:40:00 INFO  : PSE_without_fees_2026-04-13_to_2026-04-15/work_dir/backtests_eiie_20260414_075610_job74141_jxq9e3d_/runs/run_002/daily_trades.json: Copied (new)
2026/05/08 17:40:01 INFO  : PSE_without_fees_2026-04-13_to_2026-04-15/work_dir/backtests_eiie_20260414_075610_job74141_jxq9e3d_/runs/run_002/equity_curve.csv: Copied (new)
2026/05/08 17:40:01 INFO  : PSE_without_fees_2026-04-13_to_2026-04-15/work_dir/backtests_eiie_20260414_075610_job74141_jxq9e3d_/runs/run_002/Visualization_valid.png: Copied (new)
2026/05/08 17:40:04 INFO  : NYSE_without_fees_2026-04-13_to_2026-04-15/work_dir/backtests_eiie_20260415_091734_job74132_bow7t52g/runs/run_001/checkpoints/checkpoint-00002.pth: Copied (new)
2026/05/08 17:40:28 INFO  : NYSE_without_fees_2026-04-13_to_2026-04-15/work_dir/backtests_eiie_20260415_091734_job74132_bow7t52g/runs/run_001/checkpoints/checkpoint-00003.pth: Copied (new)
2026/05/08 17:40:31 INFO  : NYSE_without_fees_2026-04-13_to_2026-04-15/work_dir/backtests_eiie_20260415_091734_job74132_bow7t52g/runs/run_001/checkpoints/checkpoint-00007.pth: Copied (new)
2026/05/08 17:40:32 INFO  : NYSE_without_fees_2026-04-13_to_2026-04-15/work_dir/backtests_eiie_20260415_091734_job74132_bow7t52g/runs/run_001/checkpoints/checkpoint-00005.pth: Copied (new)
2026/05/08 17:40:32 INFO  : NYSE_without_fees_2026-04-13_to_2026-04-15/work_dir/backtests_eiie_20260415_091734_job74132_bow7t52g/runs/run_001/checkpoints/checkpoint-00006.pth: Copied (new)
2026/05/08 17:40:32 INFO  : PSE_without_fees_2026-04-13_to_2026-04-15/work_dir/backtests_eiie_20260414_075610_job74141_jxq9e3d_/runs/run_002/metrics.json: Copied (new)
2026/05/08 17:40:33 INFO  : NYSE_without_fees_2026-04-13_to_2026-04-15/work_dir/backtests_eiie_20260415_091734_job74132_bow7t52g/runs/run_001/checkpoints/best.pth: Copied (new)
2026/05/08 17:40:33 INFO  : NYSE_without_fees_2026-04-13_to_2026-04-15/work_dir/backtests_eiie_20260415_091734_job74132_bow7t52g/runs/run_001/checkpoints/checkpoint-00001.pth: Copied (new)
2026/05/08 17:40:33 INFO  : NYSE_without_fees_2026-04-13_to_2026-04-15/work_dir/backtests_eiie_20260415_091734_job74132_bow7t52g/runs/run_001/checkpoints/checkpoint-00008.pth: Copied (new)
2026/05/08 17:40:33 INFO  : NYSE_without_fees_2026-04-13_to_2026-04-15/work_dir/backtests_eiie_20260415_091734_job74132_bow7t52g/runs/run_001/checkpoints/checkpoint-00004.pth: Copied (new)
2026/05/08 17:40:33 INFO  : PSE_without_fees_2026-04-13_to_2026-04-15/work_dir/backtests_eiie_20260414_075610_job74141_jxq9e3d_/runs/run_002/equity_curve.png: Copied (new)
2026/05/08 17:40:36 INFO  : NYSE_without_fees_2026-04-13_to_2026-04-15/work_dir/backtests_eiie_20260415_091734_job74132_bow7t52g/runs/run_001/checkpoints/checkpoint-00009.pth: Copied (new)
2026/05/08 17:40:36 INFO  : NYSE_without_fees_2026-04-13_to_2026-04-15/work_dir/backtests_eiie_20260415_091734_job74132_bow7t52g/runs/run_001/checkpoints/checkpoint-00010.pth: Copied (new)
2026/05/08 17:40:36 INFO  : NYSE_without_fees_2026-04-13_to_2026-04-15/work_dir/backtests_eiie_20260413_201351_job74121_gzd7n48c/runs/run_004/Visualization_test.png: Copied (new)
2026/05/08 17:40:36 INFO  : NYSE_without_fees_2026-04-13_to_2026-04-15/work_dir/backtests_eiie_20260413_201351_job74121_gzd7n48c/runs/run_004/equity_curve.csv: Copied (new)
2026/05/08 17:40:36 INFO  : NYSE_without_fees_2026-04-13_to_2026-04-15/work_dir/backtests_eiie_20260413_201351_job74121_gzd7n48c/runs/run_004/daily_turnover.json: Copied (new)
2026/05/08 17:40:36 INFO  : NYSE_without_fees_2026-04-13_to_2026-04-15/work_dir/backtests_eiie_20260413_201351_job74121_gzd7n48c/runs/run_004/daily_trades.json: Copied (new)
2026/05/08 17:40:37 INFO  : NYSE_without_fees_2026-04-13_to_2026-04-15/work_dir/backtests_eiie_20260413_201351_job74121_gzd7n48c/runs/run_004/equity_curve.png: Copied (new)
2026/05/08 17:40:37 INFO  : NYSE_without_fees_2026-04-13_to_2026-04-15/work_dir/backtests_eiie_20260413_201351_job74121_gzd7n48c/runs/run_004/Visualization_valid.png: Copied (new)
2026/05/08 17:40:41 INFO  : NYSE_without_fees_2026-04-13_to_2026-04-15/work_dir/backtests_eiie_20260413_201351_job74121_gzd7n48c/runs/run_004/metrics.json: Copied (new)
2026/05/08 17:40:42 INFO  : PSE_without_fees_2026-04-13_to_2026-04-15/work_dir/backtests_eiie_20260415_140329_job74151_2odpu3ez/prepared_data/clean_csv/test.csv: Copied (new)
2026/05/08 17:40:44 INFO  : PSE_without_fees_2026-04-13_to_2026-04-15/work_dir/backtests_eiie_20260415_140329_job74151_2odpu3ez/prepared_data/clean_csv/train.csv: Copied (new)
2026/05/08 17:40:44 INFO  : PSE_without_fees_2026-04-13_to_2026-04-15/work_dir/backtests_eiie_20260414_015729_job74139_46bfn538/runs/run_001/checkpoints/checkpoint-00003.pth: Copied (new)
2026/05/08 17:40:44 INFO  : PSE_without_fees_2026-04-13_to_2026-04-15/work_dir/backtests_eiie_20260414_015729_job74139_46bfn538/runs/run_001/checkpoints/best.pth: Copied (new)
2026/05/08 17:40:45 INFO  : PSE_without_fees_2026-04-13_to_2026-04-15/work_dir/backtests_eiie_20260414_015729_job74139_46bfn538/runs/run_001/checkpoints/checkpoint-00001.pth: Copied (new)
2026/05/08 17:40:45 INFO  : PSE_without_fees_2026-04-13_to_2026-04-15/work_dir/backtests_eiie_20260414_015729_job74139_46bfn538/runs/run_001/checkpoints/checkpoint-00002.pth: Copied (new)
2026/05/08 17:40:45 INFO  : PSE_without_fees_2026-04-13_to_2026-04-15/work_dir/backtests_eiie_20260415_140329_job74151_2odpu3ez/prepared_data/clean_csv/valid.csv: Copied (new)
2026/05/08 17:40:45 INFO  : PSE_without_fees_2026-04-13_to_2026-04-15/work_dir/backtests_eiie_20260414_015729_job74139_46bfn538/runs/run_001/checkpoints/checkpoint-00005.pth: Copied (new)
2026/05/08 17:40:45 INFO  : PSE_without_fees_2026-04-13_to_2026-04-15/work_dir/backtests_eiie_20260414_015729_job74139_46bfn538/runs/run_001/checkpoints/checkpoint-00004.pth: Copied (new)
2026/05/08 17:40:46 INFO  : PSE_without_fees_2026-04-13_to_2026-04-15/work_dir/backtests_eiie_20260414_015729_job74139_46bfn538/runs/run_001/checkpoints/checkpoint-00006.pth: Copied (new)
2026/05/08 17:40:49 INFO  : PSE_without_fees_2026-04-13_to_2026-04-15/work_dir/backtests_eiie_20260414_015729_job74139_46bfn538/runs/run_001/checkpoints/checkpoint-00008.pth: Copied (new)
2026/05/08 17:40:49 INFO  : PSE_without_fees_2026-04-13_to_2026-04-15/work_dir/backtests_eiie_20260414_015729_job74139_46bfn538/runs/run_001/checkpoints/checkpoint-00010.pth: Copied (new)
2026/05/08 17:40:49 INFO  : PSE_without_fees_2026-04-13_to_2026-04-15/work_dir/backtests_eiie_20260414_015729_job74139_46bfn538/runs/run_001/checkpoints/checkpoint-00009.pth: Copied (new)
2026/05/08 17:40:49 INFO  : PSE_without_fees_2026-04-13_to_2026-04-15/work_dir/backtests_eiie_20260414_015729_job74139_46bfn538/runs/run_001/checkpoints/checkpoint-00007.pth: Copied (new)
2026/05/08 17:40:49 INFO  : PSE_without_fees_2026-04-13_to_2026-04-15/work_dir/backtests_eiie_20260415_080216_job74149_0mddw9l9/runs/run_001/Visualization_test.png: Copied (new)
2026/05/08 17:40:51 INFO  : PSE_without_fees_2026-04-13_to_2026-04-15/work_dir/backtests_eiie_20260415_080216_job74149_0mddw9l9/runs/run_001/daily_trades.json: Copied (new)
2026/05/08 17:40:51 INFO  : NYSE_without_fees_2026-04-13_to_2026-04-15/work_dir/backtests_eiie_20260415_191636_job74135_ysebkrl3/runs/run_002/checkpoints/best.pth: Copied (new)
2026/05/08 17:40:51 INFO  : NYSE_without_fees_2026-04-13_to_2026-04-15/work_dir/backtests_eiie_20260415_191636_job74135_ysebkrl3/runs/run_002/checkpoints/checkpoint-00001.pth: Copied (new)
2026/05/08 17:40:51 INFO  : PSE_without_fees_2026-04-13_to_2026-04-15/work_dir/backtests_eiie_20260415_080216_job74149_0mddw9l9/runs/run_001/Visualization_valid.png: Copied (new)
2026/05/08 17:40:51 INFO  : NYSE_without_fees_2026-04-13_to_2026-04-15/work_dir/backtests_eiie_20260415_191636_job74135_ysebkrl3/runs/run_002/checkpoints/checkpoint-00003.pth: Copied (new)
2026/05/08 17:40:51 INFO  : NYSE_without_fees_2026-04-13_to_2026-04-15/work_dir/backtests_eiie_20260415_191636_job74135_ysebkrl3/runs/run_002/checkpoints/checkpoint-00002.pth: Copied (new)
2026/05/08 17:40:51 INFO  : NYSE_without_fees_2026-04-13_to_2026-04-15/work_dir/backtests_eiie_20260415_191636_job74135_ysebkrl3/runs/run_002/checkpoints/checkpoint-00005.pth: Copied (new)
2026/05/08 17:40:52 INFO  : NYSE_without_fees_2026-04-13_to_2026-04-15/work_dir/backtests_eiie_20260415_191636_job74135_ysebkrl3/runs/run_002/checkpoints/checkpoint-00004.pth: Copied (new)
2026/05/08 17:40:53 INFO  : NYSE_without_fees_2026-04-13_to_2026-04-15/work_dir/backtests_eiie_20260415_191636_job74135_ysebkrl3/runs/run_002/checkpoints/checkpoint-00006.pth: Copied (new)
2026/05/08 17:40:53 INFO  : NYSE_without_fees_2026-04-13_to_2026-04-15/work_dir/backtests_eiie_20260415_191636_job74135_ysebkrl3/runs/run_002/checkpoints/checkpoint-00007.pth: Copied (new)
2026/05/08 17:40:53 INFO  : NYSE_without_fees_2026-04-13_to_2026-04-15/work_dir/backtests_eiie_20260415_191636_job74135_ysebkrl3/runs/run_002/checkpoints/checkpoint-00010.pth: Copied (new)
2026/05/08 17:40:53 INFO  : NYSE_without_fees_2026-04-13_to_2026-04-15/work_dir/backtests_eiie_20260415_191636_job74135_ysebkrl3/runs/run_002/checkpoints/checkpoint-00008.pth: Copied (new)
2026/05/08 17:40:53 INFO  : PSE_without_fees_2026-04-13_to_2026-04-15/work_dir/backtests_eiie_20260415_080216_job74149_0mddw9l9/runs/run_001/daily_turnover.json: Copied (new)
2026/05/08 17:40:54 INFO  : NYSE_without_fees_2026-04-13_to_2026-04-15/work_dir/backtests_eiie_20260415_191636_job74135_ysebkrl3/runs/run_002/checkpoints/checkpoint-00009.pth: Copied (new)
2026/05/08 17:40:54 INFO  : PSE_without_fees_2026-04-13_to_2026-04-15/work_dir/backtests_eiie_20260415_080216_job74149_0mddw9l9/runs/run_001/equity_curve.csv: Copied (new)
2026/05/08 17:40:54 INFO  : PSE_without_fees_2026-04-13_to_2026-04-15/work_dir/backtests_eiie_20260415_080216_job74149_0mddw9l9/runs/run_001/equity_curve.png: Copied (new)
2026/05/08 17:40:55 INFO  : PSE_without_fees_2026-04-13_to_2026-04-15/work_dir/backtests_eiie_20260415_080216_job74149_0mddw9l9/runs/run_001/metrics.json: Copied (new)
2026/05/08 17:40:57 INFO  : PSE_without_fees_2026-04-13_to_2026-04-15/work_dir/backtests_eiie_20260414_045947_job74140_h8ucwjhj/runs/run_002/Visualization_test.png: Copied (new)
2026/05/08 17:40:58 INFO  : PSE_without_fees_2026-04-13_to_2026-04-15/work_dir/backtests_eiie_20260414_135115_job74143_q08j1hi1/runs/run_001/checkpoints/best.pth: Copied (new)
2026/05/08 17:40:58 INFO  : PSE_without_fees_2026-04-13_to_2026-04-15/work_dir/backtests_eiie_20260414_045947_job74140_h8ucwjhj/runs/run_002/metrics.json: Copied (new)
2026/05/08 17:40:58 INFO  : PSE_without_fees_2026-04-13_to_2026-04-15/work_dir/backtests_eiie_20260414_045947_job74140_h8ucwjhj/runs/run_002/daily_trades.json: Copied (new)
2026/05/08 17:40:58 INFO  : PSE_without_fees_2026-04-13_to_2026-04-15/work_dir/backtests_eiie_20260414_045947_job74140_h8ucwjhj/runs/run_002/equity_curve.csv: Copied (new)
2026/05/08 17:40:58 INFO  : PSE_without_fees_2026-04-13_to_2026-04-15/work_dir/backtests_eiie_20260414_045947_job74140_h8ucwjhj/runs/run_002/daily_turnover.json: Copied (new)
2026/05/08 17:40:59 INFO  : PSE_without_fees_2026-04-13_to_2026-04-15/work_dir/backtests_eiie_20260414_045947_job74140_h8ucwjhj/runs/run_002/equity_curve.png: Copied (new)
2026/05/08 17:40:59 INFO  : PSE_without_fees_2026-04-13_to_2026-04-15/work_dir/backtests_eiie_20260414_045947_job74140_h8ucwjhj/runs/run_002/Visualization_valid.png: Copied (new)
2026/05/08 17:41:00 INFO  : PSE_without_fees_2026-04-13_to_2026-04-15/work_dir/backtests_eiie_20260414_135115_job74143_q08j1hi1/runs/run_001/checkpoints/checkpoint-00001.pth: Copied (new)
2026/05/08 17:41:00 INFO  : PSE_without_fees_2026-04-13_to_2026-04-15/work_dir/backtests_eiie_20260414_135115_job74143_q08j1hi1/runs/run_001/checkpoints/checkpoint-00003.pth: Copied (new)
2026/05/08 17:41:00 INFO  : PSE_without_fees_2026-04-13_to_2026-04-15/work_dir/backtests_eiie_20260414_135115_job74143_q08j1hi1/runs/run_001/checkpoints/checkpoint-00002.pth: Copied (new)
2026/05/08 17:41:01 INFO  : PSE_without_fees_2026-04-13_to_2026-04-15/work_dir/backtests_eiie_20260414_135115_job74143_q08j1hi1/runs/run_001/checkpoints/checkpoint-00006.pth: Copied (new)
2026/05/08 17:41:01 INFO  : PSE_without_fees_2026-04-13_to_2026-04-15/work_dir/backtests_eiie_20260414_135115_job74143_q08j1hi1/runs/run_001/checkpoints/checkpoint-00005.pth: Copied (new)
2026/05/08 17:41:01 INFO  : PSE_without_fees_2026-04-13_to_2026-04-15/work_dir/backtests_eiie_20260414_135115_job74143_q08j1hi1/runs/run_001/checkpoints/checkpoint-00007.pth: Copied (new)
2026/05/08 17:41:01 INFO  : PSE_without_fees_2026-04-13_to_2026-04-15/work_dir/backtests_eiie_20260414_135115_job74143_q08j1hi1/runs/run_001/checkpoints/checkpoint-00004.pth: Copied (new)
2026/05/08 17:41:01 INFO  : PSE_without_fees_2026-04-13_to_2026-04-15/work_dir/backtests_eiie_20260414_135115_job74143_q08j1hi1/runs/run_001/checkpoints/checkpoint-00008.pth: Copied (new)
2026/05/08 17:41:03 INFO  : PSE_without_fees_2026-04-13_to_2026-04-15/work_dir/backtests_eiie_20260414_135115_job74143_q08j1hi1/runs/run_001/checkpoints/checkpoint-00009.pth: Copied (new)
2026/05/08 17:41:04 INFO  : PSE_without_fees_2026-04-13_to_2026-04-15/work_dir/backtests_eiie_20260414_135115_job74143_q08j1hi1/runs/run_001/checkpoints/checkpoint-00010.pth: Copied (new)
2026/05/08 17:41:05 INFO  : PSE_without_fees_2026-04-13_to_2026-04-15/work_dir/backtests_eiie_20260414_165644_job74144_dbwdzdc8/runs/run_002/Visualization_test.png: Copied (new)
2026/05/08 17:41:05 INFO  : PSE_without_fees_2026-04-13_to_2026-04-15/work_dir/backtests_eiie_20260414_165644_job74144_dbwdzdc8/runs/run_002/equity_curve.png: Copied (new)
2026/05/08 17:41:05 INFO  : PSE_without_fees_2026-04-13_to_2026-04-15/work_dir/backtests_eiie_20260414_165644_job74144_dbwdzdc8/runs/run_002/Visualization_valid.png: Copied (new)
2026/05/08 17:41:27 INFO  : NYSE_without_fees_2026-04-13_to_2026-04-15/work_dir/backtests_eiie_20260414_094321_job74125_jbo5sdvx/runs/run_004/Visualization_valid.png: Copied (new)
2026/05/08 17:41:29 INFO  : NYSE_without_fees_2026-04-13_to_2026-04-15/work_dir/backtests_eiie_20260414_094321_job74125_jbo5sdvx/runs/run_004/equity_curve.csv: Copied (new)
2026/05/08 17:41:32 INFO  : NYSE_without_fees_2026-04-13_to_2026-04-15/work_dir/backtests_eiie_20260414_094321_job74125_jbo5sdvx/runs/run_004/equity_curve.png: Copied (new)
2026/05/08 17:41:34 INFO  : NYSE_without_fees_2026-04-13_to_2026-04-15/work_dir/backtests_eiie_20260414_094321_job74125_jbo5sdvx/runs/run_004/metrics.json: Copied (new)
2026/05/08 17:41:37 INFO  : NYSE_without_fees_2026-04-13_to_2026-04-15/work_dir/backtests_eiie_20260414_030122_job74123_eryaem4m/runs/run_003/checkpoints/best.pth: Copied (new)
2026/05/08 17:41:40 INFO  : NYSE_without_fees_2026-04-13_to_2026-04-15/work_dir/backtests_eiie_20260414_030122_job74123_eryaem4m/runs/run_003/checkpoints/checkpoint-00001.pth: Copied (new)
2026/05/08 17:41:43 INFO  : NYSE_without_fees_2026-04-13_to_2026-04-15/work_dir/backtests_eiie_20260414_094321_job74125_jbo5sdvx/runs/run_004/daily_trades.json: Copied (new)
2026/05/08 17:41:43 INFO  : PSE_without_fees_2026-04-13_to_2026-04-15/work_dir/backtests_eiie_20260414_165644_job74144_dbwdzdc8/runs/run_002/equity_curve.csv: Copied (new)
2026/05/08 17:41:44 INFO  : NYSE_without_fees_2026-04-13_to_2026-04-15/work_dir/backtests_eiie_20260414_094321_job74125_jbo5sdvx/runs/run_004/daily_turnover.json: Copied (new)
2026/05/08 17:41:44 INFO  : PSE_without_fees_2026-04-13_to_2026-04-15/work_dir/backtests_eiie_20260414_165644_job74144_dbwdzdc8/runs/run_002/daily_turnover.json: Copied (new)
2026/05/08 17:41:44 INFO  : NYSE_without_fees_2026-04-13_to_2026-04-15/work_dir/backtests_eiie_20260414_030122_job74123_eryaem4m/runs/run_003/checkpoints/checkpoint-00002.pth: Copied (new)
2026/05/08 17:41:44 INFO  : PSE_without_fees_2026-04-13_to_2026-04-15/work_dir/backtests_eiie_20260414_165644_job74144_dbwdzdc8/runs/run_002/metrics.json: Copied (new)
2026/05/08 17:41:44 INFO  : NYSE_without_fees_2026-04-13_to_2026-04-15/work_dir/backtests_eiie_20260414_094321_job74125_jbo5sdvx/runs/run_004/Visualization_test.png: Copied (new)
2026/05/08 17:41:45 INFO  : NYSE_without_fees_2026-04-13_to_2026-04-15/work_dir/backtests_eiie_20260414_030122_job74123_eryaem4m/runs/run_003/checkpoints/checkpoint-00003.pth: Copied (new)
2026/05/08 17:41:45 INFO  : PSE_without_fees_2026-04-13_to_2026-04-15/work_dir/backtests_eiie_20260414_165644_job74144_dbwdzdc8/runs/run_002/daily_trades.json: Copied (new)
2026/05/08 17:41:46 INFO  : NYSE_without_fees_2026-04-13_to_2026-04-15/work_dir/backtests_eiie_20260414_030122_job74123_eryaem4m/runs/run_003/checkpoints/checkpoint-00004.pth: Copied (new)
2026/05/08 17:41:46 INFO  : NYSE_without_fees_2026-04-13_to_2026-04-15/work_dir/backtests_eiie_20260414_030122_job74123_eryaem4m/runs/run_003/checkpoints/checkpoint-00006.pth: Copied (new)
2026/05/08 17:41:46 INFO  : NYSE_without_fees_2026-04-13_to_2026-04-15/work_dir/backtests_eiie_20260414_030122_job74123_eryaem4m/runs/run_003/checkpoints/checkpoint-00008.pth: Copied (new)
2026/05/08 17:41:46 INFO  : NYSE_without_fees_2026-04-13_to_2026-04-15/work_dir/backtests_eiie_20260414_030122_job74123_eryaem4m/runs/run_003/checkpoints/checkpoint-00005.pth: Copied (new)
2026/05/08 17:41:47 INFO  : NYSE_without_fees_2026-04-13_to_2026-04-15/work_dir/backtests_eiie_20260414_030122_job74123_eryaem4m/runs/run_003/checkpoints/checkpoint-00009.pth: Copied (new)
2026/05/08 17:41:47 INFO  : NYSE_without_fees_2026-04-13_to_2026-04-15/work_dir/backtests_eiie_20260414_030122_job74123_eryaem4m/runs/run_003/checkpoints/checkpoint-00007.pth: Copied (new)
2026/05/08 17:41:48 INFO  : NYSE_without_fees_2026-04-13_to_2026-04-15/work_dir/backtests_eiie_20260414_030122_job74123_eryaem4m/runs/run_003/checkpoints/checkpoint-00010.pth: Copied (new)
2026/05/08 17:41:49 INFO  : NYSE_without_fees_2026-04-13_to_2026-04-15/work_dir/backtests_eiie_20260415_091734_job74132_bow7t52g/runs/run_003/Visualization_test.png: Copied (new)
2026/05/08 17:41:49 INFO  : NYSE_without_fees_2026-04-13_to_2026-04-15/work_dir/backtests_eiie_20260415_091734_job74132_bow7t52g/runs/run_003/daily_trades.json: Copied (new)
2026/05/08 17:41:49 INFO  : NYSE_without_fees_2026-04-13_to_2026-04-15/work_dir/backtests_eiie_20260415_091734_job74132_bow7t52g/runs/run_003/metrics.json: Copied (new)
2026/05/08 17:41:49 INFO  : NYSE_without_fees_2026-04-13_to_2026-04-15/work_dir/backtests_eiie_20260415_091734_job74132_bow7t52g/runs/run_003/daily_turnover.json: Copied (new)
2026/05/08 17:41:49 INFO  : NYSE_without_fees_2026-04-13_to_2026-04-15/work_dir/backtests_eiie_20260415_091734_job74132_bow7t52g/runs/run_003/Visualization_valid.png: Copied (new)
2026/05/08 17:41:49 INFO  : NYSE_without_fees_2026-04-13_to_2026-04-15/work_dir/backtests_eiie_20260415_091734_job74132_bow7t52g/runs/run_003/equity_curve.png: Copied (new)
2026/05/08 17:41:52 INFO  : NYSE_without_fees_2026-04-13_to_2026-04-15/work_dir/backtests_eiie_20260415_155439_job74134_d24w3yak/runs/run_001/checkpoints/best.pth: Copied (new)
2026/05/08 17:41:52 INFO  : NYSE_without_fees_2026-04-13_to_2026-04-15/work_dir/backtests_eiie_20260415_091734_job74132_bow7t52g/runs/run_003/equity_curve.csv: Copied (new)
2026/05/08 17:41:52 INFO  : NYSE_without_fees_2026-04-13_to_2026-04-15/work_dir/backtests_eiie_20260415_155439_job74134_d24w3yak/runs/run_001/checkpoints/checkpoint-00003.pth: Copied (new)
2026/05/08 17:41:52 INFO  : NYSE_without_fees_2026-04-13_to_2026-04-15/work_dir/backtests_eiie_20260415_155439_job74134_d24w3yak/runs/run_001/checkpoints/checkpoint-00004.pth: Copied (new)
2026/05/08 17:41:52 INFO  : NYSE_without_fees_2026-04-13_to_2026-04-15/work_dir/backtests_eiie_20260415_155439_job74134_d24w3yak/runs/run_001/checkpoints/checkpoint-00006.pth: Copied (new)
2026/05/08 17:41:52 INFO  : NYSE_without_fees_2026-04-13_to_2026-04-15/work_dir/backtests_eiie_20260415_155439_job74134_d24w3yak/runs/run_001/checkpoints/checkpoint-00001.pth: Copied (new)
2026/05/08 17:41:53 INFO  : NYSE_without_fees_2026-04-13_to_2026-04-15/work_dir/backtests_eiie_20260415_155439_job74134_d24w3yak/runs/run_001/checkpoints/checkpoint-00005.pth: Copied (new)
2026/05/08 17:41:53 INFO  : NYSE_without_fees_2026-04-13_to_2026-04-15/work_dir/backtests_eiie_20260415_155439_job74134_d24w3yak/runs/run_001/checkpoints/checkpoint-00002.pth: Copied (new)
2026/05/08 17:41:56 INFO  : NYSE_without_fees_2026-04-13_to_2026-04-15/work_dir/backtests_eiie_20260415_155439_job74134_d24w3yak/runs/run_001/checkpoints/checkpoint-00008.pth: Copied (new)
2026/05/08 17:41:56 INFO  : NYSE_without_fees_2026-04-13_to_2026-04-15/work_dir/backtests_eiie_20260415_155439_job74134_d24w3yak/runs/run_001/checkpoints/checkpoint-00007.pth: Copied (new)
2026/05/08 17:41:56 INFO  : NYSE_without_fees_2026-04-13_to_2026-04-15/work_dir/backtests_eiie_20260415_155439_job74134_d24w3yak/runs/run_001/checkpoints/checkpoint-00010.pth: Copied (new)
2026/05/08 17:41:56 INFO  : PSE_without_fees_2026-04-13_to_2026-04-15/work_dir/backtests_eiie_20260414_195953_job74145__xmyv0fz/runs/run_002/daily_trades.json: Copied (new)
2026/05/08 17:41:56 INFO  : PSE_without_fees_2026-04-13_to_2026-04-15/work_dir/backtests_eiie_20260414_195953_job74145__xmyv0fz/runs/run_002/daily_turnover.json: Copied (new)
2026/05/08 17:41:56 INFO  : NYSE_without_fees_2026-04-13_to_2026-04-15/work_dir/backtests_eiie_20260415_155439_job74134_d24w3yak/runs/run_001/checkpoints/checkpoint-00009.pth: Copied (new)
2026/05/08 17:41:57 INFO  : PSE_without_fees_2026-04-13_to_2026-04-15/work_dir/backtests_eiie_20260414_195953_job74145__xmyv0fz/runs/run_002/Visualization_test.png: Copied (new)
2026/05/08 17:41:57 INFO  : PSE_without_fees_2026-04-13_to_2026-04-15/work_dir/backtests_eiie_20260414_195953_job74145__xmyv0fz/runs/run_002/Visualization_valid.png: Copied (new)
2026/05/08 17:41:58 INFO  : PSE_without_fees_2026-04-13_to_2026-04-15/work_dir/backtests_eiie_20260414_195953_job74145__xmyv0fz/runs/run_002/equity_curve.csv: Copied (new)
2026/05/08 17:41:58 INFO  : PSE_without_fees_2026-04-13_to_2026-04-15/work_dir/backtests_eiie_20260414_195953_job74145__xmyv0fz/runs/run_002/equity_curve.png: Copied (new)
2026/05/08 17:42:00 INFO  : PSE_without_fees_2026-04-13_to_2026-04-15/work_dir/backtests_eiie_20260414_195953_job74145__xmyv0fz/runs/run_002/metrics.json: Copied (new)
2026/05/08 17:42:00 INFO  : NYSE_without_fees_2026-04-13_to_2026-04-15/work_dir/backtests_eiie_20260415_123453_job74133_kzz71nh_/runs/run_003/daily_trades.json: Copied (new)
2026/05/08 17:42:00 INFO  : NYSE_without_fees_2026-04-13_to_2026-04-15/work_dir/backtests_eiie_20260415_123453_job74133_kzz71nh_/runs/run_003/Visualization_test.png: Copied (new)
2026/05/08 17:42:00 INFO  : NYSE_without_fees_2026-04-13_to_2026-04-15/work_dir/backtests_eiie_20260415_123453_job74133_kzz71nh_/runs/run_003/equity_curve.csv: Copied (new)
2026/05/08 17:42:00 INFO  : NYSE_without_fees_2026-04-13_to_2026-04-15/work_dir/backtests_eiie_20260415_123453_job74133_kzz71nh_/runs/run_003/daily_turnover.json: Copied (new)
2026/05/08 17:42:00 INFO  : NYSE_without_fees_2026-04-13_to_2026-04-15/work_dir/backtests_eiie_20260415_123453_job74133_kzz71nh_/runs/run_003/Visualization_valid.png: Copied (new)
2026/05/08 17:42:01 INFO  : NYSE_without_fees_2026-04-13_to_2026-04-15/work_dir/backtests_eiie_20260415_123453_job74133_kzz71nh_/runs/run_003/equity_curve.png: Copied (new)
2026/05/08 17:42:01 INFO  : NYSE_without_fees_2026-04-13_to_2026-04-15/work_dir/backtests_eiie_20260415_123453_job74133_kzz71nh_/runs/run_003/metrics.json: Copied (new)
2026/05/08 17:42:31 INFO  : NYSE_without_fees_2026-04-13_to_2026-04-15/work_dir/backtests_eiie_20260414_195750_job74128_o_ywey2v/runs/run_004/daily_turnover.json: Copied (new)
2026/05/08 17:42:31 INFO  : NYSE_without_fees_2026-04-13_to_2026-04-15/work_dir/backtests_eiie_20260414_195750_job74128_o_ywey2v/runs/run_004/equity_curve.csv: Copied (new)
2026/05/08 17:42:32 INFO  : NYSE_without_fees_2026-04-13_to_2026-04-15/work_dir/backtests_eiie_20260414_195750_job74128_o_ywey2v/runs/run_004/daily_trades.json: Copied (new)
2026/05/08 17:42:32 INFO  : NYSE_without_fees_2026-04-13_to_2026-04-15/work_dir/backtests_eiie_20260415_023409_job74130_ujrrbycv/runs/run_004/daily_trades.json: Copied (new)
2026/05/08 17:42:32 INFO  : NYSE_without_fees_2026-04-13_to_2026-04-15/work_dir/backtests_eiie_20260415_023409_job74130_ujrrbycv/runs/run_004/Visualization_test.png: Copied (new)
2026/05/08 17:42:32 INFO  : NYSE_without_fees_2026-04-13_to_2026-04-15/work_dir/backtests_eiie_20260415_023409_job74130_ujrrbycv/runs/run_004/Visualization_valid.png: Copied (new)
2026/05/08 17:42:32 INFO  : NYSE_without_fees_2026-04-13_to_2026-04-15/work_dir/backtests_eiie_20260414_195750_job74128_o_ywey2v/runs/run_004/Visualization_valid.png: Copied (new)
2026/05/08 17:42:32 INFO  : NYSE_without_fees_2026-04-13_to_2026-04-15/work_dir/backtests_eiie_20260414_195750_job74128_o_ywey2v/runs/run_004/Visualization_test.png: Copied (new)
2026/05/08 17:42:34 INFO  : NYSE_without_fees_2026-04-13_to_2026-04-15/work_dir/backtests_eiie_20260415_023409_job74130_ujrrbycv/runs/run_004/equity_curve.csv: Copied (new)
2026/05/08 17:42:34 INFO  : NYSE_without_fees_2026-04-13_to_2026-04-15/work_dir/backtests_eiie_20260415_023409_job74130_ujrrbycv/runs/run_004/metrics.json: Copied (new)
2026/05/08 17:42:34 INFO  : NYSE_without_fees_2026-04-13_to_2026-04-15/work_dir/backtests_eiie_20260415_023409_job74130_ujrrbycv/runs/run_004/equity_curve.png: Copied (new)
2026/05/08 17:42:36 INFO  : NYSE_without_fees_2026-04-13_to_2026-04-15/work_dir/backtests_eiie_20260414_195750_job74128_o_ywey2v/runs/run_004/metrics.json: Copied (new)
2026/05/08 17:42:36 INFO  : PSE_without_fees_2026-04-13_to_2026-04-15/work_dir/backtests_eiie_20260413_195251_job74137_dvcd7s8x/runs/run_001/checkpoints/best.pth: Copied (new)
2026/05/08 17:42:36 INFO  : NYSE_without_fees_2026-04-13_to_2026-04-15/work_dir/backtests_eiie_20260414_195750_job74128_o_ywey2v/runs/run_004/equity_curve.png: Copied (new)
2026/05/08 17:42:37 INFO  : PSE_without_fees_2026-04-13_to_2026-04-15/work_dir/backtests_eiie_20260413_195251_job74137_dvcd7s8x/runs/run_001/checkpoints/checkpoint-00004.pth: Copied (new)
2026/05/08 17:42:37 INFO  : PSE_without_fees_2026-04-13_to_2026-04-15/work_dir/backtests_eiie_20260413_195251_job74137_dvcd7s8x/runs/run_001/checkpoints/checkpoint-00001.pth: Copied (new)
2026/05/08 17:42:37 INFO  : PSE_without_fees_2026-04-13_to_2026-04-15/work_dir/backtests_eiie_20260413_195251_job74137_dvcd7s8x/runs/run_001/checkpoints/checkpoint-00003.pth: Copied (new)
2026/05/08 17:42:38 INFO  : PSE_without_fees_2026-04-13_to_2026-04-15/work_dir/backtests_eiie_20260413_195251_job74137_dvcd7s8x/runs/run_001/checkpoints/checkpoint-00006.pth: Copied (new)
2026/05/08 17:42:38 INFO  : PSE_without_fees_2026-04-13_to_2026-04-15/work_dir/backtests_eiie_20260413_195251_job74137_dvcd7s8x/runs/run_001/checkpoints/checkpoint-00007.pth: Copied (new)
2026/05/08 17:42:39 INFO  : PSE_without_fees_2026-04-13_to_2026-04-15/work_dir/backtests_eiie_20260413_195251_job74137_dvcd7s8x/runs/run_001/checkpoints/checkpoint-00008.pth: Copied (new)
2026/05/08 17:42:39 INFO  : PSE_without_fees_2026-04-13_to_2026-04-15/work_dir/backtests_eiie_20260413_195251_job74137_dvcd7s8x/runs/run_001/checkpoints/checkpoint-00009.pth: Copied (new)
2026/05/08 17:42:39 INFO  : PSE_without_fees_2026-04-13_to_2026-04-15/work_dir/backtests_eiie_20260413_195251_job74137_dvcd7s8x/runs/run_001/checkpoints/checkpoint-00010.pth: Copied (new)
2026/05/08 17:42:42 INFO  : PSE_without_fees_2026-04-13_to_2026-04-15/work_dir/backtests_eiie_20260415_045928_job74148_9gausy9d/runs/run_001/equity_curve.csv: Copied (new)
2026/05/08 17:42:42 INFO  : PSE_without_fees_2026-04-13_to_2026-04-15/work_dir/backtests_eiie_20260415_045928_job74148_9gausy9d/runs/run_001/daily_trades.json: Copied (new)
2026/05/08 17:42:42 INFO  : PSE_without_fees_2026-04-13_to_2026-04-15/work_dir/backtests_eiie_20260415_045928_job74148_9gausy9d/runs/run_001/daily_turnover.json: Copied (new)
2026/05/08 17:42:42 INFO  : PSE_without_fees_2026-04-13_to_2026-04-15/work_dir/backtests_eiie_20260415_045928_job74148_9gausy9d/runs/run_001/Visualization_test.png: Copied (new)
2026/05/08 17:42:43 INFO  : PSE_without_fees_2026-04-13_to_2026-04-15/work_dir/backtests_eiie_20260415_045928_job74148_9gausy9d/runs/run_001/Visualization_valid.png: Copied (new)
2026/05/08 17:42:46 INFO  : PSE_without_fees_2026-04-13_to_2026-04-15/work_dir/backtests_eiie_20260414_105331_job74142_ufplj8k7/runs/run_001/checkpoints/best.pth: Copied (new)
2026/05/08 17:42:46 INFO  : PSE_without_fees_2026-04-13_to_2026-04-15/work_dir/backtests_eiie_20260415_045928_job74148_9gausy9d/runs/run_001/metrics.json: Copied (new)
2026/05/08 17:42:46 INFO  : PSE_without_fees_2026-04-13_to_2026-04-15/work_dir/backtests_eiie_20260414_105331_job74142_ufplj8k7/runs/run_001/checkpoints/checkpoint-00001.pth: Copied (new)
2026/05/08 17:42:46 INFO  : PSE_without_fees_2026-04-13_to_2026-04-15/work_dir/backtests_eiie_20260414_105331_job74142_ufplj8k7/runs/run_001/checkpoints/checkpoint-00002.pth: Copied (new)
2026/05/08 17:42:47 INFO  : NYSE_without_fees_2026-04-13_to_2026-04-15/work_dir/backtests_eiie_20260415_023409_job74130_ujrrbycv/runs/run_004/daily_turnover.json: Copied (new)
2026/05/08 17:42:47 INFO  : PSE_without_fees_2026-04-13_to_2026-04-15/work_dir/backtests_eiie_20260413_195251_job74137_dvcd7s8x/runs/run_001/checkpoints/checkpoint-00005.pth: Copied (new)
2026/05/08 17:42:47 INFO  : PSE_without_fees_2026-04-13_to_2026-04-15/work_dir/backtests_eiie_20260413_195251_job74137_dvcd7s8x/runs/run_001/checkpoints/checkpoint-00002.pth: Copied (new)
2026/05/08 17:42:47 INFO  : PSE_without_fees_2026-04-13_to_2026-04-15/work_dir/backtests_eiie_20260415_045928_job74148_9gausy9d/runs/run_001/equity_curve.png: Copied (new)
2026/05/08 17:42:48 INFO  : PSE_without_fees_2026-04-13_to_2026-04-15/work_dir/backtests_eiie_20260414_105331_job74142_ufplj8k7/runs/run_001/checkpoints/checkpoint-00003.pth: Copied (new)
2026/05/08 17:42:49 INFO  : PSE_without_fees_2026-04-13_to_2026-04-15/work_dir/backtests_eiie_20260414_105331_job74142_ufplj8k7/runs/run_001/checkpoints/checkpoint-00005.pth: Copied (new)
2026/05/08 17:42:49 INFO  : PSE_without_fees_2026-04-13_to_2026-04-15/work_dir/backtests_eiie_20260414_105331_job74142_ufplj8k7/runs/run_001/checkpoints/checkpoint-00009.pth: Copied (new)
2026/05/08 17:42:49 INFO  : PSE_without_fees_2026-04-13_to_2026-04-15/work_dir/backtests_eiie_20260414_105331_job74142_ufplj8k7/runs/run_001/checkpoints/checkpoint-00004.pth: Copied (new)
2026/05/08 17:42:49 INFO  : PSE_without_fees_2026-04-13_to_2026-04-15/work_dir/backtests_eiie_20260414_105331_job74142_ufplj8k7/runs/run_001/checkpoints/checkpoint-00008.pth: Copied (new)
2026/05/08 17:42:49 INFO  : PSE_without_fees_2026-04-13_to_2026-04-15/work_dir/backtests_eiie_20260414_105331_job74142_ufplj8k7/runs/run_001/checkpoints/checkpoint-00006.pth: Copied (new)
2026/05/08 17:42:49 INFO  : PSE_without_fees_2026-04-13_to_2026-04-15/work_dir/backtests_eiie_20260414_105331_job74142_ufplj8k7/runs/run_001/checkpoints/checkpoint-00007.pth: Copied (new)
2026/05/08 17:42:49 INFO  : PSE_without_fees_2026-04-13_to_2026-04-15/work_dir/backtests_eiie_20260414_105331_job74142_ufplj8k7/runs/run_001/checkpoints/checkpoint-00010.pth: Copied (new)
2026/05/08 17:42:53 INFO  : NYSE_without_fees_2026-04-13_to_2026-04-15/work_dir/backtests_eiie_20260414_094321_job74125_jbo5sdvx/runs/run_005/Visualization_test.png: Copied (new)
2026/05/08 17:42:55 INFO  : NYSE_without_fees_2026-04-13_to_2026-04-15/work_dir/backtests_eiie_20260414_094321_job74125_jbo5sdvx/runs/run_005/daily_turnover.json: Copied (new)
2026/05/08 17:42:55 INFO  : NYSE_without_fees_2026-04-13_to_2026-04-15/work_dir/backtests_eiie_20260414_094321_job74125_jbo5sdvx/runs/run_005/daily_trades.json: Copied (new)
2026/05/08 17:42:55 INFO  : NYSE_without_fees_2026-04-13_to_2026-04-15/work_dir/backtests_eiie_20260414_094321_job74125_jbo5sdvx/runs/run_005/equity_curve.csv: Copied (new)
2026/05/08 17:42:55 INFO  : NYSE_without_fees_2026-04-13_to_2026-04-15/work_dir/backtests_eiie_20260414_094321_job74125_jbo5sdvx/runs/run_005/metrics.json: Copied (new)
2026/05/08 17:42:55 INFO  : NYSE_without_fees_2026-04-13_to_2026-04-15/work_dir/backtests_eiie_20260414_094321_job74125_jbo5sdvx/runs/run_005/Visualization_valid.png: Copied (new)
2026/05/08 17:42:56 INFO  : PSE_without_fees_2026-04-13_to_2026-04-15/work_dir/backtests_eiie_20260414_015729_job74139_46bfn538/runs/run_003/Visualization_test.png: Copied (new)
2026/05/08 17:42:56 INFO  : NYSE_without_fees_2026-04-13_to_2026-04-15/work_dir/backtests_eiie_20260414_094321_job74125_jbo5sdvx/runs/run_005/equity_curve.png: Copied (new)
2026/05/08 17:42:56 INFO  : PSE_without_fees_2026-04-13_to_2026-04-15/work_dir/backtests_eiie_20260414_015729_job74139_46bfn538/runs/run_003/Visualization_valid.png: Copied (new)
2026/05/08 17:42:57 INFO  : PSE_without_fees_2026-04-13_to_2026-04-15/work_dir/backtests_eiie_20260414_015729_job74139_46bfn538/runs/run_003/daily_trades.json: Copied (new)
2026/05/08 17:42:57 INFO  : PSE_without_fees_2026-04-13_to_2026-04-15/work_dir/backtests_eiie_20260414_015729_job74139_46bfn538/runs/run_003/daily_turnover.json: Copied (new)
2026/05/08 17:42:58 INFO  : PSE_without_fees_2026-04-13_to_2026-04-15/work_dir/backtests_eiie_20260414_015729_job74139_46bfn538/runs/run_003/equity_curve.png: Copied (new)
2026/05/08 17:42:59 INFO  : PSE_without_fees_2026-04-13_to_2026-04-15/work_dir/backtests_eiie_20260414_015729_job74139_46bfn538/runs/run_003/equity_curve.csv: Copied (new)
2026/05/08 17:42:59 INFO  : PSE_without_fees_2026-04-13_to_2026-04-15/work_dir/backtests_eiie_20260414_015729_job74139_46bfn538/runs/run_003/metrics.json: Copied (new)
2026/05/08 17:43:00 INFO  : PSE_without_fees_2026-04-13_to_2026-04-15/work_dir/backtests_eiie_20260415_020042_job74147_86qdx6pe/runs/run_002/daily_turnover.json: Copied (new)
2026/05/08 17:43:00 INFO  : PSE_without_fees_2026-04-13_to_2026-04-15/work_dir/backtests_eiie_20260415_020042_job74147_86qdx6pe/runs/run_002/equity_curve.csv: Copied (new)
2026/05/08 17:43:00 INFO  : PSE_without_fees_2026-04-13_to_2026-04-15/work_dir/backtests_eiie_20260415_020042_job74147_86qdx6pe/runs/run_002/daily_trades.json: Copied (new)
2026/05/08 17:43:00 INFO  : PSE_without_fees_2026-04-13_to_2026-04-15/work_dir/backtests_eiie_20260415_020042_job74147_86qdx6pe/runs/run_002/Visualization_test.png: Copied (new)
2026/05/08 17:43:00 INFO  : PSE_without_fees_2026-04-13_to_2026-04-15/work_dir/backtests_eiie_20260415_020042_job74147_86qdx6pe/runs/run_002/Visualization_valid.png: Copied (new)
2026/05/08 17:43:01 INFO  : PSE_without_fees_2026-04-13_to_2026-04-15/work_dir/backtests_eiie_20260415_020042_job74147_86qdx6pe/runs/run_002/equity_curve.png: Copied (new)
2026/05/08 17:43:03 INFO  : PSE_without_fees_2026-04-13_to_2026-04-15/work_dir/backtests_eiie_20260415_020042_job74147_86qdx6pe/runs/run_002/metrics.json: Copied (new)
2026/05/08 17:43:03 INFO  : NYSE_without_fees_2026-04-13_to_2026-04-15/work_dir/backtests_eiie_20260414_030122_job74123_eryaem4m/runs/run_005/equity_curve.csv: Copied (new)
2026/05/08 17:43:03 INFO  : NYSE_without_fees_2026-04-13_to_2026-04-15/work_dir/backtests_eiie_20260414_030122_job74123_eryaem4m/runs/run_005/daily_turnover.json: Copied (new)
2026/05/08 17:43:03 INFO  : NYSE_without_fees_2026-04-13_to_2026-04-15/work_dir/backtests_eiie_20260414_030122_job74123_eryaem4m/runs/run_005/metrics.json: Copied (new)
2026/05/08 17:43:04 INFO  : NYSE_without_fees_2026-04-13_to_2026-04-15/work_dir/backtests_eiie_20260414_030122_job74123_eryaem4m/runs/run_005/daily_trades.json: Copied (new)
2026/05/08 17:43:04 INFO  : NYSE_without_fees_2026-04-13_to_2026-04-15/work_dir/backtests_eiie_20260414_030122_job74123_eryaem4m/runs/run_005/Visualization_test.png: Copied (new)
2026/05/08 17:43:04 INFO  : NYSE_without_fees_2026-04-13_to_2026-04-15/work_dir/backtests_eiie_20260414_030122_job74123_eryaem4m/runs/run_005/equity_curve.png: Copied (new)
2026/05/08 17:43:04 INFO  : NYSE_without_fees_2026-04-13_to_2026-04-15/work_dir/backtests_eiie_20260414_030122_job74123_eryaem4m/runs/run_005/Visualization_valid.png: Copied (new)
2026/05/08 17:43:07 INFO  : PSE_without_fees_2026-04-13_to_2026-04-15/work_dir/backtests_eiie_20260414_225950_job74146_ur5evt9d/runs/run_001/checkpoints/checkpoint-00007.pth: Copied (new)
2026/05/08 17:43:07 INFO  : PSE_without_fees_2026-04-13_to_2026-04-15/work_dir/backtests_eiie_20260414_225950_job74146_ur5evt9d/runs/run_001/checkpoints/checkpoint-00004.pth: Copied (new)
2026/05/08 17:43:07 INFO  : PSE_without_fees_2026-04-13_to_2026-04-15/work_dir/backtests_eiie_20260414_225950_job74146_ur5evt9d/runs/run_001/checkpoints/checkpoint-00003.pth: Copied (new)
2026/05/08 17:43:07 INFO  : PSE_without_fees_2026-04-13_to_2026-04-15/work_dir/backtests_eiie_20260414_225950_job74146_ur5evt9d/runs/run_001/checkpoints/checkpoint-00006.pth: Copied (new)
2026/05/08 17:43:08 INFO  : PSE_without_fees_2026-04-13_to_2026-04-15/work_dir/backtests_eiie_20260414_225950_job74146_ur5evt9d/runs/run_001/checkpoints/checkpoint-00001.pth: Copied (new)
2026/05/08 17:43:30 INFO  : PSE_without_fees_2026-04-13_to_2026-04-15/work_dir/backtests_eiie_20260414_225950_job74146_ur5evt9d/runs/run_001/checkpoints/checkpoint-00008.pth: Copied (new)
2026/05/08 17:43:30 INFO  : PSE_without_fees_2026-04-13_to_2026-04-15/work_dir/backtests_eiie_20260414_225950_job74146_ur5evt9d/runs/run_001/checkpoints/checkpoint-00005.pth: Copied (new)
2026/05/08 17:43:30 INFO  : NYSE_without_fees_2026-04-13_to_2026-04-15/work_dir/backtests_eiie_20260415_155439_job74134_d24w3yak/runs/run_003/Visualization_test.png: Copied (new)
2026/05/08 17:43:30 INFO  : PSE_without_fees_2026-04-13_to_2026-04-15/work_dir/backtests_eiie_20260414_225950_job74146_ur5evt9d/runs/run_001/checkpoints/checkpoint-00009.pth: Copied (new)
2026/05/08 17:43:30 INFO  : PSE_without_fees_2026-04-13_to_2026-04-15/work_dir/backtests_eiie_20260414_225950_job74146_ur5evt9d/runs/run_001/checkpoints/checkpoint-00002.pth: Copied (new)
2026/05/08 17:43:30 INFO  : PSE_without_fees_2026-04-13_to_2026-04-15/work_dir/backtests_eiie_20260414_225950_job74146_ur5evt9d/runs/run_001/checkpoints/checkpoint-00010.pth: Copied (new)
2026/05/08 17:43:31 INFO  : PSE_without_fees_2026-04-13_to_2026-04-15/work_dir/backtests_eiie_20260414_225950_job74146_ur5evt9d/runs/run_001/checkpoints/best.pth: Copied (new)
2026/05/08 17:43:32 INFO  : NYSE_without_fees_2026-04-13_to_2026-04-15/work_dir/backtests_eiie_20260415_155439_job74134_d24w3yak/runs/run_003/Visualization_valid.png: Copied (new)
2026/05/08 17:43:34 INFO  : NYSE_without_fees_2026-04-13_to_2026-04-15/work_dir/backtests_eiie_20260415_155439_job74134_d24w3yak/runs/run_003/daily_trades.json: Copied (new)
2026/05/08 17:43:34 INFO  : NYSE_without_fees_2026-04-13_to_2026-04-15/work_dir/backtests_eiie_20260415_155439_job74134_d24w3yak/runs/run_003/daily_turnover.json: Copied (new)
2026/05/08 17:43:34 INFO  : NYSE_without_fees_2026-04-13_to_2026-04-15/work_dir/backtests_eiie_20260415_155439_job74134_d24w3yak/runs/run_003/equity_curve.csv: Copied (new)
2026/05/08 17:43:34 INFO  : NYSE_without_fees_2026-04-13_to_2026-04-15/work_dir/backtests_eiie_20260415_155439_job74134_d24w3yak/runs/run_003/metrics.json: Copied (new)
2026/05/08 17:43:35 INFO  : PSE_without_fees_2026-04-13_to_2026-04-15/work_dir/backtests_eiie_20260414_135115_job74143_q08j1hi1/runs/run_003/Visualization_test.png: Copied (new)
2026/05/08 17:43:35 INFO  : NYSE_without_fees_2026-04-13_to_2026-04-15/work_dir/backtests_eiie_20260415_155439_job74134_d24w3yak/runs/run_003/equity_curve.png: Copied (new)
2026/05/08 17:43:35 INFO  : PSE_without_fees_2026-04-13_to_2026-04-15/work_dir/backtests_eiie_20260414_135115_job74143_q08j1hi1/runs/run_003/Visualization_valid.png: Copied (new)
2026/05/08 17:43:36 INFO  : PSE_without_fees_2026-04-13_to_2026-04-15/work_dir/backtests_eiie_20260414_135115_job74143_q08j1hi1/runs/run_003/metrics.json: Copied (new)
2026/05/08 17:43:36 INFO  : PSE_without_fees_2026-04-13_to_2026-04-15/work_dir/backtests_eiie_20260414_135115_job74143_q08j1hi1/runs/run_003/equity_curve.csv: Copied (new)
2026/05/08 17:43:37 INFO  : PSE_without_fees_2026-04-13_to_2026-04-15/work_dir/backtests_eiie_20260414_135115_job74143_q08j1hi1/runs/run_003/equity_curve.png: Copied (new)
2026/05/08 17:43:38 INFO  : PSE_without_fees_2026-04-13_to_2026-04-15/work_dir/backtests_eiie_20260414_135115_job74143_q08j1hi1/runs/run_003/daily_trades.json: Copied (new)
2026/05/08 17:43:38 INFO  : PSE_without_fees_2026-04-13_to_2026-04-15/work_dir/backtests_eiie_20260414_135115_job74143_q08j1hi1/runs/run_003/daily_turnover.json: Copied (new)
2026/05/08 17:43:38 INFO  : PSE_without_fees_2026-04-13_to_2026-04-15/work_dir/backtests_eiie_20260413_195251_job74137_dvcd7s8x/runs/run_003/daily_turnover.json: Copied (new)
2026/05/08 17:43:39 INFO  : PSE_without_fees_2026-04-13_to_2026-04-15/work_dir/backtests_eiie_20260413_195251_job74137_dvcd7s8x/runs/run_003/daily_trades.json: Copied (new)
2026/05/08 17:43:39 INFO  : PSE_without_fees_2026-04-13_to_2026-04-15/work_dir/backtests_eiie_20260413_195251_job74137_dvcd7s8x/runs/run_003/equity_curve.csv: Copied (new)
2026/05/08 17:43:39 INFO  : PSE_without_fees_2026-04-13_to_2026-04-15/work_dir/backtests_eiie_20260413_195251_job74137_dvcd7s8x/runs/run_003/Visualization_test.png: Copied (new)
2026/05/08 17:43:39 INFO  : PSE_without_fees_2026-04-13_to_2026-04-15/work_dir/backtests_eiie_20260413_195251_job74137_dvcd7s8x/runs/run_003/Visualization_valid.png: Copied (new)
2026/05/08 17:43:39 INFO  : PSE_without_fees_2026-04-13_to_2026-04-15/work_dir/backtests_eiie_20260413_195251_job74137_dvcd7s8x/runs/run_003/equity_curve.png: Copied (new)
2026/05/08 17:43:42 INFO  : PSE_without_fees_2026-04-13_to_2026-04-15/work_dir/backtests_eiie_20260413_195251_job74137_dvcd7s8x/runs/run_003/metrics.json: Copied (new)
2026/05/08 17:43:42 INFO  : PSE_without_fees_2026-04-13_to_2026-04-15/work_dir/backtests_eiie_20260413_165222_job74136_gkc4fhnc/runs/run_001/checkpoints/best.pth: Copied (new)
2026/05/08 17:43:42 INFO  : PSE_without_fees_2026-04-13_to_2026-04-15/work_dir/backtests_eiie_20260413_165222_job74136_gkc4fhnc/runs/run_001/checkpoints/checkpoint-00004.pth: Copied (new)
2026/05/08 17:43:43 INFO  : PSE_without_fees_2026-04-13_to_2026-04-15/work_dir/backtests_eiie_20260413_165222_job74136_gkc4fhnc/runs/run_001/checkpoints/checkpoint-00003.pth: Copied (new)
2026/05/08 17:43:43 INFO  : PSE_without_fees_2026-04-13_to_2026-04-15/work_dir/backtests_eiie_20260413_165222_job74136_gkc4fhnc/runs/run_001/checkpoints/checkpoint-00001.pth: Copied (new)
2026/05/08 17:43:43 INFO  : PSE_without_fees_2026-04-13_to_2026-04-15/work_dir/backtests_eiie_20260413_165222_job74136_gkc4fhnc/runs/run_001/checkpoints/checkpoint-00006.pth: Copied (new)
2026/05/08 17:43:43 INFO  : PSE_without_fees_2026-04-13_to_2026-04-15/work_dir/backtests_eiie_20260413_165222_job74136_gkc4fhnc/runs/run_001/checkpoints/checkpoint-00005.pth: Copied (new)
2026/05/08 17:43:43 INFO  : PSE_without_fees_2026-04-13_to_2026-04-15/work_dir/backtests_eiie_20260413_165222_job74136_gkc4fhnc/runs/run_001/checkpoints/checkpoint-00002.pth: Copied (new)
2026/05/08 17:43:44 INFO  : PSE_without_fees_2026-04-13_to_2026-04-15/work_dir/backtests_eiie_20260413_165222_job74136_gkc4fhnc/runs/run_001/checkpoints/checkpoint-00007.pth: Copied (new)
2026/05/08 17:43:46 INFO  : PSE_without_fees_2026-04-13_to_2026-04-15/work_dir/backtests_eiie_20260413_165222_job74136_gkc4fhnc/runs/run_001/checkpoints/checkpoint-00008.pth: Copied (new)
2026/05/08 17:43:46 INFO  : NYSE_without_fees_2026-04-13_to_2026-04-15/work_dir/backtests_eiie_20260415_191636_job74135_ysebkrl3/runs/run_004/equity_curve.csv: Copied (new)
2026/05/08 17:43:47 INFO  : PSE_without_fees_2026-04-13_to_2026-04-15/work_dir/backtests_eiie_20260413_165222_job74136_gkc4fhnc/runs/run_001/checkpoints/checkpoint-00009.pth: Copied (new)
2026/05/08 17:43:47 INFO  : PSE_without_fees_2026-04-13_to_2026-04-15/work_dir/backtests_eiie_20260413_165222_job74136_gkc4fhnc/runs/run_001/checkpoints/checkpoint-00010.pth: Copied (new)
2026/05/08 17:43:47 INFO  : NYSE_without_fees_2026-04-13_to_2026-04-15/work_dir/backtests_eiie_20260415_191636_job74135_ysebkrl3/runs/run_004/daily_turnover.json: Copied (new)
2026/05/08 17:43:47 INFO  : NYSE_without_fees_2026-04-13_to_2026-04-15/work_dir/backtests_eiie_20260415_191636_job74135_ysebkrl3/runs/run_004/Visualization_test.png: Copied (new)
2026/05/08 17:43:47 INFO  : NYSE_without_fees_2026-04-13_to_2026-04-15/work_dir/backtests_eiie_20260415_191636_job74135_ysebkrl3/runs/run_004/daily_trades.json: Copied (new)
2026/05/08 17:43:47 INFO  : NYSE_without_fees_2026-04-13_to_2026-04-15/work_dir/backtests_eiie_20260415_191636_job74135_ysebkrl3/runs/run_004/Visualization_valid.png: Copied (new)
2026/05/08 17:43:50 INFO  : NYSE_without_fees_2026-04-13_to_2026-04-15/work_dir/backtests_eiie_20260415_191636_job74135_ysebkrl3/runs/run_004/metrics.json: Copied (new)
2026/05/08 17:43:50 INFO  : PSE_without_fees_2026-04-13_to_2026-04-15/work_dir/backtests_eiie_20260415_110513_job74150_f5h5w0n8/runs/run_001/daily_turnover.json: Copied (new)
2026/05/08 17:43:50 INFO  : PSE_without_fees_2026-04-13_to_2026-04-15/work_dir/backtests_eiie_20260415_110513_job74150_f5h5w0n8/runs/run_001/daily_trades.json: Copied (new)
2026/05/08 17:43:50 INFO  : NYSE_without_fees_2026-04-13_to_2026-04-15/work_dir/backtests_eiie_20260415_191636_job74135_ysebkrl3/runs/run_004/equity_curve.png: Copied (new)
2026/05/08 17:43:50 INFO  : PSE_without_fees_2026-04-13_to_2026-04-15/work_dir/backtests_eiie_20260415_110513_job74150_f5h5w0n8/runs/run_001/Visualization_test.png: Copied (new)
2026/05/08 17:43:50 INFO  : PSE_without_fees_2026-04-13_to_2026-04-15/work_dir/backtests_eiie_20260415_110513_job74150_f5h5w0n8/runs/run_001/equity_curve.csv: Copied (new)
2026/05/08 17:43:51 INFO  : PSE_without_fees_2026-04-13_to_2026-04-15/work_dir/backtests_eiie_20260415_110513_job74150_f5h5w0n8/runs/run_001/Visualization_valid.png: Copied (new)
2026/05/08 17:43:51 INFO  : PSE_without_fees_2026-04-13_to_2026-04-15/work_dir/backtests_eiie_20260415_110513_job74150_f5h5w0n8/runs/run_001/equity_curve.png: Copied (new)
2026/05/08 17:43:54 INFO  : PSE_without_fees_2026-04-13_to_2026-04-15/work_dir/backtests_eiie_20260415_110513_job74150_f5h5w0n8/runs/run_001/metrics.json: Copied (new)
2026/05/08 17:43:54 INFO  : PSE_without_fees_2026-04-13_to_2026-04-15/work_dir/backtests_eiie_20260414_105331_job74142_ufplj8k7/runs/run_003/daily_trades.json: Copied (new)
2026/05/08 17:43:54 INFO  : PSE_without_fees_2026-04-13_to_2026-04-15/work_dir/backtests_eiie_20260414_105331_job74142_ufplj8k7/runs/run_003/daily_turnover.json: Copied (new)
2026/05/08 17:43:54 INFO  : PSE_without_fees_2026-04-13_to_2026-04-15/work_dir/backtests_eiie_20260414_105331_job74142_ufplj8k7/runs/run_003/equity_curve.csv: Copied (new)
2026/05/08 17:43:54 INFO  : PSE_without_fees_2026-04-13_to_2026-04-15/work_dir/backtests_eiie_20260414_105331_job74142_ufplj8k7/runs/run_003/metrics.json: Copied (new)
2026/05/08 17:43:54 INFO  : PSE_without_fees_2026-04-13_to_2026-04-15/work_dir/backtests_eiie_20260414_105331_job74142_ufplj8k7/runs/run_003/Visualization_test.png: Copied (new)
2026/05/08 17:43:54 INFO  : PSE_without_fees_2026-04-13_to_2026-04-15/work_dir/backtests_eiie_20260414_105331_job74142_ufplj8k7/runs/run_003/Visualization_valid.png: Copied (new)
2026/05/08 17:43:54 INFO  : PSE_without_fees_2026-04-13_to_2026-04-15/work_dir/backtests_eiie_20260414_105331_job74142_ufplj8k7/runs/run_003/equity_curve.png: Copied (new)
2026/05/08 17:43:58 INFO  : NYSE_without_fees_2026-04-13_to_2026-04-15/work_dir/backtests_eiie_20260414_130918_job74126_62nqsn3t/runs/run_003/checkpoints/checkpoint-00005.pth: Copied (new)
2026/05/08 17:43:58 INFO  : NYSE_without_fees_2026-04-13_to_2026-04-15/work_dir/backtests_eiie_20260414_130918_job74126_62nqsn3t/runs/run_003/checkpoints/checkpoint-00001.pth: Copied (new)
2026/05/08 17:43:58 INFO  : NYSE_without_fees_2026-04-13_to_2026-04-15/work_dir/backtests_eiie_20260414_130918_job74126_62nqsn3t/runs/run_003/checkpoints/best.pth: Copied (new)
2026/05/08 17:43:58 INFO  : NYSE_without_fees_2026-04-13_to_2026-04-15/work_dir/backtests_eiie_20260414_130918_job74126_62nqsn3t/runs/run_003/checkpoints/checkpoint-00004.pth: Copied (new)
2026/05/08 17:43:58 INFO  : NYSE_without_fees_2026-04-13_to_2026-04-15/work_dir/backtests_eiie_20260414_130918_job74126_62nqsn3t/runs/run_003/checkpoints/checkpoint-00002.pth: Copied (new)
2026/05/08 17:43:58 INFO  : NYSE_without_fees_2026-04-13_to_2026-04-15/work_dir/backtests_eiie_20260414_130918_job74126_62nqsn3t/runs/run_003/checkpoints/checkpoint-00007.pth: Copied (new)
2026/05/08 17:43:58 INFO  : NYSE_without_fees_2026-04-13_to_2026-04-15/work_dir/backtests_eiie_20260414_130918_job74126_62nqsn3t/runs/run_003/checkpoints/checkpoint-00006.pth: Copied (new)
2026/05/08 17:43:58 INFO  : NYSE_without_fees_2026-04-13_to_2026-04-15/work_dir/backtests_eiie_20260414_130918_job74126_62nqsn3t/runs/run_003/checkpoints/checkpoint-00003.pth: Copied (new)
2026/05/08 17:44:02 INFO  : NYSE_without_fees_2026-04-13_to_2026-04-15/work_dir/backtests_eiie_20260414_130918_job74126_62nqsn3t/runs/run_003/checkpoints/checkpoint-00010.pth: Copied (new)
2026/05/08 17:44:02 INFO  : NYSE_without_fees_2026-04-13_to_2026-04-15/work_dir/backtests_eiie_20260414_163153_job74127_5c1ikwkh/runs/run_005/checkpoints/best.pth: Copied (new)
2026/05/08 17:44:02 INFO  : NYSE_without_fees_2026-04-13_to_2026-04-15/work_dir/backtests_eiie_20260414_130918_job74126_62nqsn3t/runs/run_003/checkpoints/checkpoint-00008.pth: Copied (new)
2026/05/08 17:44:02 INFO  : NYSE_without_fees_2026-04-13_to_2026-04-15/work_dir/backtests_eiie_20260414_130918_job74126_62nqsn3t/runs/run_003/checkpoints/checkpoint-00009.pth: Copied (new)
2026/05/08 17:44:02 INFO  : NYSE_without_fees_2026-04-13_to_2026-04-15/work_dir/backtests_eiie_20260414_163153_job74127_5c1ikwkh/runs/run_005/checkpoints/checkpoint-00001.pth: Copied (new)
2026/05/08 17:44:02 INFO  : NYSE_without_fees_2026-04-13_to_2026-04-15/work_dir/backtests_eiie_20260414_163153_job74127_5c1ikwkh/runs/run_005/checkpoints/checkpoint-00003.pth: Copied (new)
2026/05/08 17:44:02 INFO  : NYSE_without_fees_2026-04-13_to_2026-04-15/work_dir/backtests_eiie_20260414_163153_job74127_5c1ikwkh/runs/run_005/checkpoints/checkpoint-00004.pth: Copied (new)
2026/05/08 17:44:02 INFO  : NYSE_without_fees_2026-04-13_to_2026-04-15/work_dir/backtests_eiie_20260414_163153_job74127_5c1ikwkh/runs/run_005/checkpoints/checkpoint-00002.pth: Copied (new)
2026/05/08 17:44:04 INFO  : NYSE_without_fees_2026-04-13_to_2026-04-15/work_dir/backtests_eiie_20260414_163153_job74127_5c1ikwkh/runs/run_005/checkpoints/checkpoint-00005.pth: Copied (new)
2026/05/08 17:44:04 INFO  : NYSE_without_fees_2026-04-13_to_2026-04-15/work_dir/backtests_eiie_20260414_163153_job74127_5c1ikwkh/runs/run_005/checkpoints/checkpoint-00007.pth: Copied (new)
2026/05/08 17:44:25 INFO  : NYSE_without_fees_2026-04-13_to_2026-04-15/work_dir/backtests_eiie_20260413_201351_job74121_gzd7n48c/runs/run_003/checkpoints/checkpoint-00001.pth: Copied (new)
2026/05/08 17:44:26 INFO  : NYSE_without_fees_2026-04-13_to_2026-04-15/work_dir/backtests_eiie_20260413_201351_job74121_gzd7n48c/runs/run_003/checkpoints/checkpoint-00003.pth: Copied (new)
2026/05/08 17:44:27 INFO  : NYSE_without_fees_2026-04-13_to_2026-04-15/work_dir/backtests_eiie_20260413_201351_job74121_gzd7n48c/runs/run_003/checkpoints/best.pth: Copied (new)
2026/05/08 17:44:27 INFO  : NYSE_without_fees_2026-04-13_to_2026-04-15/work_dir/backtests_eiie_20260414_163153_job74127_5c1ikwkh/runs/run_005/checkpoints/checkpoint-00006.pth: Copied (new)
2026/05/08 17:44:27 INFO  : NYSE_without_fees_2026-04-13_to_2026-04-15/work_dir/backtests_eiie_20260413_201351_job74121_gzd7n48c/runs/run_003/checkpoints/checkpoint-00002.pth: Copied (new)
2026/05/08 17:44:27 INFO  : NYSE_without_fees_2026-04-13_to_2026-04-15/work_dir/backtests_eiie_20260414_163153_job74127_5c1ikwkh/runs/run_005/checkpoints/checkpoint-00008.pth: Copied (new)
2026/05/08 17:44:27 INFO  : NYSE_without_fees_2026-04-13_to_2026-04-15/work_dir/backtests_eiie_20260414_163153_job74127_5c1ikwkh/runs/run_005/checkpoints/checkpoint-00009.pth: Copied (new)
2026/05/08 17:44:29 INFO  : NYSE_without_fees_2026-04-13_to_2026-04-15/work_dir/backtests_eiie_20260413_201351_job74121_gzd7n48c/runs/run_003/checkpoints/checkpoint-00005.pth: Copied (new)
2026/05/08 17:44:29 INFO  : NYSE_without_fees_2026-04-13_to_2026-04-15/work_dir/backtests_eiie_20260414_163153_job74127_5c1ikwkh/runs/run_005/checkpoints/checkpoint-00010.pth: Copied (new)
2026/05/08 17:44:29 INFO  : NYSE_without_fees_2026-04-13_to_2026-04-15/work_dir/backtests_eiie_20260413_201351_job74121_gzd7n48c/runs/run_003/checkpoints/checkpoint-00007.pth: Copied (new)
2026/05/08 17:44:29 INFO  : NYSE_without_fees_2026-04-13_to_2026-04-15/work_dir/backtests_eiie_20260413_201351_job74121_gzd7n48c/runs/run_003/checkpoints/checkpoint-00008.pth: Copied (new)
2026/05/08 17:44:29 INFO  : NYSE_without_fees_2026-04-13_to_2026-04-15/work_dir/backtests_eiie_20260413_201351_job74121_gzd7n48c/runs/run_003/checkpoints/checkpoint-00009.pth: Copied (new)
2026/05/08 17:44:29 INFO  : NYSE_without_fees_2026-04-13_to_2026-04-15/work_dir/backtests_eiie_20260413_201351_job74121_gzd7n48c/runs/run_003/checkpoints/checkpoint-00004.pth: Copied (new)
2026/05/08 17:44:29 INFO  : NYSE_without_fees_2026-04-13_to_2026-04-15/work_dir/backtests_eiie_20260413_201351_job74121_gzd7n48c/runs/run_003/checkpoints/checkpoint-00010.pth: Copied (new)
2026/05/08 17:44:30 INFO  : NYSE_without_fees_2026-04-13_to_2026-04-15/work_dir/backtests_eiie_20260413_201351_job74121_gzd7n48c/runs/run_003/checkpoints/checkpoint-00006.pth: Copied (new)
2026/05/08 17:44:33 INFO  : NYSE_without_fees_2026-04-13_to_2026-04-15/work_dir/backtests_eiie_20260415_055739_job74131_tpjgyzkc/runs/run_002/checkpoints/best.pth: Copied (new)
2026/05/08 17:44:33 INFO  : NYSE_without_fees_2026-04-13_to_2026-04-15/work_dir/backtests_eiie_20260415_055739_job74131_tpjgyzkc/runs/run_002/checkpoints/checkpoint-00004.pth: Copied (new)
2026/05/08 17:44:33 INFO  : NYSE_without_fees_2026-04-13_to_2026-04-15/work_dir/backtests_eiie_20260415_055739_job74131_tpjgyzkc/runs/run_002/checkpoints/checkpoint-00005.pth: Copied (new)
2026/05/08 17:44:33 INFO  : NYSE_without_fees_2026-04-13_to_2026-04-15/work_dir/backtests_eiie_20260415_055739_job74131_tpjgyzkc/runs/run_002/checkpoints/checkpoint-00001.pth: Copied (new)
2026/05/08 17:44:33 INFO  : NYSE_without_fees_2026-04-13_to_2026-04-15/work_dir/backtests_eiie_20260415_055739_job74131_tpjgyzkc/runs/run_002/checkpoints/checkpoint-00006.pth: Copied (new)
2026/05/08 17:44:33 INFO  : NYSE_without_fees_2026-04-13_to_2026-04-15/work_dir/backtests_eiie_20260415_055739_job74131_tpjgyzkc/runs/run_002/checkpoints/checkpoint-00007.pth: Copied (new)
2026/05/08 17:44:33 INFO  : NYSE_without_fees_2026-04-13_to_2026-04-15/work_dir/backtests_eiie_20260415_055739_job74131_tpjgyzkc/runs/run_002/checkpoints/checkpoint-00002.pth: Copied (new)
2026/05/08 17:44:33 INFO  : NYSE_without_fees_2026-04-13_to_2026-04-15/work_dir/backtests_eiie_20260415_055739_job74131_tpjgyzkc/runs/run_002/checkpoints/checkpoint-00003.pth: Copied (new)
2026/05/08 17:44:37 INFO  : NYSE_without_fees_2026-04-13_to_2026-04-15/work_dir/backtests_eiie_20260415_055739_job74131_tpjgyzkc/runs/run_002/checkpoints/checkpoint-00009.pth: Copied (new)
2026/05/08 17:44:37 INFO  : NYSE_without_fees_2026-04-13_to_2026-04-15/work_dir/backtests_eiie_20260415_055739_job74131_tpjgyzkc/runs/run_002/checkpoints/checkpoint-00008.pth: Copied (new)
2026/05/08 17:44:37 INFO  : PSE_without_fees_2026-04-13_to_2026-04-15/work_dir/backtests_eiie_20260414_225950_job74146_ur5evt9d/runs/run_003/daily_trades.json: Copied (new)
2026/05/08 17:44:37 INFO  : NYSE_without_fees_2026-04-13_to_2026-04-15/work_dir/backtests_eiie_20260415_055739_job74131_tpjgyzkc/runs/run_002/checkpoints/checkpoint-00010.pth: Copied (new)
2026/05/08 17:44:37 INFO  : PSE_without_fees_2026-04-13_to_2026-04-15/work_dir/backtests_eiie_20260414_225950_job74146_ur5evt9d/runs/run_003/Visualization_test.png: Copied (new)
2026/05/08 17:44:37 INFO  : PSE_without_fees_2026-04-13_to_2026-04-15/work_dir/backtests_eiie_20260414_225950_job74146_ur5evt9d/runs/run_003/daily_turnover.json: Copied (new)
2026/05/08 17:44:38 INFO  : PSE_without_fees_2026-04-13_to_2026-04-15/work_dir/backtests_eiie_20260414_225950_job74146_ur5evt9d/runs/run_003/equity_curve.csv: Copied (new)
2026/05/08 17:44:38 INFO  : PSE_without_fees_2026-04-13_to_2026-04-15/work_dir/backtests_eiie_20260414_225950_job74146_ur5evt9d/runs/run_003/Visualization_valid.png: Copied (new)
2026/05/08 17:44:41 INFO  : PSE_without_fees_2026-04-13_to_2026-04-15/work_dir/backtests_eiie_20260414_045947_job74140_h8ucwjhj/runs/run_001/checkpoints/best.pth: Copied (new)
2026/05/08 17:44:41 INFO  : PSE_without_fees_2026-04-13_to_2026-04-15/work_dir/backtests_eiie_20260414_225950_job74146_ur5evt9d/runs/run_003/metrics.json: Copied (new)
2026/05/08 17:44:41 INFO  : PSE_without_fees_2026-04-13_to_2026-04-15/work_dir/backtests_eiie_20260414_045947_job74140_h8ucwjhj/runs/run_001/checkpoints/checkpoint-00003.pth: Copied (new)
2026/05/08 17:44:41 INFO  : PSE_without_fees_2026-04-13_to_2026-04-15/work_dir/backtests_eiie_20260414_045947_job74140_h8ucwjhj/runs/run_001/checkpoints/checkpoint-00002.pth: Copied (new)
2026/05/08 17:44:41 INFO  : PSE_without_fees_2026-04-13_to_2026-04-15/work_dir/backtests_eiie_20260414_045947_job74140_h8ucwjhj/runs/run_001/checkpoints/checkpoint-00004.pth: Copied (new)
2026/05/08 17:44:41 INFO  : PSE_without_fees_2026-04-13_to_2026-04-15/work_dir/backtests_eiie_20260414_045947_job74140_h8ucwjhj/runs/run_001/checkpoints/checkpoint-00005.pth: Copied (new)
2026/05/08 17:44:41 INFO  : PSE_without_fees_2026-04-13_to_2026-04-15/work_dir/backtests_eiie_20260414_225950_job74146_ur5evt9d/runs/run_003/equity_curve.png: Copied (new)
2026/05/08 17:44:43 INFO  : PSE_without_fees_2026-04-13_to_2026-04-15/work_dir/backtests_eiie_20260414_045947_job74140_h8ucwjhj/runs/run_001/checkpoints/checkpoint-00006.pth: Copied (new)
2026/05/08 17:44:45 INFO  : PSE_without_fees_2026-04-13_to_2026-04-15/work_dir/backtests_eiie_20260414_045947_job74140_h8ucwjhj/runs/run_001/checkpoints/checkpoint-00008.pth: Copied (new)
2026/05/08 17:44:45 INFO  : PSE_without_fees_2026-04-13_to_2026-04-15/work_dir/backtests_eiie_20260414_045947_job74140_h8ucwjhj/runs/run_001/checkpoints/checkpoint-00009.pth: Copied (new)
2026/05/08 17:44:45 INFO  : PSE_without_fees_2026-04-13_to_2026-04-15/work_dir/backtests_eiie_20260414_045947_job74140_h8ucwjhj/runs/run_001/checkpoints/checkpoint-00001.pth: Copied (new)
2026/05/08 17:44:45 INFO  : PSE_without_fees_2026-04-13_to_2026-04-15/work_dir/backtests_eiie_20260414_045947_job74140_h8ucwjhj/runs/run_001/checkpoints/checkpoint-00007.pth: Copied (new)
2026/05/08 17:44:45 INFO  : PSE_without_fees_2026-04-13_to_2026-04-15/work_dir/backtests_eiie_20260414_045947_job74140_h8ucwjhj/runs/run_001/checkpoints/checkpoint-00010.pth: Copied (new)
2026/05/08 17:44:45 INFO  : PSE_without_fees_2026-04-13_to_2026-04-15/work_dir/backtests_eiie_20260413_225636_job74138_97ly951i/runs/run_003/Visualization_test.png: Copied (new)
2026/05/08 17:44:46 INFO  : PSE_without_fees_2026-04-13_to_2026-04-15/work_dir/backtests_eiie_20260413_225636_job74138_97ly951i/runs/run_003/Visualization_valid.png: Copied (new)
2026/05/08 17:44:46 INFO  : PSE_without_fees_2026-04-13_to_2026-04-15/work_dir/backtests_eiie_20260413_225636_job74138_97ly951i/runs/run_003/daily_trades.json: Copied (new)
2026/05/08 17:44:48 INFO  : NYSE_without_fees_2026-04-13_to_2026-04-15/work_dir/backtests_eiie_20260414_231549_job74129_qj7ppkrx/runs/run_005/checkpoints/best.pth: Copied (new)
2026/05/08 17:44:48 INFO  : PSE_without_fees_2026-04-13_to_2026-04-15/work_dir/backtests_eiie_20260413_225636_job74138_97ly951i/runs/run_003/metrics.json: Copied (new)
2026/05/08 17:44:48 INFO  : PSE_without_fees_2026-04-13_to_2026-04-15/work_dir/backtests_eiie_20260413_225636_job74138_97ly951i/runs/run_003/equity_curve.csv: Copied (new)
2026/05/08 17:44:48 INFO  : NYSE_without_fees_2026-04-13_to_2026-04-15/work_dir/backtests_eiie_20260414_231549_job74129_qj7ppkrx/runs/run_005/checkpoints/checkpoint-00003.pth: Copied (new)
2026/05/08 17:44:48 INFO  : PSE_without_fees_2026-04-13_to_2026-04-15/work_dir/backtests_eiie_20260413_225636_job74138_97ly951i/runs/run_003/daily_turnover.json: Copied (new)
2026/05/08 17:44:48 INFO  : NYSE_without_fees_2026-04-13_to_2026-04-15/work_dir/backtests_eiie_20260414_231549_job74129_qj7ppkrx/runs/run_005/checkpoints/checkpoint-00001.pth: Copied (new)
2026/05/08 17:44:49 INFO  : NYSE_without_fees_2026-04-13_to_2026-04-15/work_dir/backtests_eiie_20260414_231549_job74129_qj7ppkrx/runs/run_005/checkpoints/checkpoint-00002.pth: Copied (new)
2026/05/08 17:44:49 INFO  : PSE_without_fees_2026-04-13_to_2026-04-15/work_dir/backtests_eiie_20260413_225636_job74138_97ly951i/runs/run_003/equity_curve.png: Copied (new)
2026/05/08 17:44:50 INFO  : NYSE_without_fees_2026-04-13_to_2026-04-15/work_dir/backtests_eiie_20260414_231549_job74129_qj7ppkrx/runs/run_005/checkpoints/checkpoint-00005.pth: Copied (new)
2026/05/08 17:44:50 INFO  : NYSE_without_fees_2026-04-13_to_2026-04-15/work_dir/backtests_eiie_20260414_231549_job74129_qj7ppkrx/runs/run_005/checkpoints/checkpoint-00004.pth: Copied (new)
2026/05/08 17:44:50 INFO  : NYSE_without_fees_2026-04-13_to_2026-04-15/work_dir/backtests_eiie_20260414_231549_job74129_qj7ppkrx/runs/run_005/checkpoints/checkpoint-00007.pth: Copied (new)
2026/05/08 17:44:50 INFO  : NYSE_without_fees_2026-04-13_to_2026-04-15/work_dir/backtests_eiie_20260414_231549_job74129_qj7ppkrx/runs/run_005/checkpoints/checkpoint-00006.pth: Copied (new)
2026/05/08 17:44:50 INFO  : NYSE_without_fees_2026-04-13_to_2026-04-15/work_dir/backtests_eiie_20260414_231549_job74129_qj7ppkrx/runs/run_005/checkpoints/checkpoint-00008.pth: Copied (new)
2026/05/08 17:44:52 INFO  : NYSE_without_fees_2026-04-13_to_2026-04-15/work_dir/backtests_eiie_20260414_231549_job74129_qj7ppkrx/runs/run_005/checkpoints/checkpoint-00009.pth: Copied (new)
2026/05/08 17:44:52 INFO  : PSE_without_fees_2026-04-13_to_2026-04-15/work_dir/backtests_eiie_20260414_165644_job74144_dbwdzdc8/runs/run_001/checkpoints/best.pth: Copied (new)
2026/05/08 17:44:52 INFO  : NYSE_without_fees_2026-04-13_to_2026-04-15/work_dir/backtests_eiie_20260414_231549_job74129_qj7ppkrx/runs/run_005/checkpoints/checkpoint-00010.pth: Copied (new)
2026/05/08 17:44:53 INFO  : PSE_without_fees_2026-04-13_to_2026-04-15/work_dir/backtests_eiie_20260414_165644_job74144_dbwdzdc8/runs/run_001/checkpoints/checkpoint-00004.pth: Copied (new)
2026/05/08 17:44:53 INFO  : PSE_without_fees_2026-04-13_to_2026-04-15/work_dir/backtests_eiie_20260414_165644_job74144_dbwdzdc8/runs/run_001/checkpoints/checkpoint-00003.pth: Copied (new)
2026/05/08 17:44:53 INFO  : PSE_without_fees_2026-04-13_to_2026-04-15/work_dir/backtests_eiie_20260414_165644_job74144_dbwdzdc8/runs/run_001/checkpoints/checkpoint-00001.pth: Copied (new)
2026/05/08 17:44:53 INFO  : PSE_without_fees_2026-04-13_to_2026-04-15/work_dir/backtests_eiie_20260414_165644_job74144_dbwdzdc8/runs/run_001/checkpoints/checkpoint-00005.pth: Copied (new)
2026/05/08 17:44:53 INFO  : PSE_without_fees_2026-04-13_to_2026-04-15/work_dir/backtests_eiie_20260414_165644_job74144_dbwdzdc8/runs/run_001/checkpoints/checkpoint-00002.pth: Copied (new)
2026/05/08 17:44:54 INFO  : PSE_without_fees_2026-04-13_to_2026-04-15/work_dir/backtests_eiie_20260414_165644_job74144_dbwdzdc8/runs/run_001/checkpoints/checkpoint-00007.pth: Copied (new)
2026/05/08 17:44:54 INFO  : PSE_without_fees_2026-04-13_to_2026-04-15/work_dir/backtests_eiie_20260414_165644_job74144_dbwdzdc8/runs/run_001/checkpoints/checkpoint-00006.pth: Copied (new)
2026/05/08 17:44:56 INFO  : NYSE_without_fees_2026-04-13_to_2026-04-15/work_dir/backtests_eiie_20260415_023409_job74130_ujrrbycv/runs/run_003/checkpoints/best.pth: Copied (new)
2026/05/08 17:44:56 INFO  : PSE_without_fees_2026-04-13_to_2026-04-15/work_dir/backtests_eiie_20260414_165644_job74144_dbwdzdc8/runs/run_001/checkpoints/checkpoint-00010.pth: Copied (new)
2026/05/08 17:44:56 INFO  : PSE_without_fees_2026-04-13_to_2026-04-15/work_dir/backtests_eiie_20260414_165644_job74144_dbwdzdc8/runs/run_001/checkpoints/checkpoint-00008.pth: Copied (new)
2026/05/08 17:44:56 INFO  : NYSE_without_fees_2026-04-13_to_2026-04-15/work_dir/backtests_eiie_20260415_023409_job74130_ujrrbycv/runs/run_003/checkpoints/checkpoint-00004.pth: Copied (new)
2026/05/08 17:44:57 INFO  : NYSE_without_fees_2026-04-13_to_2026-04-15/work_dir/backtests_eiie_20260415_023409_job74130_ujrrbycv/runs/run_003/checkpoints/checkpoint-00001.pth: Copied (new)
2026/05/08 17:44:57 INFO  : PSE_without_fees_2026-04-13_to_2026-04-15/work_dir/backtests_eiie_20260414_165644_job74144_dbwdzdc8/runs/run_001/checkpoints/checkpoint-00009.pth: Copied (new)
2026/05/08 17:44:57 INFO  : NYSE_without_fees_2026-04-13_to_2026-04-15/work_dir/backtests_eiie_20260415_023409_job74130_ujrrbycv/runs/run_003/checkpoints/checkpoint-00003.pth: Copied (new)
2026/05/08 17:44:57 INFO  : NYSE_without_fees_2026-04-13_to_2026-04-15/work_dir/backtests_eiie_20260415_023409_job74130_ujrrbycv/runs/run_003/checkpoints/checkpoint-00002.pth: Copied (new)
2026/05/08 17:44:58 INFO  : NYSE_without_fees_2026-04-13_to_2026-04-15/work_dir/backtests_eiie_20260415_023409_job74130_ujrrbycv/runs/run_003/checkpoints/checkpoint-00005.pth: Copied (new)
2026/05/08 17:44:58 INFO  : NYSE_without_fees_2026-04-13_to_2026-04-15/work_dir/backtests_eiie_20260415_023409_job74130_ujrrbycv/runs/run_003/checkpoints/checkpoint-00006.pth: Copied (new)
2026/05/08 17:44:58 INFO  : NYSE_without_fees_2026-04-13_to_2026-04-15/work_dir/backtests_eiie_20260415_023409_job74130_ujrrbycv/runs/run_003/checkpoints/checkpoint-00008.pth: Copied (new)
2026/05/08 17:44:58 INFO  : NYSE_without_fees_2026-04-13_to_2026-04-15/work_dir/backtests_eiie_20260415_023409_job74130_ujrrbycv/runs/run_003/checkpoints/checkpoint-00007.pth: Copied (new)
2026/05/08 17:44:59 INFO  : NYSE_without_fees_2026-04-13_to_2026-04-15/work_dir/backtests_eiie_20260415_023409_job74130_ujrrbycv/runs/run_003/checkpoints/checkpoint-00009.pth: Copied (new)
2026/05/08 17:44:59 INFO  : NYSE_without_fees_2026-04-13_to_2026-04-15/work_dir/backtests_eiie_20260415_023409_job74130_ujrrbycv/runs/run_003/checkpoints/checkpoint-00010.pth: Copied (new)
2026/05/08 17:45:01 INFO  : NYSE_without_fees_2026-04-13_to_2026-04-15/work_dir/backtests_eiie_20260415_055739_job74131_tpjgyzkc/runs/run_004/Visualization_test.png: Copied (new)
2026/05/08 17:45:02 INFO  : NYSE_without_fees_2026-04-13_to_2026-04-15/work_dir/backtests_eiie_20260415_055739_job74131_tpjgyzkc/runs/run_004/metrics.json: Copied (new)
2026/05/08 17:45:02 INFO  : NYSE_without_fees_2026-04-13_to_2026-04-15/work_dir/backtests_eiie_20260415_055739_job74131_tpjgyzkc/runs/run_004/daily_turnover.json: Copied (new)
2026/05/08 17:45:02 INFO  : NYSE_without_fees_2026-04-13_to_2026-04-15/work_dir/backtests_eiie_20260415_055739_job74131_tpjgyzkc/runs/run_004/equity_curve.csv: Copied (new)
2026/05/08 17:45:02 INFO  : NYSE_without_fees_2026-04-13_to_2026-04-15/work_dir/backtests_eiie_20260415_055739_job74131_tpjgyzkc/runs/run_004/daily_trades.json: Copied (new)
2026/05/08 17:45:02 INFO  : NYSE_without_fees_2026-04-13_to_2026-04-15/work_dir/backtests_eiie_20260414_062011_job74124_5nwqr3ja/runs/run_005/checkpoints/best.pth: Copied (new)
2026/05/08 17:45:03 INFO  : NYSE_without_fees_2026-04-13_to_2026-04-15/work_dir/backtests_eiie_20260415_055739_job74131_tpjgyzkc/runs/run_004/equity_curve.png: Copied (new)
2026/05/08 17:45:03 INFO  : NYSE_without_fees_2026-04-13_to_2026-04-15/work_dir/backtests_eiie_20260415_055739_job74131_tpjgyzkc/runs/run_004/Visualization_valid.png: Copied (new)
2026/05/08 17:45:05 INFO  : NYSE_without_fees_2026-04-13_to_2026-04-15/work_dir/backtests_eiie_20260414_062011_job74124_5nwqr3ja/runs/run_005/checkpoints/checkpoint-00003.pth: Copied (new)
2026/05/08 17:45:06 INFO  : NYSE_without_fees_2026-04-13_to_2026-04-15/work_dir/backtests_eiie_20260414_062011_job74124_5nwqr3ja/runs/run_005/checkpoints/checkpoint-00001.pth: Copied (new)
2026/05/08 17:45:32 INFO  : NYSE_without_fees_2026-04-13_to_2026-04-15/work_dir/backtests_eiie_20260414_062011_job74124_5nwqr3ja/runs/run_005/checkpoints/checkpoint-00008.pth: Copied (new)
2026/05/08 17:45:35 INFO  : PSE_without_fees_2026-04-13_to_2026-04-15/work_dir/backtests_eiie_20260414_075610_job74141_jxq9e3d_/runs/run_001/checkpoints/best.pth: Copied (new)
2026/05/08 17:45:38 INFO  : PSE_without_fees_2026-04-13_to_2026-04-15/work_dir/backtests_eiie_20260414_075610_job74141_jxq9e3d_/runs/run_001/checkpoints/checkpoint-00001.pth: Copied (new)
2026/05/08 17:45:40 INFO  : PSE_without_fees_2026-04-13_to_2026-04-15/work_dir/backtests_eiie_20260414_075610_job74141_jxq9e3d_/runs/run_001/checkpoints/checkpoint-00002.pth: Copied (new)
2026/05/08 17:45:42 INFO  : PSE_without_fees_2026-04-13_to_2026-04-15/work_dir/backtests_eiie_20260414_075610_job74141_jxq9e3d_/runs/run_001/checkpoints/checkpoint-00003.pth: Copied (new)
2026/05/08 17:45:44 INFO  : PSE_without_fees_2026-04-13_to_2026-04-15/work_dir/backtests_eiie_20260414_075610_job74141_jxq9e3d_/runs/run_001/checkpoints/checkpoint-00004.pth: Copied (new)
2026/05/08 17:45:46 INFO  : PSE_without_fees_2026-04-13_to_2026-04-15/work_dir/backtests_eiie_20260414_075610_job74141_jxq9e3d_/runs/run_001/checkpoints/checkpoint-00005.pth: Copied (new)
2026/05/08 17:45:48 INFO  : NYSE_without_fees_2026-04-13_to_2026-04-15/work_dir/backtests_eiie_20260414_062011_job74124_5nwqr3ja/runs/run_005/checkpoints/checkpoint-00007.pth: Copied (new)
2026/05/08 17:45:48 INFO  : NYSE_without_fees_2026-04-13_to_2026-04-15/work_dir/backtests_eiie_20260414_062011_job74124_5nwqr3ja/runs/run_005/checkpoints/checkpoint-00006.pth: Copied (new)
2026/05/08 17:45:48 INFO  : PSE_without_fees_2026-04-13_to_2026-04-15/work_dir/backtests_eiie_20260414_075610_job74141_jxq9e3d_/runs/run_001/checkpoints/checkpoint-00006.pth: Copied (new)
2026/05/08 17:45:49 INFO  : NYSE_without_fees_2026-04-13_to_2026-04-15/work_dir/backtests_eiie_20260414_062011_job74124_5nwqr3ja/runs/run_005/checkpoints/checkpoint-00005.pth: Copied (new)
2026/05/08 17:45:49 INFO  : NYSE_without_fees_2026-04-13_to_2026-04-15/work_dir/backtests_eiie_20260414_062011_job74124_5nwqr3ja/runs/run_005/checkpoints/checkpoint-00004.pth: Copied (new)
2026/05/08 17:45:49 INFO  : NYSE_without_fees_2026-04-13_to_2026-04-15/work_dir/backtests_eiie_20260414_062011_job74124_5nwqr3ja/runs/run_005/checkpoints/checkpoint-00010.pth: Copied (new)
2026/05/08 17:45:49 INFO  : NYSE_without_fees_2026-04-13_to_2026-04-15/work_dir/backtests_eiie_20260414_062011_job74124_5nwqr3ja/runs/run_005/checkpoints/checkpoint-00002.pth: Copied (new)
2026/05/08 17:45:50 INFO  : NYSE_without_fees_2026-04-13_to_2026-04-15/work_dir/backtests_eiie_20260414_062011_job74124_5nwqr3ja/runs/run_005/checkpoints/checkpoint-00009.pth: Copied (new)
2026/05/08 17:45:52 INFO  : NYSE_without_fees_2026-04-13_to_2026-04-15/work_dir/backtests_eiie_20260415_123453_job74133_kzz71nh_/runs/run_002/checkpoints/best.pth: Copied (new)
2026/05/08 17:45:52 INFO  : PSE_without_fees_2026-04-13_to_2026-04-15/work_dir/backtests_eiie_20260414_075610_job74141_jxq9e3d_/runs/run_001/checkpoints/checkpoint-00007.pth: Copied (new)
2026/05/08 17:45:52 INFO  : PSE_without_fees_2026-04-13_to_2026-04-15/work_dir/backtests_eiie_20260414_075610_job74141_jxq9e3d_/runs/run_001/checkpoints/checkpoint-00009.pth: Copied (new)
2026/05/08 17:45:52 INFO  : PSE_without_fees_2026-04-13_to_2026-04-15/work_dir/backtests_eiie_20260414_075610_job74141_jxq9e3d_/runs/run_001/checkpoints/checkpoint-00008.pth: Copied (new)
2026/05/08 17:45:52 INFO  : PSE_without_fees_2026-04-13_to_2026-04-15/work_dir/backtests_eiie_20260414_075610_job74141_jxq9e3d_/runs/run_001/checkpoints/checkpoint-00010.pth: Copied (new)
2026/05/08 17:45:53 INFO  : NYSE_without_fees_2026-04-13_to_2026-04-15/work_dir/backtests_eiie_20260415_123453_job74133_kzz71nh_/runs/run_002/checkpoints/checkpoint-00003.pth: Copied (new)
2026/05/08 17:45:53 INFO  : NYSE_without_fees_2026-04-13_to_2026-04-15/work_dir/backtests_eiie_20260415_123453_job74133_kzz71nh_/runs/run_002/checkpoints/checkpoint-00001.pth: Copied (new)
2026/05/08 17:45:53 INFO  : NYSE_without_fees_2026-04-13_to_2026-04-15/work_dir/backtests_eiie_20260415_123453_job74133_kzz71nh_/runs/run_002/checkpoints/checkpoint-00002.pth: Copied (new)
2026/05/08 17:45:54 INFO  : NYSE_without_fees_2026-04-13_to_2026-04-15/work_dir/backtests_eiie_20260415_123453_job74133_kzz71nh_/runs/run_002/checkpoints/checkpoint-00004.pth: Copied (new)
2026/05/08 17:45:54 INFO  : NYSE_without_fees_2026-04-13_to_2026-04-15/work_dir/backtests_eiie_20260415_123453_job74133_kzz71nh_/runs/run_002/checkpoints/checkpoint-00006.pth: Copied (new)
2026/05/08 17:45:54 INFO  : NYSE_without_fees_2026-04-13_to_2026-04-15/work_dir/backtests_eiie_20260415_123453_job74133_kzz71nh_/runs/run_002/checkpoints/checkpoint-00005.pth: Copied (new)
2026/05/08 17:45:54 INFO  : NYSE_without_fees_2026-04-13_to_2026-04-15/work_dir/backtests_eiie_20260415_123453_job74133_kzz71nh_/runs/run_002/checkpoints/checkpoint-00007.pth: Copied (new)
2026/05/08 17:45:54 INFO  : NYSE_without_fees_2026-04-13_to_2026-04-15/work_dir/backtests_eiie_20260415_123453_job74133_kzz71nh_/runs/run_002/checkpoints/checkpoint-00008.pth: Copied (new)
2026/05/08 17:45:57 INFO  : NYSE_without_fees_2026-04-13_to_2026-04-15/work_dir/backtests_eiie_20260415_123453_job74133_kzz71nh_/runs/run_002/checkpoints/checkpoint-00009.pth: Copied (new)
2026/05/08 17:45:58 INFO  : NYSE_without_fees_2026-04-13_to_2026-04-15/work_dir/backtests_eiie_20260414_130918_job74126_62nqsn3t/runs/run_005/daily_turnover.json: Copied (new)
2026/05/08 17:45:58 INFO  : NYSE_without_fees_2026-04-13_to_2026-04-15/work_dir/backtests_eiie_20260414_130918_job74126_62nqsn3t/runs/run_005/equity_curve.csv: Copied (new)
2026/05/08 17:45:58 INFO  : NYSE_without_fees_2026-04-13_to_2026-04-15/work_dir/backtests_eiie_20260415_123453_job74133_kzz71nh_/runs/run_002/checkpoints/checkpoint-00010.pth: Copied (new)
2026/05/08 17:45:58 INFO  : NYSE_without_fees_2026-04-13_to_2026-04-15/work_dir/backtests_eiie_20260414_130918_job74126_62nqsn3t/runs/run_005/Visualization_test.png: Copied (new)
2026/05/08 17:45:58 INFO  : NYSE_without_fees_2026-04-13_to_2026-04-15/work_dir/backtests_eiie_20260414_130918_job74126_62nqsn3t/runs/run_005/daily_trades.json: Copied (new)
2026/05/08 17:45:58 INFO  : NYSE_without_fees_2026-04-13_to_2026-04-15/work_dir/backtests_eiie_20260414_130918_job74126_62nqsn3t/runs/run_005/equity_curve.png: Copied (new)
2026/05/08 17:45:58 INFO  : NYSE_without_fees_2026-04-13_to_2026-04-15/work_dir/backtests_eiie_20260414_130918_job74126_62nqsn3t/runs/run_005/Visualization_valid.png: Copied (new)
2026/05/08 17:46:01 INFO  : NYSE_without_fees_2026-04-13_to_2026-04-15/work_dir/backtests_eiie_20260414_130918_job74126_62nqsn3t/runs/run_005/metrics.json: Copied (new)
2026/05/08 17:46:02 INFO  : PSE_without_fees_2026-04-13_to_2026-04-15/work_dir/backtests_eiie_20260413_165222_job74136_gkc4fhnc/runs/run_003/metrics.json: Copied (new)
2026/05/08 17:46:02 INFO  : PSE_without_fees_2026-04-13_to_2026-04-15/work_dir/backtests_eiie_20260413_165222_job74136_gkc4fhnc/runs/run_003/daily_trades.json: Copied (new)
2026/05/08 17:46:02 INFO  : PSE_without_fees_2026-04-13_to_2026-04-15/work_dir/backtests_eiie_20260413_165222_job74136_gkc4fhnc/runs/run_003/equity_curve.csv: Copied (new)
2026/05/08 17:46:02 INFO  : PSE_without_fees_2026-04-13_to_2026-04-15/work_dir/backtests_eiie_20260413_165222_job74136_gkc4fhnc/runs/run_003/Visualization_test.png: Copied (new)
2026/05/08 17:46:02 INFO  : PSE_without_fees_2026-04-13_to_2026-04-15/work_dir/backtests_eiie_20260413_165222_job74136_gkc4fhnc/runs/run_003/daily_turnover.json: Copied (new)
2026/05/08 17:46:02 INFO  : PSE_without_fees_2026-04-13_to_2026-04-15/work_dir/backtests_eiie_20260413_165222_job74136_gkc4fhnc/runs/run_003/equity_curve.png: Copied (new)
2026/05/08 17:46:03 INFO  : PSE_without_fees_2026-04-13_to_2026-04-15/work_dir/backtests_eiie_20260413_165222_job74136_gkc4fhnc/runs/run_003/Visualization_valid.png: Copied (new)
2026/05/08 17:46:31 INFO  : PSE_without_fees_2026-04-13_to_2026-04-15/work_dir/backtests_eiie_20260414_195953_job74145__xmyv0fz/runs/run_001/checkpoints/checkpoint-00006.pth: Copied (new)
2026/05/08 17:46:33 INFO  : PSE_without_fees_2026-04-13_to_2026-04-15/work_dir/backtests_eiie_20260414_195953_job74145__xmyv0fz/runs/run_001/checkpoints/checkpoint-00008.pth: Copied (new)
2026/05/08 17:46:36 INFO  : PSE_without_fees_2026-04-13_to_2026-04-15/work_dir/backtests_eiie_20260414_195953_job74145__xmyv0fz/runs/run_001/checkpoints/checkpoint-00009.pth: Copied (new)
2026/05/08 17:46:38 INFO  : PSE_without_fees_2026-04-13_to_2026-04-15/work_dir/backtests_eiie_20260414_195953_job74145__xmyv0fz/runs/run_001/checkpoints/checkpoint-00010.pth: Copied (new)
2026/05/08 17:46:52 INFO  : PSE_without_fees_2026-04-13_to_2026-04-15/work_dir/backtests_eiie_20260414_195953_job74145__xmyv0fz/runs/run_001/checkpoints/best.pth: Copied (new)
2026/05/08 17:46:52 INFO  : PSE_without_fees_2026-04-13_to_2026-04-15/work_dir/backtests_eiie_20260414_195953_job74145__xmyv0fz/runs/run_001/checkpoints/checkpoint-00002.pth: Copied (new)
2026/05/08 17:46:52 INFO  : PSE_without_fees_2026-04-13_to_2026-04-15/work_dir/backtests_eiie_20260414_195953_job74145__xmyv0fz/runs/run_001/checkpoints/checkpoint-00007.pth: Copied (new)
2026/05/08 17:46:53 INFO  : PSE_without_fees_2026-04-13_to_2026-04-15/work_dir/backtests_eiie_20260414_195953_job74145__xmyv0fz/runs/run_001/checkpoints/checkpoint-00004.pth: Copied (new)
2026/05/08 17:46:53 INFO  : PSE_without_fees_2026-04-13_to_2026-04-15/work_dir/backtests_eiie_20260414_195953_job74145__xmyv0fz/runs/run_001/checkpoints/checkpoint-00001.pth: Copied (new)
2026/05/08 17:46:53 INFO  : PSE_without_fees_2026-04-13_to_2026-04-15/work_dir/backtests_eiie_20260414_195953_job74145__xmyv0fz/runs/run_001/checkpoints/checkpoint-00005.pth: Copied (new)
2026/05/08 17:46:53 INFO  : NYSE_without_fees_2026-04-13_to_2026-04-15/work_dir/backtests_eiie_20260414_195750_job74128_o_ywey2v/runs/run_003/checkpoints/best.pth: Copied (new)
2026/05/08 17:46:53 INFO  : PSE_without_fees_2026-04-13_to_2026-04-15/work_dir/backtests_eiie_20260414_195953_job74145__xmyv0fz/runs/run_001/checkpoints/checkpoint-00003.pth: Copied (new)
2026/05/08 17:46:54 INFO  : NYSE_without_fees_2026-04-13_to_2026-04-15/work_dir/backtests_eiie_20260414_195750_job74128_o_ywey2v/runs/run_003/checkpoints/checkpoint-00002.pth: Copied (new)
2026/05/08 17:46:55 INFO  : NYSE_without_fees_2026-04-13_to_2026-04-15/work_dir/backtests_eiie_20260414_195750_job74128_o_ywey2v/runs/run_003/checkpoints/checkpoint-00001.pth: Copied (new)
2026/05/08 17:46:55 INFO  : NYSE_without_fees_2026-04-13_to_2026-04-15/work_dir/backtests_eiie_20260414_195750_job74128_o_ywey2v/runs/run_003/checkpoints/checkpoint-00003.pth: Copied (new)
2026/05/08 17:46:55 INFO  : NYSE_without_fees_2026-04-13_to_2026-04-15/work_dir/backtests_eiie_20260414_195750_job74128_o_ywey2v/runs/run_003/checkpoints/checkpoint-00006.pth: Copied (new)
2026/05/08 17:46:55 INFO  : NYSE_without_fees_2026-04-13_to_2026-04-15/work_dir/backtests_eiie_20260414_195750_job74128_o_ywey2v/runs/run_003/checkpoints/checkpoint-00004.pth: Copied (new)
2026/05/08 17:46:55 INFO  : NYSE_without_fees_2026-04-13_to_2026-04-15/work_dir/backtests_eiie_20260414_195750_job74128_o_ywey2v/runs/run_003/checkpoints/checkpoint-00007.pth: Copied (new)
2026/05/08 17:46:55 INFO  : NYSE_without_fees_2026-04-13_to_2026-04-15/work_dir/backtests_eiie_20260414_195750_job74128_o_ywey2v/runs/run_003/checkpoints/checkpoint-00005.pth: Copied (new)
2026/05/08 17:46:55 INFO  : NYSE_without_fees_2026-04-13_to_2026-04-15/work_dir/backtests_eiie_20260414_195750_job74128_o_ywey2v/runs/run_003/checkpoints/checkpoint-00008.pth: Copied (new)
2026/05/08 17:46:58 INFO  : NYSE_without_fees_2026-04-13_to_2026-04-15/work_dir/backtests_eiie_20260414_195750_job74128_o_ywey2v/runs/run_003/checkpoints/checkpoint-00010.pth: Copied (new)
2026/05/08 17:46:58 INFO  : PSE_without_fees_2026-04-13_to_2026-04-15/work_dir/backtests_eiie_20260415_080216_job74149_0mddw9l9/runs/run_002/daily_trades.json: Copied (new)
2026/05/08 17:46:58 INFO  : PSE_without_fees_2026-04-13_to_2026-04-15/work_dir/backtests_eiie_20260415_080216_job74149_0mddw9l9/runs/run_002/equity_curve.csv: Copied (new)
2026/05/08 17:46:58 INFO  : NYSE_without_fees_2026-04-13_to_2026-04-15/work_dir/backtests_eiie_20260414_195750_job74128_o_ywey2v/runs/run_003/checkpoints/checkpoint-00009.pth: Copied (new)
2026/05/08 17:46:58 INFO  : PSE_without_fees_2026-04-13_to_2026-04-15/work_dir/backtests_eiie_20260415_080216_job74149_0mddw9l9/runs/run_002/daily_turnover.json: Copied (new)
2026/05/08 17:46:59 INFO  : PSE_without_fees_2026-04-13_to_2026-04-15/work_dir/backtests_eiie_20260415_080216_job74149_0mddw9l9/runs/run_002/Visualization_test.png: Copied (new)
2026/05/08 17:46:59 INFO  : PSE_without_fees_2026-04-13_to_2026-04-15/work_dir/backtests_eiie_20260415_080216_job74149_0mddw9l9/runs/run_002/equity_curve.png: Copied (new)
2026/05/08 17:47:00 INFO  : PSE_without_fees_2026-04-13_to_2026-04-15/work_dir/backtests_eiie_20260415_080216_job74149_0mddw9l9/runs/run_002/Visualization_valid.png: Copied (new)
2026/05/08 17:47:02 INFO  : PSE_without_fees_2026-04-13_to_2026-04-15/work_dir/backtests_eiie_20260415_080216_job74149_0mddw9l9/runs/run_002/metrics.json: Copied (new)
2026/05/08 17:47:02 INFO  : NYSE_without_fees_2026-04-13_to_2026-04-15/work_dir/backtests_eiie_20260413_201351_job74121_gzd7n48c/runs/run_005/equity_curve.csv: Copied (new)
2026/05/08 17:47:02 INFO  : NYSE_without_fees_2026-04-13_to_2026-04-15/work_dir/backtests_eiie_20260413_201351_job74121_gzd7n48c/runs/run_005/metrics.json: Copied (new)
2026/05/08 17:47:02 INFO  : NYSE_without_fees_2026-04-13_to_2026-04-15/work_dir/backtests_eiie_20260413_201351_job74121_gzd7n48c/runs/run_005/daily_trades.json: Copied (new)
2026/05/08 17:47:02 INFO  : NYSE_without_fees_2026-04-13_to_2026-04-15/work_dir/backtests_eiie_20260413_201351_job74121_gzd7n48c/runs/run_005/daily_turnover.json: Copied (new)
2026/05/08 17:47:03 INFO  : NYSE_without_fees_2026-04-13_to_2026-04-15/work_dir/backtests_eiie_20260413_201351_job74121_gzd7n48c/runs/run_005/Visualization_test.png: Copied (new)
2026/05/08 17:47:03 INFO  : NYSE_without_fees_2026-04-13_to_2026-04-15/work_dir/backtests_eiie_20260413_201351_job74121_gzd7n48c/runs/run_005/equity_curve.png: Copied (new)
2026/05/08 17:47:04 INFO  : NYSE_without_fees_2026-04-13_to_2026-04-15/work_dir/backtests_eiie_20260413_201351_job74121_gzd7n48c/runs/run_005/Visualization_valid.png: Copied (new)
2026/05/08 17:47:26 INFO  : NYSE_without_fees_2026-04-13_to_2026-04-15/work_dir/backtests_eiie_20260415_155439_job74134_d24w3yak/runs/run_002/checkpoints/checkpoint-00001.pth: Copied (new)
2026/05/08 17:47:34 INFO  : NYSE_without_fees_2026-04-13_to_2026-04-15/work_dir/backtests_eiie_20260415_155439_job74134_d24w3yak/runs/run_002/checkpoints/checkpoint-00005.pth: Copied (new)
2026/05/08 17:47:36 INFO  : NYSE_without_fees_2026-04-13_to_2026-04-15/work_dir/backtests_eiie_20260415_155439_job74134_d24w3yak/runs/run_002/checkpoints/checkpoint-00003.pth: Copied (new)
2026/05/08 17:47:38 INFO  : NYSE_without_fees_2026-04-13_to_2026-04-15/work_dir/backtests_eiie_20260415_155439_job74134_d24w3yak/runs/run_002/checkpoints/checkpoint-00006.pth: Copied (new)
2026/05/08 17:47:38 INFO  : NYSE_without_fees_2026-04-13_to_2026-04-15/work_dir/backtests_eiie_20260415_155439_job74134_d24w3yak/runs/run_002/checkpoints/checkpoint-00008.pth: Copied (new)
2026/05/08 17:47:38 INFO  : NYSE_without_fees_2026-04-13_to_2026-04-15/work_dir/backtests_eiie_20260415_155439_job74134_d24w3yak/runs/run_002/checkpoints/checkpoint-00007.pth: Copied (new)
2026/05/08 17:47:38 INFO  : NYSE_without_fees_2026-04-13_to_2026-04-15/work_dir/backtests_eiie_20260415_155439_job74134_d24w3yak/runs/run_002/checkpoints/best.pth: Copied (new)
2026/05/08 17:47:38 INFO  : NYSE_without_fees_2026-04-13_to_2026-04-15/work_dir/backtests_eiie_20260415_155439_job74134_d24w3yak/runs/run_002/checkpoints/checkpoint-00004.pth: Copied (new)
2026/05/08 17:47:38 INFO  : NYSE_without_fees_2026-04-13_to_2026-04-15/work_dir/backtests_eiie_20260415_155439_job74134_d24w3yak/runs/run_002/checkpoints/checkpoint-00009.pth: Copied (new)
2026/05/08 17:47:39 INFO  : NYSE_without_fees_2026-04-13_to_2026-04-15/work_dir/backtests_eiie_20260415_155439_job74134_d24w3yak/runs/run_002/checkpoints/checkpoint-00010.pth: Copied (new)
2026/05/08 17:47:41 INFO  : NYSE_without_fees_2026-04-13_to_2026-04-15/work_dir/backtests_eiie_20260415_155439_job74134_d24w3yak/runs/run_002/checkpoints/checkpoint-00002.pth: Copied (new)
2026/05/08 17:47:41 INFO  : PSE_without_fees_2026-04-13_to_2026-04-15/work_dir/backtests_eiie_20260414_045947_job74140_h8ucwjhj/runs/run_003/daily_trades.json: Copied (new)
2026/05/08 17:47:42 INFO  : PSE_without_fees_2026-04-13_to_2026-04-15/work_dir/backtests_eiie_20260414_045947_job74140_h8ucwjhj/runs/run_003/daily_turnover.json: Copied (new)
2026/05/08 17:47:42 INFO  : PSE_without_fees_2026-04-13_to_2026-04-15/work_dir/backtests_eiie_20260414_045947_job74140_h8ucwjhj/runs/run_003/metrics.json: Copied (new)
2026/05/08 17:47:42 INFO  : PSE_without_fees_2026-04-13_to_2026-04-15/work_dir/backtests_eiie_20260414_045947_job74140_h8ucwjhj/runs/run_003/equity_curve.csv: Copied (new)
2026/05/08 17:47:42 INFO  : PSE_without_fees_2026-04-13_to_2026-04-15/work_dir/backtests_eiie_20260414_045947_job74140_h8ucwjhj/runs/run_003/Visualization_test.png: Copied (new)
2026/05/08 17:47:42 INFO  : PSE_without_fees_2026-04-13_to_2026-04-15/work_dir/backtests_eiie_20260414_045947_job74140_h8ucwjhj/runs/run_003/equity_curve.png: Copied (new)
2026/05/08 17:47:42 INFO  : PSE_without_fees_2026-04-13_to_2026-04-15/work_dir/backtests_eiie_20260414_045947_job74140_h8ucwjhj/runs/run_003/Visualization_valid.png: Copied (new)
2026/05/08 17:47:46 INFO  : PSE_without_fees_2026-04-13_to_2026-04-15/work_dir/backtests_eiie_20260414_075610_job74141_jxq9e3d_/runs/run_003/metrics.json: Copied (new)
2026/05/08 17:47:46 INFO  : PSE_without_fees_2026-04-13_to_2026-04-15/work_dir/backtests_eiie_20260414_075610_job74141_jxq9e3d_/runs/run_003/equity_curve.csv: Copied (new)
2026/05/08 17:47:47 INFO  : PSE_without_fees_2026-04-13_to_2026-04-15/work_dir/backtests_eiie_20260414_075610_job74141_jxq9e3d_/runs/run_003/daily_turnover.json: Copied (new)
2026/05/08 17:47:47 INFO  : PSE_without_fees_2026-04-13_to_2026-04-15/work_dir/backtests_eiie_20260414_075610_job74141_jxq9e3d_/runs/run_003/daily_trades.json: Copied (new)
2026/05/08 17:47:47 INFO  : PSE_without_fees_2026-04-13_to_2026-04-15/work_dir/backtests_eiie_20260414_075610_job74141_jxq9e3d_/runs/run_003/Visualization_valid.png: Copied (new)
2026/05/08 17:47:47 INFO  : PSE_without_fees_2026-04-13_to_2026-04-15/work_dir/backtests_eiie_20260414_075610_job74141_jxq9e3d_/runs/run_003/equity_curve.png: Copied (new)
2026/05/08 17:47:47 INFO  : PSE_without_fees_2026-04-13_to_2026-04-15/work_dir/backtests_eiie_20260414_075610_job74141_jxq9e3d_/runs/run_003/Visualization_test.png: Copied (new)
2026/05/08 17:47:47 INFO  : PSE_without_fees_2026-04-13_to_2026-04-15/work_dir/backtests_eiie_20260414_165644_job74144_dbwdzdc8/runs/run_003/Visualization_test.png: Copied (new)
2026/05/08 17:47:49 INFO  : PSE_without_fees_2026-04-13_to_2026-04-15/work_dir/backtests_eiie_20260414_165644_job74144_dbwdzdc8/runs/run_003/daily_trades.json: Copied (new)
2026/05/08 17:47:49 INFO  : PSE_without_fees_2026-04-13_to_2026-04-15/work_dir/backtests_eiie_20260414_165644_job74144_dbwdzdc8/runs/run_003/equity_curve.csv: Copied (new)
2026/05/08 17:47:49 INFO  : PSE_without_fees_2026-04-13_to_2026-04-15/work_dir/backtests_eiie_20260414_165644_job74144_dbwdzdc8/runs/run_003/daily_turnover.json: Copied (new)
2026/05/08 17:47:49 INFO  : PSE_without_fees_2026-04-13_to_2026-04-15/work_dir/backtests_eiie_20260414_165644_job74144_dbwdzdc8/runs/run_003/Visualization_valid.png: Copied (new)
2026/05/08 17:47:51 INFO  : PSE_without_fees_2026-04-13_to_2026-04-15/work_dir/backtests_eiie_20260414_165644_job74144_dbwdzdc8/runs/run_003/metrics.json: Copied (new)
2026/05/08 17:47:51 INFO  : NYSE_without_fees_2026-04-13_to_2026-04-15/work_dir/backtests_eiie_20260414_030122_job74123_eryaem4m/runs/run_004/checkpoints/best.pth: Copied (new)
2026/05/08 17:47:51 INFO  : NYSE_without_fees_2026-04-13_to_2026-04-15/work_dir/backtests_eiie_20260414_030122_job74123_eryaem4m/runs/run_004/checkpoints/checkpoint-00002.pth: Copied (new)
2026/05/08 17:47:51 INFO  : NYSE_without_fees_2026-04-13_to_2026-04-15/work_dir/backtests_eiie_20260414_030122_job74123_eryaem4m/runs/run_004/checkpoints/checkpoint-00001.pth: Copied (new)
2026/05/08 17:47:51 INFO  : NYSE_without_fees_2026-04-13_to_2026-04-15/work_dir/backtests_eiie_20260414_030122_job74123_eryaem4m/runs/run_004/checkpoints/checkpoint-00005.pth: Copied (new)
2026/05/08 17:47:52 INFO  : NYSE_without_fees_2026-04-13_to_2026-04-15/work_dir/backtests_eiie_20260414_030122_job74123_eryaem4m/runs/run_004/checkpoints/checkpoint-00003.pth: Copied (new)
2026/05/08 17:47:52 INFO  : PSE_without_fees_2026-04-13_to_2026-04-15/work_dir/backtests_eiie_20260414_165644_job74144_dbwdzdc8/runs/run_003/equity_curve.png: Copied (new)
2026/05/08 17:47:52 INFO  : NYSE_without_fees_2026-04-13_to_2026-04-15/work_dir/backtests_eiie_20260414_030122_job74123_eryaem4m/runs/run_004/checkpoints/checkpoint-00004.pth: Copied (new)
2026/05/08 17:47:53 INFO  : NYSE_without_fees_2026-04-13_to_2026-04-15/work_dir/backtests_eiie_20260414_030122_job74123_eryaem4m/runs/run_004/checkpoints/checkpoint-00006.pth: Copied (new)
2026/05/08 17:47:53 INFO  : NYSE_without_fees_2026-04-13_to_2026-04-15/work_dir/backtests_eiie_20260414_030122_job74123_eryaem4m/runs/run_004/checkpoints/checkpoint-00008.pth: Copied (new)
2026/05/08 17:47:53 INFO  : NYSE_without_fees_2026-04-13_to_2026-04-15/work_dir/backtests_eiie_20260414_030122_job74123_eryaem4m/runs/run_004/checkpoints/checkpoint-00009.pth: Copied (new)
2026/05/08 17:47:53 INFO  : NYSE_without_fees_2026-04-13_to_2026-04-15/work_dir/backtests_eiie_20260414_030122_job74123_eryaem4m/runs/run_004/checkpoints/checkpoint-00007.pth: Copied (new)
2026/05/08 17:47:55 INFO  : NYSE_without_fees_2026-04-13_to_2026-04-15/work_dir/backtests_eiie_20260414_030122_job74123_eryaem4m/runs/run_004/checkpoints/checkpoint-00010.pth: Copied (new)
2026/05/08 17:47:55 INFO  : PSE_without_fees_2026-04-13_to_2026-04-15/work_dir/backtests_eiie_20260414_135115_job74143_q08j1hi1/runs/run_002/checkpoints/best.pth: Copied (new)
2026/05/08 17:47:56 INFO  : PSE_without_fees_2026-04-13_to_2026-04-15/work_dir/backtests_eiie_20260414_135115_job74143_q08j1hi1/runs/run_002/checkpoints/checkpoint-00001.pth: Copied (new)
2026/05/08 17:47:56 INFO  : PSE_without_fees_2026-04-13_to_2026-04-15/work_dir/backtests_eiie_20260414_135115_job74143_q08j1hi1/runs/run_002/checkpoints/checkpoint-00003.pth: Copied (new)
2026/05/08 17:47:56 INFO  : PSE_without_fees_2026-04-13_to_2026-04-15/work_dir/backtests_eiie_20260414_135115_job74143_q08j1hi1/runs/run_002/checkpoints/checkpoint-00006.pth: Copied (new)
2026/05/08 17:47:56 INFO  : PSE_without_fees_2026-04-13_to_2026-04-15/work_dir/backtests_eiie_20260414_135115_job74143_q08j1hi1/runs/run_002/checkpoints/checkpoint-00005.pth: Copied (new)
2026/05/08 17:47:56 INFO  : PSE_without_fees_2026-04-13_to_2026-04-15/work_dir/backtests_eiie_20260414_135115_job74143_q08j1hi1/runs/run_002/checkpoints/checkpoint-00002.pth: Copied (new)
2026/05/08 17:47:56 INFO  : PSE_without_fees_2026-04-13_to_2026-04-15/work_dir/backtests_eiie_20260414_135115_job74143_q08j1hi1/runs/run_002/checkpoints/checkpoint-00004.pth: Copied (new)
2026/05/08 17:47:57 INFO  : PSE_without_fees_2026-04-13_to_2026-04-15/work_dir/backtests_eiie_20260414_135115_job74143_q08j1hi1/runs/run_002/checkpoints/checkpoint-00007.pth: Copied (new)
2026/05/08 17:47:59 INFO  : PSE_without_fees_2026-04-13_to_2026-04-15/work_dir/backtests_eiie_20260414_135115_job74143_q08j1hi1/runs/run_002/checkpoints/checkpoint-00008.pth: Copied (new)
2026/05/08 17:47:59 INFO  : PSE_without_fees_2026-04-13_to_2026-04-15/work_dir/backtests_eiie_20260414_135115_job74143_q08j1hi1/runs/run_002/checkpoints/checkpoint-00010.pth: Copied (new)
2026/05/08 17:47:59 INFO  : PSE_without_fees_2026-04-13_to_2026-04-15/work_dir/backtests_eiie_20260414_135115_job74143_q08j1hi1/runs/run_002/checkpoints/checkpoint-00009.pth: Copied (new)
2026/05/08 17:47:59 INFO  : NYSE_without_fees_2026-04-13_to_2026-04-15/work_dir/backtests_eiie_20260415_091734_job74132_bow7t52g/runs/run_004/daily_trades.json: Copied (new)
2026/05/08 17:48:00 INFO  : NYSE_without_fees_2026-04-13_to_2026-04-15/work_dir/backtests_eiie_20260415_091734_job74132_bow7t52g/runs/run_004/daily_turnover.json: Copied (new)
2026/05/08 17:48:00 INFO  : NYSE_without_fees_2026-04-13_to_2026-04-15/work_dir/backtests_eiie_20260415_091734_job74132_bow7t52g/runs/run_004/equity_curve.csv: Copied (new)
2026/05/08 17:48:00 INFO  : NYSE_without_fees_2026-04-13_to_2026-04-15/work_dir/backtests_eiie_20260415_091734_job74132_bow7t52g/runs/run_004/Visualization_test.png: Copied (new)
2026/05/08 17:48:00 INFO  : NYSE_without_fees_2026-04-13_to_2026-04-15/work_dir/backtests_eiie_20260415_091734_job74132_bow7t52g/runs/run_004/Visualization_valid.png: Copied (new)
2026/05/08 17:48:03 INFO  : NYSE_without_fees_2026-04-13_to_2026-04-15/work_dir/backtests_eiie_20260415_091734_job74132_bow7t52g/runs/run_004/metrics.json: Copied (new)
2026/05/08 17:48:03 INFO  : PSE_without_fees_2026-04-13_to_2026-04-15/work_dir/backtests_eiie_20260415_140329_job74151_2odpu3ez/runs/run_001/equity_curve.csv: Copied (new)
2026/05/08 17:48:03 INFO  : PSE_without_fees_2026-04-13_to_2026-04-15/work_dir/backtests_eiie_20260415_140329_job74151_2odpu3ez/runs/run_001/Visualization_test.png: Copied (new)
2026/05/08 17:48:04 INFO  : PSE_without_fees_2026-04-13_to_2026-04-15/work_dir/backtests_eiie_20260415_140329_job74151_2odpu3ez/runs/run_001/equity_curve.png: Copied (new)
2026/05/08 17:48:04 INFO  : PSE_without_fees_2026-04-13_to_2026-04-15/work_dir/backtests_eiie_20260415_140329_job74151_2odpu3ez/runs/run_001/Visualization_valid.png: Copied (new)
2026/05/08 17:48:41 INFO  : PSE_without_fees_2026-04-13_to_2026-04-15/work_dir/backtests_eiie_20260415_140329_job74151_2odpu3ez/runs/run_001/metrics.json: Copied (new)
2026/05/08 17:48:49 INFO  : PSE_without_fees_2026-04-13_to_2026-04-15/work_dir/backtests_eiie_20260415_140329_job74151_2odpu3ez/runs/run_001/daily_trades.json: Copied (new)
2026/05/08 17:48:50 INFO  : PSE_without_fees_2026-04-13_to_2026-04-15/work_dir/backtests_eiie_20260414_015729_job74139_46bfn538/runs/run_002/checkpoints/best.pth: Copied (new)
2026/05/08 17:48:50 INFO  : PSE_without_fees_2026-04-13_to_2026-04-15/work_dir/backtests_eiie_20260414_015729_job74139_46bfn538/runs/run_002/checkpoints/checkpoint-00001.pth: Copied (new)
2026/05/08 17:48:50 INFO  : PSE_without_fees_2026-04-13_to_2026-04-15/work_dir/backtests_eiie_20260415_140329_job74151_2odpu3ez/runs/run_001/daily_turnover.json: Copied (new)
2026/05/08 17:48:51 INFO  : NYSE_without_fees_2026-04-13_to_2026-04-15/work_dir/backtests_eiie_20260415_091734_job74132_bow7t52g/runs/run_002/checkpoints/checkpoint-00001.pth: Copied (new)
2026/05/08 17:48:51 INFO  : NYSE_without_fees_2026-04-13_to_2026-04-15/work_dir/backtests_eiie_20260415_091734_job74132_bow7t52g/runs/run_002/checkpoints/checkpoint-00002.pth: Copied (new)
2026/05/08 17:48:51 INFO  : NYSE_without_fees_2026-04-13_to_2026-04-15/work_dir/backtests_eiie_20260415_091734_job74132_bow7t52g/runs/run_004/equity_curve.png: Copied (new)
2026/05/08 17:48:51 INFO  : NYSE_without_fees_2026-04-13_to_2026-04-15/work_dir/backtests_eiie_20260415_091734_job74132_bow7t52g/runs/run_002/checkpoints/best.pth: Copied (new)
2026/05/08 17:48:52 INFO  : NYSE_without_fees_2026-04-13_to_2026-04-15/work_dir/backtests_eiie_20260415_091734_job74132_bow7t52g/runs/run_002/checkpoints/checkpoint-00003.pth: Copied (new)
2026/05/08 17:48:52 INFO  : NYSE_without_fees_2026-04-13_to_2026-04-15/work_dir/backtests_eiie_20260415_091734_job74132_bow7t52g/runs/run_002/checkpoints/checkpoint-00004.pth: Copied (new)
2026/05/08 17:48:53 INFO  : NYSE_without_fees_2026-04-13_to_2026-04-15/work_dir/backtests_eiie_20260415_091734_job74132_bow7t52g/runs/run_002/checkpoints/checkpoint-00007.pth: Copied (new)
2026/05/08 17:48:53 INFO  : NYSE_without_fees_2026-04-13_to_2026-04-15/work_dir/backtests_eiie_20260415_091734_job74132_bow7t52g/runs/run_002/checkpoints/checkpoint-00006.pth: Copied (new)
2026/05/08 17:48:53 INFO  : NYSE_without_fees_2026-04-13_to_2026-04-15/work_dir/backtests_eiie_20260415_091734_job74132_bow7t52g/runs/run_002/checkpoints/checkpoint-00005.pth: Copied (new)
2026/05/08 17:48:53 INFO  : NYSE_without_fees_2026-04-13_to_2026-04-15/work_dir/backtests_eiie_20260415_091734_job74132_bow7t52g/runs/run_002/checkpoints/checkpoint-00008.pth: Copied (new)
2026/05/08 17:48:53 INFO  : NYSE_without_fees_2026-04-13_to_2026-04-15/work_dir/backtests_eiie_20260415_091734_job74132_bow7t52g/runs/run_002/checkpoints/checkpoint-00009.pth: Copied (new)
2026/05/08 17:48:54 INFO  : PSE_without_fees_2026-04-13_to_2026-04-15/work_dir/backtests_eiie_20260414_015729_job74139_46bfn538/runs/run_002/checkpoints/checkpoint-00002.pth: Copied (new)
2026/05/08 17:48:54 INFO  : NYSE_without_fees_2026-04-13_to_2026-04-15/work_dir/backtests_eiie_20260415_091734_job74132_bow7t52g/runs/run_002/checkpoints/checkpoint-00010.pth: Copied (new)
2026/05/08 17:48:54 INFO  : PSE_without_fees_2026-04-13_to_2026-04-15/work_dir/backtests_eiie_20260414_015729_job74139_46bfn538/runs/run_002/checkpoints/checkpoint-00003.pth: Copied (new)
2026/05/08 17:48:55 INFO  : PSE_without_fees_2026-04-13_to_2026-04-15/work_dir/backtests_eiie_20260414_015729_job74139_46bfn538/runs/run_002/checkpoints/checkpoint-00005.pth: Copied (new)
2026/05/08 17:48:55 INFO  : PSE_without_fees_2026-04-13_to_2026-04-15/work_dir/backtests_eiie_20260414_015729_job74139_46bfn538/runs/run_002/checkpoints/checkpoint-00006.pth: Copied (new)
2026/05/08 17:48:55 INFO  : PSE_without_fees_2026-04-13_to_2026-04-15/work_dir/backtests_eiie_20260414_015729_job74139_46bfn538/runs/run_002/checkpoints/checkpoint-00004.pth: Copied (new)
2026/05/08 17:48:55 INFO  : PSE_without_fees_2026-04-13_to_2026-04-15/work_dir/backtests_eiie_20260414_015729_job74139_46bfn538/runs/run_002/checkpoints/checkpoint-00007.pth: Copied (new)
2026/05/08 17:48:55 INFO  : PSE_without_fees_2026-04-13_to_2026-04-15/work_dir/backtests_eiie_20260414_015729_job74139_46bfn538/runs/run_002/checkpoints/checkpoint-00008.pth: Copied (new)
2026/05/08 17:48:56 INFO  : PSE_without_fees_2026-04-13_to_2026-04-15/work_dir/backtests_eiie_20260414_015729_job74139_46bfn538/runs/run_002/checkpoints/checkpoint-00009.pth: Copied (new)
2026/05/08 17:48:56 INFO  : PSE_without_fees_2026-04-13_to_2026-04-15/work_dir/backtests_eiie_20260414_015729_job74139_46bfn538/runs/run_002/checkpoints/checkpoint-00010.pth: Copied (new)
2026/05/08 17:48:58 INFO  : PSE_without_fees_2026-04-13_to_2026-04-15/work_dir/backtests_eiie_20260415_020042_job74147_86qdx6pe/runs/run_001/checkpoints/best.pth: Copied (new)
2026/05/08 17:48:58 INFO  : PSE_without_fees_2026-04-13_to_2026-04-15/work_dir/backtests_eiie_20260415_020042_job74147_86qdx6pe/runs/run_001/checkpoints/checkpoint-00004.pth: Copied (new)
2026/05/08 17:48:58 INFO  : PSE_without_fees_2026-04-13_to_2026-04-15/work_dir/backtests_eiie_20260415_020042_job74147_86qdx6pe/runs/run_001/checkpoints/checkpoint-00001.pth: Copied (new)
2026/05/08 17:48:58 INFO  : PSE_without_fees_2026-04-13_to_2026-04-15/work_dir/backtests_eiie_20260415_020042_job74147_86qdx6pe/runs/run_001/checkpoints/checkpoint-00002.pth: Copied (new)
2026/05/08 17:48:58 INFO  : PSE_without_fees_2026-04-13_to_2026-04-15/work_dir/backtests_eiie_20260415_020042_job74147_86qdx6pe/runs/run_001/checkpoints/checkpoint-00005.pth: Copied (new)
2026/05/08 17:48:58 INFO  : PSE_without_fees_2026-04-13_to_2026-04-15/work_dir/backtests_eiie_20260415_020042_job74147_86qdx6pe/runs/run_001/checkpoints/checkpoint-00006.pth: Copied (new)
2026/05/08 17:48:58 INFO  : PSE_without_fees_2026-04-13_to_2026-04-15/work_dir/backtests_eiie_20260415_020042_job74147_86qdx6pe/runs/run_001/checkpoints/checkpoint-00003.pth: Copied (new)
2026/05/08 17:48:58 INFO  : PSE_without_fees_2026-04-13_to_2026-04-15/work_dir/backtests_eiie_20260415_020042_job74147_86qdx6pe/runs/run_001/checkpoints/checkpoint-00007.pth: Copied (new)
2026/05/08 17:49:02 INFO  : PSE_without_fees_2026-04-13_to_2026-04-15/work_dir/backtests_eiie_20260415_020042_job74147_86qdx6pe/runs/run_001/checkpoints/checkpoint-00008.pth: Copied (new)
2026/05/08 17:49:02 INFO  : PSE_without_fees_2026-04-13_to_2026-04-15/work_dir/backtests_eiie_20260415_020042_job74147_86qdx6pe/runs/run_001/checkpoints/checkpoint-00010.pth: Copied (new)
2026/05/08 17:49:02 INFO  : NYSE_without_fees_2026-04-13_to_2026-04-15/work_dir/backtests_eiie_20260414_195750_job74128_o_ywey2v/runs/run_005/daily_turnover.json: Copied (new)
2026/05/08 17:49:02 INFO  : NYSE_without_fees_2026-04-13_to_2026-04-15/work_dir/backtests_eiie_20260414_195750_job74128_o_ywey2v/runs/run_005/equity_curve.csv: Copied (new)
2026/05/08 17:49:02 INFO  : NYSE_without_fees_2026-04-13_to_2026-04-15/work_dir/backtests_eiie_20260414_195750_job74128_o_ywey2v/runs/run_005/Visualization_test.png: Copied (new)
2026/05/08 17:49:02 INFO  : NYSE_without_fees_2026-04-13_to_2026-04-15/work_dir/backtests_eiie_20260414_195750_job74128_o_ywey2v/runs/run_005/daily_trades.json: Copied (new)
2026/05/08 17:49:03 INFO  : PSE_without_fees_2026-04-13_to_2026-04-15/work_dir/backtests_eiie_20260415_020042_job74147_86qdx6pe/runs/run_001/checkpoints/checkpoint-00009.pth: Copied (new)
2026/05/08 17:49:03 INFO  : NYSE_without_fees_2026-04-13_to_2026-04-15/work_dir/backtests_eiie_20260414_195750_job74128_o_ywey2v/runs/run_005/Visualization_valid.png: Copied (new)
2026/05/08 17:49:05 INFO  : PSE_without_fees_2026-04-13_to_2026-04-15/work_dir/backtests_eiie_20260413_165222_job74136_gkc4fhnc/runs/run_002/checkpoints/best.pth: Copied (new)
2026/05/08 17:49:06 INFO  : PSE_without_fees_2026-04-13_to_2026-04-15/work_dir/backtests_eiie_20260413_165222_job74136_gkc4fhnc/runs/run_002/checkpoints/checkpoint-00001.pth: Copied (new)
2026/05/08 17:49:06 INFO  : NYSE_without_fees_2026-04-13_to_2026-04-15/work_dir/backtests_eiie_20260414_195750_job74128_o_ywey2v/runs/run_005/equity_curve.png: Copied (new)
2026/05/08 17:49:29 INFO  : PSE_without_fees_2026-04-13_to_2026-04-15/work_dir/backtests_eiie_20260413_165222_job74136_gkc4fhnc/runs/run_002/checkpoints/checkpoint-00006.pth: Copied (new)
2026/05/08 17:49:31 INFO  : PSE_without_fees_2026-04-13_to_2026-04-15/work_dir/backtests_eiie_20260413_165222_job74136_gkc4fhnc/runs/run_002/checkpoints/checkpoint-00009.pth: Copied (new)
2026/05/08 17:49:47 INFO  : NYSE_without_fees_2026-04-13_to_2026-04-15/work_dir/backtests_eiie_20260414_195750_job74128_o_ywey2v/runs/run_005/metrics.json: Copied (new)
2026/05/08 17:49:51 INFO  : PSE_without_fees_2026-04-13_to_2026-04-15/work_dir/backtests_eiie_20260413_165222_job74136_gkc4fhnc/runs/run_002/checkpoints/checkpoint-00002.pth: Copied (new)
2026/05/08 17:49:51 INFO  : PSE_without_fees_2026-04-13_to_2026-04-15/work_dir/backtests_eiie_20260413_165222_job74136_gkc4fhnc/runs/run_002/checkpoints/checkpoint-00007.pth: Copied (new)
2026/05/08 17:49:51 INFO  : PSE_without_fees_2026-04-13_to_2026-04-15/work_dir/backtests_eiie_20260413_195251_job74137_dvcd7s8x/runs/run_002/checkpoints/best.pth: Copied (new)
2026/05/08 17:49:51 INFO  : PSE_without_fees_2026-04-13_to_2026-04-15/work_dir/backtests_eiie_20260413_165222_job74136_gkc4fhnc/runs/run_002/checkpoints/checkpoint-00004.pth: Copied (new)
2026/05/08 17:49:51 INFO  : PSE_without_fees_2026-04-13_to_2026-04-15/work_dir/backtests_eiie_20260413_165222_job74136_gkc4fhnc/runs/run_002/checkpoints/checkpoint-00003.pth: Copied (new)
2026/05/08 17:49:51 INFO  : PSE_without_fees_2026-04-13_to_2026-04-15/work_dir/backtests_eiie_20260413_165222_job74136_gkc4fhnc/runs/run_002/checkpoints/checkpoint-00008.pth: Copied (new)
2026/05/08 17:49:51 INFO  : PSE_without_fees_2026-04-13_to_2026-04-15/work_dir/backtests_eiie_20260413_165222_job74136_gkc4fhnc/runs/run_002/checkpoints/checkpoint-00010.pth: Copied (new)
2026/05/08 17:49:51 INFO  : PSE_without_fees_2026-04-13_to_2026-04-15/work_dir/backtests_eiie_20260413_165222_job74136_gkc4fhnc/runs/run_002/checkpoints/checkpoint-00005.pth: Copied (new)
2026/05/08 17:49:53 INFO  : PSE_without_fees_2026-04-13_to_2026-04-15/work_dir/backtests_eiie_20260413_195251_job74137_dvcd7s8x/runs/run_002/checkpoints/checkpoint-00001.pth: Copied (new)
2026/05/08 17:49:53 INFO  : PSE_without_fees_2026-04-13_to_2026-04-15/work_dir/backtests_eiie_20260413_195251_job74137_dvcd7s8x/runs/run_002/checkpoints/checkpoint-00003.pth: Copied (new)
2026/05/08 17:49:53 INFO  : PSE_without_fees_2026-04-13_to_2026-04-15/work_dir/backtests_eiie_20260413_195251_job74137_dvcd7s8x/runs/run_002/checkpoints/checkpoint-00002.pth: Copied (new)
2026/05/08 17:49:53 INFO  : PSE_without_fees_2026-04-13_to_2026-04-15/work_dir/backtests_eiie_20260413_195251_job74137_dvcd7s8x/runs/run_002/checkpoints/checkpoint-00008.pth: Copied (new)
2026/05/08 17:49:53 INFO  : PSE_without_fees_2026-04-13_to_2026-04-15/work_dir/backtests_eiie_20260413_195251_job74137_dvcd7s8x/runs/run_002/checkpoints/checkpoint-00006.pth: Copied (new)
2026/05/08 17:49:54 INFO  : PSE_without_fees_2026-04-13_to_2026-04-15/work_dir/backtests_eiie_20260413_195251_job74137_dvcd7s8x/runs/run_002/checkpoints/checkpoint-00007.pth: Copied (new)
2026/05/08 17:49:54 INFO  : PSE_without_fees_2026-04-13_to_2026-04-15/work_dir/backtests_eiie_20260413_195251_job74137_dvcd7s8x/runs/run_002/checkpoints/checkpoint-00004.pth: Copied (new)
2026/05/08 17:49:57 INFO  : PSE_without_fees_2026-04-13_to_2026-04-15/work_dir/backtests_eiie_20260413_195251_job74137_dvcd7s8x/runs/run_002/checkpoints/checkpoint-00009.pth: Copied (new)
2026/05/08 17:49:57 INFO  : PSE_without_fees_2026-04-13_to_2026-04-15/work_dir/backtests_eiie_20260413_195251_job74137_dvcd7s8x/runs/run_002/checkpoints/checkpoint-00010.pth: Copied (new)
2026/05/08 17:49:57 INFO  : PSE_without_fees_2026-04-13_to_2026-04-15/work_dir/backtests_eiie_20260414_195953_job74145__xmyv0fz/runs/run_003/daily_turnover.json: Copied (new)
2026/05/08 17:49:57 INFO  : PSE_without_fees_2026-04-13_to_2026-04-15/work_dir/backtests_eiie_20260413_195251_job74137_dvcd7s8x/runs/run_002/checkpoints/checkpoint-00005.pth: Copied (new)
2026/05/08 17:49:57 INFO  : PSE_without_fees_2026-04-13_to_2026-04-15/work_dir/backtests_eiie_20260414_195953_job74145__xmyv0fz/runs/run_003/daily_trades.json: Copied (new)
2026/05/08 17:49:57 INFO  : PSE_without_fees_2026-04-13_to_2026-04-15/work_dir/backtests_eiie_20260414_195953_job74145__xmyv0fz/runs/run_003/Visualization_test.png: Copied (new)
2026/05/08 17:49:57 INFO  : PSE_without_fees_2026-04-13_to_2026-04-15/work_dir/backtests_eiie_20260414_195953_job74145__xmyv0fz/runs/run_003/equity_curve.csv: Copied (new)
2026/05/08 17:49:58 INFO  : PSE_without_fees_2026-04-13_to_2026-04-15/work_dir/backtests_eiie_20260414_195953_job74145__xmyv0fz/runs/run_003/Visualization_valid.png: Copied (new)
2026/05/08 17:50:01 INFO  : PSE_without_fees_2026-04-13_to_2026-04-15/work_dir/backtests_eiie_20260414_195953_job74145__xmyv0fz/runs/run_003/metrics.json: Copied (new)
2026/05/08 17:50:01 INFO  : PSE_without_fees_2026-04-13_to_2026-04-15/work_dir/backtests_eiie_20260414_105331_job74142_ufplj8k7/runs/run_002/checkpoints/best.pth: Copied (new)
2026/05/08 17:50:01 INFO  : PSE_without_fees_2026-04-13_to_2026-04-15/work_dir/backtests_eiie_20260414_105331_job74142_ufplj8k7/runs/run_002/checkpoints/checkpoint-00003.pth: Copied (new)
2026/05/08 17:50:01 INFO  : PSE_without_fees_2026-04-13_to_2026-04-15/work_dir/backtests_eiie_20260414_105331_job74142_ufplj8k7/runs/run_002/checkpoints/checkpoint-00001.pth: Copied (new)
2026/05/08 17:50:01 INFO  : PSE_without_fees_2026-04-13_to_2026-04-15/work_dir/backtests_eiie_20260414_105331_job74142_ufplj8k7/runs/run_002/checkpoints/checkpoint-00005.pth: Copied (new)
2026/05/08 17:50:01 INFO  : PSE_without_fees_2026-04-13_to_2026-04-15/work_dir/backtests_eiie_20260414_105331_job74142_ufplj8k7/runs/run_002/checkpoints/checkpoint-00002.pth: Copied (new)
2026/05/08 17:50:01 INFO  : PSE_without_fees_2026-04-13_to_2026-04-15/work_dir/backtests_eiie_20260414_105331_job74142_ufplj8k7/runs/run_002/checkpoints/checkpoint-00004.pth: Copied (new)
2026/05/08 17:50:01 INFO  : PSE_without_fees_2026-04-13_to_2026-04-15/work_dir/backtests_eiie_20260414_195953_job74145__xmyv0fz/runs/run_003/equity_curve.png: Copied (new)
2026/05/08 17:50:02 INFO  : PSE_without_fees_2026-04-13_to_2026-04-15/work_dir/backtests_eiie_20260414_105331_job74142_ufplj8k7/runs/run_002/checkpoints/checkpoint-00006.pth: Copied (new)
2026/05/08 17:50:02 INFO  : PSE_without_fees_2026-04-13_to_2026-04-15/work_dir/backtests_eiie_20260414_105331_job74142_ufplj8k7/runs/run_002/checkpoints/checkpoint-00007.pth: Copied (new)
2026/05/08 17:50:32 INFO  : PSE_without_fees_2026-04-13_to_2026-04-15/work_dir/backtests_eiie_20260414_105331_job74142_ufplj8k7/runs/run_002/checkpoints/checkpoint-00008.pth: Copied (new)
2026/05/08 17:50:34 INFO  : NYSE_without_fees_2026-04-13_to_2026-04-15/work_dir/backtests_eiie_20260415_191636_job74135_ysebkrl3/runs/run_003/checkpoints/checkpoint-00005.pth: Copied (new)
2026/05/08 17:50:49 INFO  : PSE_without_fees_2026-04-13_to_2026-04-15/work_dir/backtests_eiie_20260414_105331_job74142_ufplj8k7/runs/run_002/checkpoints/checkpoint-00009.pth: Copied (new)
2026/05/08 17:50:50 INFO  : NYSE_without_fees_2026-04-13_to_2026-04-15/work_dir/backtests_eiie_20260415_191636_job74135_ysebkrl3/runs/run_003/checkpoints/checkpoint-00001.pth: Copied (new)
2026/05/08 17:50:50 INFO  : NYSE_without_fees_2026-04-13_to_2026-04-15/work_dir/backtests_eiie_20260415_191636_job74135_ysebkrl3/runs/run_003/checkpoints/checkpoint-00006.pth: Copied (new)
2026/05/08 17:50:50 INFO  : NYSE_without_fees_2026-04-13_to_2026-04-15/work_dir/backtests_eiie_20260415_191636_job74135_ysebkrl3/runs/run_003/checkpoints/checkpoint-00002.pth: Copied (new)
2026/05/08 17:50:50 INFO  : NYSE_without_fees_2026-04-13_to_2026-04-15/work_dir/backtests_eiie_20260415_191636_job74135_ysebkrl3/runs/run_003/checkpoints/checkpoint-00004.pth: Copied (new)
2026/05/08 17:50:50 INFO  : NYSE_without_fees_2026-04-13_to_2026-04-15/work_dir/backtests_eiie_20260415_191636_job74135_ysebkrl3/runs/run_003/checkpoints/checkpoint-00003.pth: Copied (new)
2026/05/08 17:50:50 INFO  : NYSE_without_fees_2026-04-13_to_2026-04-15/work_dir/backtests_eiie_20260415_191636_job74135_ysebkrl3/runs/run_003/checkpoints/best.pth: Copied (new)
2026/05/08 17:50:50 INFO  : PSE_without_fees_2026-04-13_to_2026-04-15/work_dir/backtests_eiie_20260414_105331_job74142_ufplj8k7/runs/run_002/checkpoints/checkpoint-00010.pth: Copied (new)
2026/05/08 17:50:51 INFO  : NYSE_without_fees_2026-04-13_to_2026-04-15/work_dir/backtests_eiie_20260415_191636_job74135_ysebkrl3/runs/run_003/checkpoints/checkpoint-00007.pth: Copied (new)
2026/05/08 17:50:53 INFO  : NYSE_without_fees_2026-04-13_to_2026-04-15/work_dir/backtests_eiie_20260415_191636_job74135_ysebkrl3/runs/run_003/checkpoints/checkpoint-00009.pth: Copied (new)
2026/05/08 17:50:53 INFO  : NYSE_without_fees_2026-04-13_to_2026-04-15/work_dir/backtests_eiie_20260415_191636_job74135_ysebkrl3/runs/run_003/checkpoints/checkpoint-00008.pth: Copied (new)
2026/05/08 17:50:54 INFO  : PSE_without_fees_2026-04-13_to_2026-04-15/work_dir/backtests_eiie_20260413_225636_job74138_97ly951i/runs/run_002/checkpoints/checkpoint-00001.pth: Copied (new)
2026/05/08 17:50:54 INFO  : PSE_without_fees_2026-04-13_to_2026-04-15/work_dir/backtests_eiie_20260413_225636_job74138_97ly951i/runs/run_002/checkpoints/best.pth: Copied (new)
2026/05/08 17:50:54 INFO  : PSE_without_fees_2026-04-13_to_2026-04-15/work_dir/backtests_eiie_20260413_225636_job74138_97ly951i/runs/run_002/checkpoints/checkpoint-00004.pth: Copied (new)
2026/05/08 17:50:54 INFO  : PSE_without_fees_2026-04-13_to_2026-04-15/work_dir/backtests_eiie_20260413_225636_job74138_97ly951i/runs/run_002/checkpoints/checkpoint-00002.pth: Copied (new)
2026/05/08 17:50:54 INFO  : NYSE_without_fees_2026-04-13_to_2026-04-15/work_dir/backtests_eiie_20260415_191636_job74135_ysebkrl3/runs/run_003/checkpoints/checkpoint-00010.pth: Copied (new)
2026/05/08 17:50:54 INFO  : PSE_without_fees_2026-04-13_to_2026-04-15/work_dir/backtests_eiie_20260413_225636_job74138_97ly951i/runs/run_002/checkpoints/checkpoint-00003.pth: Copied (new)
2026/05/08 17:50:55 INFO  : PSE_without_fees_2026-04-13_to_2026-04-15/work_dir/backtests_eiie_20260413_225636_job74138_97ly951i/runs/run_002/checkpoints/checkpoint-00005.pth: Copied (new)
2026/05/08 17:50:55 INFO  : PSE_without_fees_2026-04-13_to_2026-04-15/work_dir/backtests_eiie_20260413_225636_job74138_97ly951i/runs/run_002/checkpoints/checkpoint-00006.pth: Copied (new)
2026/05/08 17:50:58 INFO  : PSE_without_fees_2026-04-13_to_2026-04-15/work_dir/backtests_eiie_20260413_225636_job74138_97ly951i/runs/run_002/checkpoints/checkpoint-00008.pth: Copied (new)
2026/05/08 17:50:58 INFO  : PSE_without_fees_2026-04-13_to_2026-04-15/work_dir/backtests_eiie_20260413_225636_job74138_97ly951i/runs/run_002/checkpoints/checkpoint-00010.pth: Copied (new)
2026/05/08 17:50:58 INFO  : PSE_without_fees_2026-04-13_to_2026-04-15/work_dir/backtests_eiie_20260413_225636_job74138_97ly951i/runs/run_002/checkpoints/checkpoint-00007.pth: Copied (new)
2026/05/08 17:50:58 INFO  : PSE_without_fees_2026-04-13_to_2026-04-15/work_dir/backtests_eiie_20260413_225636_job74138_97ly951i/runs/run_002/checkpoints/checkpoint-00009.pth: Copied (new)
2026/05/08 17:50:58 INFO  : NYSE_without_fees_2026-04-13_to_2026-04-15/work_dir/backtests_eiie_20260415_123453_job74133_kzz71nh_/runs/run_004/Visualization_test.png: Copied (new)
2026/05/08 17:50:58 INFO  : NYSE_without_fees_2026-04-13_to_2026-04-15/work_dir/backtests_eiie_20260415_123453_job74133_kzz71nh_/runs/run_004/daily_trades.json: Copied (new)
2026/05/08 17:50:59 INFO  : NYSE_without_fees_2026-04-13_to_2026-04-15/work_dir/backtests_eiie_20260415_123453_job74133_kzz71nh_/runs/run_004/daily_turnover.json: Copied (new)
2026/05/08 17:51:01 INFO  : NYSE_without_fees_2026-04-13_to_2026-04-15/work_dir/backtests_eiie_20260415_123453_job74133_kzz71nh_/runs/run_004/metrics.json: Copied (new)
2026/05/08 17:51:01 INFO  : NYSE_without_fees_2026-04-13_to_2026-04-15/work_dir/backtests_eiie_20260415_123453_job74133_kzz71nh_/runs/run_004/equity_curve.csv: Copied (new)
2026/05/08 17:51:01 INFO  : PSE_without_fees_2026-04-13_to_2026-04-15/work_dir/backtests_eiie_20260415_045928_job74148_9gausy9d/runs/run_002/daily_turnover.json: Copied (new)
2026/05/08 17:51:02 INFO  : PSE_without_fees_2026-04-13_to_2026-04-15/work_dir/backtests_eiie_20260415_045928_job74148_9gausy9d/runs/run_002/daily_trades.json: Copied (new)
2026/05/08 17:51:02 INFO  : NYSE_without_fees_2026-04-13_to_2026-04-15/work_dir/backtests_eiie_20260415_123453_job74133_kzz71nh_/runs/run_004/equity_curve.png: Copied (new)
2026/05/08 17:51:02 INFO  : NYSE_without_fees_2026-04-13_to_2026-04-15/work_dir/backtests_eiie_20260415_123453_job74133_kzz71nh_/runs/run_004/Visualization_valid.png: Copied (new)
2026/05/08 17:51:02 INFO  : PSE_without_fees_2026-04-13_to_2026-04-15/work_dir/backtests_eiie_20260415_045928_job74148_9gausy9d/runs/run_002/Visualization_test.png: Copied (new)
2026/05/08 17:51:03 INFO  : PSE_without_fees_2026-04-13_to_2026-04-15/work_dir/backtests_eiie_20260415_045928_job74148_9gausy9d/runs/run_002/Visualization_valid.png: Copied (new)
2026/05/08 17:51:05 INFO  : PSE_without_fees_2026-04-13_to_2026-04-15/work_dir/backtests_eiie_20260415_045928_job74148_9gausy9d/runs/run_002/equity_curve.csv: Copied (new)
2026/05/08 17:51:32 INFO  : PSE_without_fees_2026-04-13_to_2026-04-15/work_dir/backtests_eiie_20260413_225636_job74138_97ly951i/runs/run_001/checkpoints/checkpoint-00005.pth: Copied (new)
2026/05/08 17:51:34 INFO  : PSE_without_fees_2026-04-13_to_2026-04-15/work_dir/backtests_eiie_20260413_225636_job74138_97ly951i/runs/run_001/checkpoints/checkpoint-00006.pth: Copied (new)
2026/05/08 17:51:34 INFO  : PSE_without_fees_2026-04-13_to_2026-04-15/work_dir/backtests_eiie_20260413_225636_job74138_97ly951i/runs/run_001/checkpoints/checkpoint-00001.pth: Copied (new)
2026/05/08 17:51:34 INFO  : PSE_without_fees_2026-04-13_to_2026-04-15/work_dir/backtests_eiie_20260413_225636_job74138_97ly951i/runs/run_001/checkpoints/best.pth: Copied (new)
2026/05/08 17:51:34 INFO  : PSE_without_fees_2026-04-13_to_2026-04-15/work_dir/backtests_eiie_20260413_225636_job74138_97ly951i/runs/run_001/checkpoints/checkpoint-00004.pth: Copied (new)
2026/05/08 17:51:34 INFO  : PSE_without_fees_2026-04-13_to_2026-04-15/work_dir/backtests_eiie_20260415_045928_job74148_9gausy9d/runs/run_002/metrics.json: Copied (new)
2026/05/08 17:51:34 INFO  : PSE_without_fees_2026-04-13_to_2026-04-15/work_dir/backtests_eiie_20260413_225636_job74138_97ly951i/runs/run_001/checkpoints/checkpoint-00002.pth: Copied (new)
2026/05/08 17:51:34 INFO  : PSE_without_fees_2026-04-13_to_2026-04-15/work_dir/backtests_eiie_20260413_225636_job74138_97ly951i/runs/run_001/checkpoints/checkpoint-00003.pth: Copied (new)
2026/05/08 17:51:35 INFO  : PSE_without_fees_2026-04-13_to_2026-04-15/work_dir/backtests_eiie_20260415_045928_job74148_9gausy9d/runs/run_002/equity_curve.png: Copied (new)
2026/05/08 17:51:39 INFO  : PSE_without_fees_2026-04-13_to_2026-04-15/work_dir/backtests_eiie_20260413_225636_job74138_97ly951i/runs/run_001/checkpoints/checkpoint-00010.pth: Copied (new)
2026/05/08 17:51:39 INFO  : PSE_without_fees_2026-04-13_to_2026-04-15/work_dir/backtests_eiie_20260413_225636_job74138_97ly951i/runs/run_001/checkpoints/checkpoint-00008.pth: Copied (new)
2026/05/08 17:51:39 INFO  : PSE_without_fees_2026-04-13_to_2026-04-15/work_dir/backtests_eiie_20260413_225636_job74138_97ly951i/runs/run_001/checkpoints/checkpoint-00009.pth: Copied (new)
2026/05/08 17:51:39 INFO  : NYSE_without_fees_2026-04-13_to_2026-04-15/work_dir/backtests_eiie_20260413_233931_job74122_rnnteafq/runs/run_001test_result.csv: Copied (new)
2026/05/08 17:51:39 INFO  : NYSE_without_fees_2026-04-13_to_2026-04-15/work_dir/backtests_eiie_20260413_233931_job74122_rnnteafq/runs/run_003test_result.csv: Copied (new)
2026/05/08 17:51:39 INFO  : PSE_without_fees_2026-04-13_to_2026-04-15/work_dir/backtests_eiie_20260413_225636_job74138_97ly951i/runs/run_001/checkpoints/checkpoint-00007.pth: Copied (new)
2026/05/08 17:51:39 INFO  : NYSE_without_fees_2026-04-13_to_2026-04-15/work_dir/backtests_eiie_20260413_233931_job74122_rnnteafq/runs/run_002test_result.csv: Copied (new)
2026/05/08 17:51:39 INFO  : NYSE_without_fees_2026-04-13_to_2026-04-15/work_dir/backtests_eiie_20260413_233931_job74122_rnnteafq/runs/run_004test_result.csv: Copied (new)
2026/05/08 17:51:43 INFO  : PSE_without_fees_2026-04-13_to_2026-04-15/work_dir/backtests_eiie_20260415_020042_job74147_86qdx6pe/runs/run_003/Visualization_test.png: Copied (new)
2026/05/08 17:51:43 INFO  : NYSE_without_fees_2026-04-13_to_2026-04-15/work_dir/backtests_eiie_20260413_233931_job74122_rnnteafq/runs/run_005test_result.csv: Copied (new)
2026/05/08 17:51:43 INFO  : PSE_without_fees_2026-04-13_to_2026-04-15/work_dir/backtests_eiie_20260415_020042_job74147_86qdx6pe/runs/run_003/daily_trades.json: Copied (new)
2026/05/08 17:51:43 INFO  : PSE_without_fees_2026-04-13_to_2026-04-15/work_dir/backtests_eiie_20260415_020042_job74147_86qdx6pe/runs/run_003/daily_turnover.json: Copied (new)
2026/05/08 17:51:45 INFO  : PSE_without_fees_2026-04-13_to_2026-04-15/work_dir/backtests_eiie_20260415_020042_job74147_86qdx6pe/runs/run_003/equity_curve.csv: Copied (new)
2026/05/08 17:51:45 INFO  : PSE_without_fees_2026-04-13_to_2026-04-15/work_dir/backtests_eiie_20260414_135115_job74143_q08j1hi1/runs/run_004/daily_trades.json: Copied (new)
2026/05/08 17:51:45 INFO  : PSE_without_fees_2026-04-13_to_2026-04-15/work_dir/backtests_eiie_20260415_020042_job74147_86qdx6pe/runs/run_003/Visualization_valid.png: Copied (new)
2026/05/08 17:51:45 INFO  : PSE_without_fees_2026-04-13_to_2026-04-15/work_dir/backtests_eiie_20260414_135115_job74143_q08j1hi1/runs/run_004/daily_turnover.json: Copied (new)
2026/05/08 17:51:45 INFO  : PSE_without_fees_2026-04-13_to_2026-04-15/work_dir/backtests_eiie_20260414_135115_job74143_q08j1hi1/runs/run_004/equity_curve.csv: Copied (new)
2026/05/08 17:51:45 INFO  : PSE_without_fees_2026-04-13_to_2026-04-15/work_dir/backtests_eiie_20260414_135115_job74143_q08j1hi1/runs/run_004/Visualization_valid.png: Copied (new)
2026/05/08 17:51:46 INFO  : PSE_without_fees_2026-04-13_to_2026-04-15/work_dir/backtests_eiie_20260414_135115_job74143_q08j1hi1/runs/run_004/Visualization_test.png: Copied (new)
2026/05/08 17:51:46 INFO  : PSE_without_fees_2026-04-13_to_2026-04-15/work_dir/backtests_eiie_20260414_135115_job74143_q08j1hi1/runs/run_004/equity_curve.png: Copied (new)
2026/05/08 17:51:47 INFO  : PSE_without_fees_2026-04-13_to_2026-04-15/work_dir/backtests_eiie_20260414_135115_job74143_q08j1hi1/runs/run_004/metrics.json: Copied (new)
2026/05/08 17:51:49 INFO  : NYSE_without_fees_2026-04-13_to_2026-04-15/work_dir/backtests_eiie_20260414_130918_job74126_62nqsn3t/runs/run_004/checkpoints/best.pth: Copied (new)
2026/05/08 17:51:49 INFO  : PSE_without_fees_2026-04-13_to_2026-04-15/work_dir/backtests_eiie_20260415_020042_job74147_86qdx6pe/runs/run_003/metrics.json: Copied (new)
2026/05/08 17:51:49 INFO  : NYSE_without_fees_2026-04-13_to_2026-04-15/work_dir/backtests_eiie_20260414_130918_job74126_62nqsn3t/runs/run_004/checkpoints/checkpoint-00004.pth: Copied (new)
2026/05/08 17:51:49 INFO  : NYSE_without_fees_2026-04-13_to_2026-04-15/work_dir/backtests_eiie_20260414_130918_job74126_62nqsn3t/runs/run_004/checkpoints/checkpoint-00002.pth: Copied (new)
2026/05/08 17:51:49 INFO  : NYSE_without_fees_2026-04-13_to_2026-04-15/work_dir/backtests_eiie_20260414_130918_job74126_62nqsn3t/runs/run_004/checkpoints/checkpoint-00003.pth: Copied (new)
2026/05/08 17:51:49 INFO  : PSE_without_fees_2026-04-13_to_2026-04-15/work_dir/backtests_eiie_20260415_020042_job74147_86qdx6pe/runs/run_003/equity_curve.png: Copied (new)
2026/05/08 17:51:49 INFO  : NYSE_without_fees_2026-04-13_to_2026-04-15/work_dir/backtests_eiie_20260414_130918_job74126_62nqsn3t/runs/run_004/checkpoints/checkpoint-00001.pth: Copied (new)
2026/05/08 17:51:49 INFO  : NYSE_without_fees_2026-04-13_to_2026-04-15/work_dir/backtests_eiie_20260414_130918_job74126_62nqsn3t/runs/run_004/checkpoints/checkpoint-00005.pth: Copied (new)
2026/05/08 17:51:51 INFO  : NYSE_without_fees_2026-04-13_to_2026-04-15/work_dir/backtests_eiie_20260414_130918_job74126_62nqsn3t/runs/run_004/checkpoints/checkpoint-00006.pth: Copied (new)
2026/05/08 17:51:53 INFO  : NYSE_without_fees_2026-04-13_to_2026-04-15/work_dir/backtests_eiie_20260414_130918_job74126_62nqsn3t/runs/run_004/checkpoints/checkpoint-00010.pth: Copied (new)
2026/05/08 17:51:53 INFO  : NYSE_without_fees_2026-04-13_to_2026-04-15/work_dir/backtests_eiie_20260415_055739_job74131_tpjgyzkc/runs/run_003/checkpoints/best.pth: Copied (new)
2026/05/08 17:51:53 INFO  : NYSE_without_fees_2026-04-13_to_2026-04-15/work_dir/backtests_eiie_20260414_130918_job74126_62nqsn3t/runs/run_004/checkpoints/checkpoint-00008.pth: Copied (new)
2026/05/08 17:51:53 INFO  : NYSE_without_fees_2026-04-13_to_2026-04-15/work_dir/backtests_eiie_20260414_130918_job74126_62nqsn3t/runs/run_004/checkpoints/checkpoint-00007.pth: Copied (new)
2026/05/08 17:51:53 INFO  : NYSE_without_fees_2026-04-13_to_2026-04-15/work_dir/backtests_eiie_20260415_055739_job74131_tpjgyzkc/runs/run_003/checkpoints/checkpoint-00001.pth: Copied (new)
2026/05/08 17:51:53 INFO  : NYSE_without_fees_2026-04-13_to_2026-04-15/work_dir/backtests_eiie_20260415_055739_job74131_tpjgyzkc/runs/run_003/checkpoints/checkpoint-00003.pth: Copied (new)
2026/05/08 17:51:53 INFO  : NYSE_without_fees_2026-04-13_to_2026-04-15/work_dir/backtests_eiie_20260414_130918_job74126_62nqsn3t/runs/run_004/checkpoints/checkpoint-00009.pth: Copied (new)
2026/05/08 17:51:53 INFO  : NYSE_without_fees_2026-04-13_to_2026-04-15/work_dir/backtests_eiie_20260415_055739_job74131_tpjgyzkc/runs/run_003/checkpoints/checkpoint-00002.pth: Copied (new)
2026/05/08 17:51:55 INFO  : NYSE_without_fees_2026-04-13_to_2026-04-15/work_dir/backtests_eiie_20260415_055739_job74131_tpjgyzkc/runs/run_003/checkpoints/checkpoint-00007.pth: Copied (new)
2026/05/08 17:51:55 INFO  : NYSE_without_fees_2026-04-13_to_2026-04-15/work_dir/backtests_eiie_20260415_055739_job74131_tpjgyzkc/runs/run_003/checkpoints/checkpoint-00006.pth: Copied (new)
2026/05/08 17:51:55 INFO  : NYSE_without_fees_2026-04-13_to_2026-04-15/work_dir/backtests_eiie_20260415_055739_job74131_tpjgyzkc/runs/run_003/checkpoints/checkpoint-00004.pth: Copied (new)
2026/05/08 17:51:55 INFO  : NYSE_without_fees_2026-04-13_to_2026-04-15/work_dir/backtests_eiie_20260415_055739_job74131_tpjgyzkc/runs/run_003/checkpoints/checkpoint-00005.pth: Copied (new)
2026/05/08 17:51:55 INFO  : NYSE_without_fees_2026-04-13_to_2026-04-15/work_dir/backtests_eiie_20260415_055739_job74131_tpjgyzkc/runs/run_003/checkpoints/checkpoint-00008.pth: Copied (new)
2026/05/08 17:51:57 INFO  : NYSE_without_fees_2026-04-13_to_2026-04-15/work_dir/backtests_eiie_20260415_055739_job74131_tpjgyzkc/runs/run_003/checkpoints/checkpoint-00009.pth: Copied (new)
2026/05/08 17:51:57 INFO  : NYSE_without_fees_2026-04-13_to_2026-04-15/work_dir/backtests_eiie_20260415_055739_job74131_tpjgyzkc/runs/run_003/checkpoints/checkpoint-00010.pth: Copied (new)
2026/05/08 17:51:57 INFO  : NYSE_without_fees_2026-04-13_to_2026-04-15/work_dir/backtests_eiie_20260415_023409_job74130_ujrrbycv/runs/run_005/Visualization_test.png: Copied (new)
2026/05/08 17:51:59 INFO  : PSE_without_fees_2026-04-13_to_2026-04-15/work_dir/backtests_eiie_20260414_225950_job74146_ur5evt9d/runs/run_002/checkpoints/best.pth: Copied (new)
2026/05/08 17:51:59 INFO  : NYSE_without_fees_2026-04-13_to_2026-04-15/work_dir/backtests_eiie_20260415_023409_job74130_ujrrbycv/runs/run_005/equity_curve.csv: Copied (new)
2026/05/08 17:51:59 INFO  : NYSE_without_fees_2026-04-13_to_2026-04-15/work_dir/backtests_eiie_20260415_023409_job74130_ujrrbycv/runs/run_005/daily_trades.json: Copied (new)
2026/05/08 17:51:59 INFO  : NYSE_without_fees_2026-04-13_to_2026-04-15/work_dir/backtests_eiie_20260415_023409_job74130_ujrrbycv/runs/run_005/daily_turnover.json: Copied (new)
2026/05/08 17:51:59 INFO  : PSE_without_fees_2026-04-13_to_2026-04-15/work_dir/backtests_eiie_20260414_225950_job74146_ur5evt9d/runs/run_002/checkpoints/checkpoint-00002.pth: Copied (new)
2026/05/08 17:51:59 INFO  : NYSE_without_fees_2026-04-13_to_2026-04-15/work_dir/backtests_eiie_20260415_023409_job74130_ujrrbycv/runs/run_005/Visualization_valid.png: Copied (new)
2026/05/08 17:52:00 INFO  : PSE_without_fees_2026-04-13_to_2026-04-15/work_dir/backtests_eiie_20260414_225950_job74146_ur5evt9d/runs/run_002/checkpoints/checkpoint-00001.pth: Copied (new)
2026/05/08 17:52:00 INFO  : PSE_without_fees_2026-04-13_to_2026-04-15/work_dir/backtests_eiie_20260414_225950_job74146_ur5evt9d/runs/run_002/checkpoints/checkpoint-00003.pth: Copied (new)
2026/05/08 17:52:01 INFO  : PSE_without_fees_2026-04-13_to_2026-04-15/work_dir/backtests_eiie_20260414_225950_job74146_ur5evt9d/runs/run_002/checkpoints/checkpoint-00004.pth: Copied (new)
2026/05/08 17:52:01 INFO  : PSE_without_fees_2026-04-13_to_2026-04-15/work_dir/backtests_eiie_20260414_225950_job74146_ur5evt9d/runs/run_002/checkpoints/checkpoint-00006.pth: Copied (new)
2026/05/08 17:52:01 INFO  : PSE_without_fees_2026-04-13_to_2026-04-15/work_dir/backtests_eiie_20260414_225950_job74146_ur5evt9d/runs/run_002/checkpoints/checkpoint-00007.pth: Copied (new)
2026/05/08 17:52:01 INFO  : PSE_without_fees_2026-04-13_to_2026-04-15/work_dir/backtests_eiie_20260414_225950_job74146_ur5evt9d/runs/run_002/checkpoints/checkpoint-00005.pth: Copied (new)
2026/05/08 17:52:02 INFO  : PSE_without_fees_2026-04-13_to_2026-04-15/work_dir/backtests_eiie_20260414_225950_job74146_ur5evt9d/runs/run_002/checkpoints/checkpoint-00008.pth: Copied (new)
2026/05/08 17:52:02 INFO  : PSE_without_fees_2026-04-13_to_2026-04-15/work_dir/backtests_eiie_20260414_225950_job74146_ur5evt9d/runs/run_002/checkpoints/checkpoint-00010.pth: Copied (new)
2026/05/08 17:52:02 INFO  : PSE_without_fees_2026-04-13_to_2026-04-15/work_dir/backtests_eiie_20260414_225950_job74146_ur5evt9d/runs/run_002/checkpoints/checkpoint-00009.pth: Copied (new)
2026/05/08 17:52:47 INFO  : NYSE_without_fees_2026-04-13_to_2026-04-15/work_dir/backtests_eiie_20260413_165222_job74120_idnmrt72/runs/run_003test_result.csv: Copied (new)
2026/05/08 17:52:47 INFO  : NYSE_without_fees_2026-04-13_to_2026-04-15/work_dir/backtests_eiie_20260413_165222_job74120_idnmrt72/runs/run_004test_result.csv: Copied (new)
2026/05/08 17:52:47 INFO  : NYSE_without_fees_2026-04-13_to_2026-04-15/work_dir/backtests_eiie_20260413_165222_job74120_idnmrt72/runs/run_002test_result.csv: Copied (new)
2026/05/08 17:52:47 INFO  : NYSE_without_fees_2026-04-13_to_2026-04-15/work_dir/backtests_eiie_20260415_023409_job74130_ujrrbycv/runs/run_005/metrics.json: Copied (new)
2026/05/08 17:52:47 INFO  : NYSE_without_fees_2026-04-13_to_2026-04-15/work_dir/backtests_eiie_20260413_165222_job74120_idnmrt72/runs/run_005test_result.csv: Copied (new)
2026/05/08 17:52:47 INFO  : NYSE_without_fees_2026-04-13_to_2026-04-15/work_dir/backtests_eiie_20260415_023409_job74130_ujrrbycv/runs/run_005/equity_curve.png: Copied (new)
2026/05/08 17:52:47 INFO  : NYSE_without_fees_2026-04-13_to_2026-04-15/work_dir/backtests_eiie_20260415_191636_job74135_ysebkrl3/runs/run_005/Visualization_test.png: Copied (new)
2026/05/08 17:52:47 INFO  : NYSE_without_fees_2026-04-13_to_2026-04-15/work_dir/backtests_eiie_20260413_165222_job74120_idnmrt72/runs/run_001test_result.csv: Copied (new)
2026/05/08 17:52:49 INFO  : NYSE_without_fees_2026-04-13_to_2026-04-15/work_dir/backtests_eiie_20260415_191636_job74135_ysebkrl3/runs/run_005/Visualization_valid.png: Copied (new)
2026/05/08 17:52:50 INFO  : NYSE_without_fees_2026-04-13_to_2026-04-15/work_dir/backtests_eiie_20260415_191636_job74135_ysebkrl3/runs/run_005/daily_trades.json: Copied (new)
2026/05/08 17:52:51 INFO  : NYSE_without_fees_2026-04-13_to_2026-04-15/work_dir/backtests_eiie_20260415_191636_job74135_ysebkrl3/runs/run_005/metrics.json: Copied (new)
2026/05/08 17:52:51 INFO  : NYSE_without_fees_2026-04-13_to_2026-04-15/work_dir/backtests_eiie_20260415_191636_job74135_ysebkrl3/runs/run_005/daily_turnover.json: Copied (new)
2026/05/08 17:52:51 INFO  : NYSE_without_fees_2026-04-13_to_2026-04-15/work_dir/backtests_eiie_20260415_191636_job74135_ysebkrl3/runs/run_005/equity_curve.csv: Copied (new)
2026/05/08 17:52:51 INFO  : NYSE_without_fees_2026-04-13_to_2026-04-15/work_dir/backtests_eiie_20260415_191636_job74135_ysebkrl3/runs/run_005/equity_curve.png: Copied (new)
2026/05/08 17:52:52 INFO  : PSE_without_fees_2026-04-13_to_2026-04-15/work_dir/backtests_eiie_20260415_110513_job74150_f5h5w0n8/runs/run_002/Visualization_test.png: Copied (new)
2026/05/08 17:52:52 INFO  : PSE_without_fees_2026-04-13_to_2026-04-15/work_dir/backtests_eiie_20260415_110513_job74150_f5h5w0n8/runs/run_002/daily_trades.json: Copied (new)
2026/05/08 17:52:52 INFO  : PSE_without_fees_2026-04-13_to_2026-04-15/work_dir/backtests_eiie_20260415_110513_job74150_f5h5w0n8/runs/run_002/Visualization_valid.png: Copied (new)
2026/05/08 17:52:52 INFO  : PSE_without_fees_2026-04-13_to_2026-04-15/work_dir/backtests_eiie_20260415_110513_job74150_f5h5w0n8/runs/run_002/daily_turnover.json: Copied (new)
2026/05/08 17:52:53 INFO  : PSE_without_fees_2026-04-13_to_2026-04-15/work_dir/backtests_eiie_20260415_110513_job74150_f5h5w0n8/runs/run_002/equity_curve.csv: Copied (new)
2026/05/08 17:52:53 INFO  : PSE_without_fees_2026-04-13_to_2026-04-15/work_dir/backtests_eiie_20260415_110513_job74150_f5h5w0n8/runs/run_002/metrics.json: Copied (new)
2026/05/08 17:52:53 INFO  : PSE_without_fees_2026-04-13_to_2026-04-15/work_dir/backtests_eiie_20260415_110513_job74150_f5h5w0n8/runs/run_002/equity_curve.png: Copied (new)
2026/05/08 17:52:55 INFO  : PSE_without_fees_2026-04-13_to_2026-04-15/work_dir/backtests_eiie_20260414_075610_job74141_jxq9e3d_/runs/run_002/checkpoints/best.pth: Copied (new)
2026/05/08 17:52:56 INFO  : PSE_without_fees_2026-04-13_to_2026-04-15/work_dir/backtests_eiie_20260414_075610_job74141_jxq9e3d_/runs/run_002/checkpoints/checkpoint-00003.pth: Copied (new)
2026/05/08 17:52:56 INFO  : PSE_without_fees_2026-04-13_to_2026-04-15/work_dir/backtests_eiie_20260414_075610_job74141_jxq9e3d_/runs/run_002/checkpoints/checkpoint-00002.pth: Copied (new)
2026/05/08 17:52:56 INFO  : PSE_without_fees_2026-04-13_to_2026-04-15/work_dir/backtests_eiie_20260414_075610_job74141_jxq9e3d_/runs/run_002/checkpoints/checkpoint-00007.pth: Copied (new)
2026/05/08 17:52:56 INFO  : PSE_without_fees_2026-04-13_to_2026-04-15/work_dir/backtests_eiie_20260414_075610_job74141_jxq9e3d_/runs/run_002/checkpoints/checkpoint-00005.pth: Copied (new)
2026/05/08 17:52:56 INFO  : PSE_without_fees_2026-04-13_to_2026-04-15/work_dir/backtests_eiie_20260414_075610_job74141_jxq9e3d_/runs/run_002/checkpoints/checkpoint-00001.pth: Copied (new)
2026/05/08 17:52:56 INFO  : PSE_without_fees_2026-04-13_to_2026-04-15/work_dir/backtests_eiie_20260414_075610_job74141_jxq9e3d_/runs/run_002/checkpoints/checkpoint-00004.pth: Copied (new)
2026/05/08 17:52:56 INFO  : PSE_without_fees_2026-04-13_to_2026-04-15/work_dir/backtests_eiie_20260414_075610_job74141_jxq9e3d_/runs/run_002/checkpoints/checkpoint-00006.pth: Copied (new)
2026/05/08 17:52:59 INFO  : PSE_without_fees_2026-04-13_to_2026-04-15/work_dir/backtests_eiie_20260414_075610_job74141_jxq9e3d_/runs/run_002/checkpoints/checkpoint-00010.pth: Copied (new)
2026/05/08 17:52:59 INFO  : PSE_without_fees_2026-04-13_to_2026-04-15/work_dir/backtests_eiie_20260414_075610_job74141_jxq9e3d_/runs/run_002/checkpoints/checkpoint-00008.pth: Copied (new)
2026/05/08 17:53:00 INFO  : PSE_without_fees_2026-04-13_to_2026-04-15/work_dir/backtests_eiie_20260414_075610_job74141_jxq9e3d_/runs/run_002/checkpoints/checkpoint-00009.pth: Copied (new)
2026/05/08 17:53:00 INFO  : PSE_without_fees_2026-04-13_to_2026-04-15/work_dir/backtests_eiie_20260413_195251_job74137_dvcd7s8x/runs/run_004/equity_curve.csv: Copied (new)
2026/05/08 17:53:00 INFO  : PSE_without_fees_2026-04-13_to_2026-04-15/work_dir/backtests_eiie_20260413_195251_job74137_dvcd7s8x/runs/run_004/Visualization_test.png: Copied (new)
2026/05/08 17:53:00 INFO  : PSE_without_fees_2026-04-13_to_2026-04-15/work_dir/backtests_eiie_20260413_195251_job74137_dvcd7s8x/runs/run_004/daily_trades.json: Copied (new)
2026/05/08 17:53:00 INFO  : PSE_without_fees_2026-04-13_to_2026-04-15/work_dir/backtests_eiie_20260413_195251_job74137_dvcd7s8x/runs/run_004/daily_turnover.json: Copied (new)
2026/05/08 17:53:00 INFO  : PSE_without_fees_2026-04-13_to_2026-04-15/work_dir/backtests_eiie_20260413_195251_job74137_dvcd7s8x/runs/run_004/Visualization_valid.png: Copied (new)
2026/05/08 17:53:03 INFO  : PSE_without_fees_2026-04-13_to_2026-04-15/work_dir/backtests_eiie_20260413_195251_job74137_dvcd7s8x/runs/run_004/metrics.json: Copied (new)
2026/05/08 17:53:03 INFO  : PSE_without_fees_2026-04-13_to_2026-04-15/work_dir/backtests_eiie_20260414_105331_job74142_ufplj8k7/runs/run_004/equity_curve.csv: Copied (new)
2026/05/08 17:53:04 INFO  : PSE_without_fees_2026-04-13_to_2026-04-15/work_dir/backtests_eiie_20260414_105331_job74142_ufplj8k7/runs/run_004/daily_trades.json: Copied (new)
2026/05/08 17:53:04 INFO  : PSE_without_fees_2026-04-13_to_2026-04-15/work_dir/backtests_eiie_20260414_105331_job74142_ufplj8k7/runs/run_004/daily_turnover.json: Copied (new)
2026/05/08 17:53:04 INFO  : PSE_without_fees_2026-04-13_to_2026-04-15/work_dir/backtests_eiie_20260414_105331_job74142_ufplj8k7/runs/run_004/Visualization_test.png: Copied (new)
2026/05/08 17:53:04 INFO  : PSE_without_fees_2026-04-13_to_2026-04-15/work_dir/backtests_eiie_20260413_195251_job74137_dvcd7s8x/runs/run_004/equity_curve.png: Copied (new)
2026/05/08 17:53:04 INFO  : PSE_without_fees_2026-04-13_to_2026-04-15/work_dir/backtests_eiie_20260414_105331_job74142_ufplj8k7/runs/run_004/Visualization_valid.png: Copied (new)
2026/05/08 17:53:04 INFO  : PSE_without_fees_2026-04-13_to_2026-04-15/work_dir/backtests_eiie_20260414_105331_job74142_ufplj8k7/runs/run_004/equity_curve.png: Copied (new)
2026/05/08 17:53:08 INFO  : PSE_without_fees_2026-04-13_to_2026-04-15/work_dir/backtests_eiie_20260414_015729_job74139_46bfn538/runs/run_004/equity_curve.png: Copied (new)
2026/05/08 17:53:31 INFO  : PSE_without_fees_2026-04-13_to_2026-04-15/work_dir/backtests_eiie_20260414_015729_job74139_46bfn538/runs/run_004/equity_curve.csv: Copied (new)
2026/05/08 17:53:31 INFO  : PSE_without_fees_2026-04-13_to_2026-04-15/work_dir/backtests_eiie_20260414_015729_job74139_46bfn538/runs/run_004/daily_trades.json: Copied (new)
2026/05/08 17:53:31 INFO  : PSE_without_fees_2026-04-13_to_2026-04-15/work_dir/backtests_eiie_20260414_015729_job74139_46bfn538/runs/run_004/metrics.json: Copied (new)
2026/05/08 17:53:31 INFO  : PSE_without_fees_2026-04-13_to_2026-04-15/work_dir/backtests_eiie_20260414_105331_job74142_ufplj8k7/runs/run_004/metrics.json: Copied (new)
2026/05/08 17:53:31 INFO  : PSE_without_fees_2026-04-13_to_2026-04-15/work_dir/backtests_eiie_20260414_015729_job74139_46bfn538/runs/run_004/daily_turnover.json: Copied (new)
2026/05/08 17:53:32 INFO  : PSE_without_fees_2026-04-13_to_2026-04-15/work_dir/backtests_eiie_20260414_015729_job74139_46bfn538/runs/run_004/Visualization_valid.png: Copied (new)
2026/05/08 17:53:32 INFO  : PSE_without_fees_2026-04-13_to_2026-04-15/work_dir/backtests_eiie_20260413_165222_job74136_gkc4fhnc/runs/run_004/Visualization_test.png: Copied (new)
2026/05/08 17:53:32 INFO  : PSE_without_fees_2026-04-13_to_2026-04-15/work_dir/backtests_eiie_20260414_015729_job74139_46bfn538/runs/run_004/Visualization_test.png: Copied (new)
2026/05/08 17:53:33 INFO  : PSE_without_fees_2026-04-13_to_2026-04-15/work_dir/backtests_eiie_20260413_165222_job74136_gkc4fhnc/runs/run_004/daily_turnover.json: Copied (new)
2026/05/08 17:53:33 INFO  : PSE_without_fees_2026-04-13_to_2026-04-15/work_dir/backtests_eiie_20260413_165222_job74136_gkc4fhnc/runs/run_004/daily_trades.json: Copied (new)
2026/05/08 17:53:33 INFO  : PSE_without_fees_2026-04-13_to_2026-04-15/work_dir/backtests_eiie_20260413_165222_job74136_gkc4fhnc/runs/run_004/equity_curve.csv: Copied (new)
2026/05/08 17:53:34 INFO  : PSE_without_fees_2026-04-13_to_2026-04-15/work_dir/backtests_eiie_20260413_165222_job74136_gkc4fhnc/runs/run_004/Visualization_valid.png: Copied (new)
2026/05/08 17:53:34 INFO  : PSE_without_fees_2026-04-13_to_2026-04-15/work_dir/backtests_eiie_20260413_165222_job74136_gkc4fhnc/runs/run_004/equity_curve.png: Copied (new)
2026/05/08 17:53:35 INFO  : PSE_without_fees_2026-04-13_to_2026-04-15/work_dir/backtests_eiie_20260413_165222_job74136_gkc4fhnc/runs/run_004/metrics.json: Copied (new)
2026/05/08 17:53:36 INFO  : NYSE_without_fees_2026-04-13_to_2026-04-15/work_dir/backtests_eiie_20260413_201351_job74121_gzd7n48c/runs/run_004/checkpoints/best.pth: Copied (new)
2026/05/08 17:53:36 INFO  : NYSE_without_fees_2026-04-13_to_2026-04-15/work_dir/backtests_eiie_20260413_201351_job74121_gzd7n48c/runs/run_004/checkpoints/checkpoint-00001.pth: Copied (new)
2026/05/08 17:53:36 INFO  : NYSE_without_fees_2026-04-13_to_2026-04-15/work_dir/backtests_eiie_20260413_201351_job74121_gzd7n48c/runs/run_004/checkpoints/checkpoint-00004.pth: Copied (new)
2026/05/08 17:53:36 INFO  : NYSE_without_fees_2026-04-13_to_2026-04-15/work_dir/backtests_eiie_20260413_201351_job74121_gzd7n48c/runs/run_004/checkpoints/checkpoint-00003.pth: Copied (new)
2026/05/08 17:53:36 INFO  : NYSE_without_fees_2026-04-13_to_2026-04-15/work_dir/backtests_eiie_20260413_201351_job74121_gzd7n48c/runs/run_004/checkpoints/checkpoint-00005.pth: Copied (new)
2026/05/08 17:53:37 INFO  : NYSE_without_fees_2026-04-13_to_2026-04-15/work_dir/backtests_eiie_20260413_201351_job74121_gzd7n48c/runs/run_004/checkpoints/checkpoint-00002.pth: Copied (new)
2026/05/08 17:53:37 INFO  : NYSE_without_fees_2026-04-13_to_2026-04-15/work_dir/backtests_eiie_20260413_201351_job74121_gzd7n48c/runs/run_004/checkpoints/checkpoint-00006.pth: Copied (new)
2026/05/08 17:53:39 INFO  : NYSE_without_fees_2026-04-13_to_2026-04-15/work_dir/backtests_eiie_20260413_201351_job74121_gzd7n48c/runs/run_004/checkpoints/checkpoint-00007.pth: Copied (new)
2026/05/08 17:53:39 INFO  : PSE_without_fees_2026-04-13_to_2026-04-15/work_dir/backtests_eiie_20260415_080216_job74149_0mddw9l9/runs/run_001/checkpoints/best.pth: Copied (new)
2026/05/08 17:53:39 INFO  : NYSE_without_fees_2026-04-13_to_2026-04-15/work_dir/backtests_eiie_20260413_201351_job74121_gzd7n48c/runs/run_004/checkpoints/checkpoint-00010.pth: Copied (new)
2026/05/08 17:53:39 INFO  : NYSE_without_fees_2026-04-13_to_2026-04-15/work_dir/backtests_eiie_20260413_201351_job74121_gzd7n48c/runs/run_004/checkpoints/checkpoint-00009.pth: Copied (new)
2026/05/08 17:53:40 INFO  : NYSE_without_fees_2026-04-13_to_2026-04-15/work_dir/backtests_eiie_20260413_201351_job74121_gzd7n48c/runs/run_004/checkpoints/checkpoint-00008.pth: Copied (new)
2026/05/08 17:53:40 INFO  : PSE_without_fees_2026-04-13_to_2026-04-15/work_dir/backtests_eiie_20260415_080216_job74149_0mddw9l9/runs/run_001/checkpoints/checkpoint-00002.pth: Copied (new)
2026/05/08 17:53:40 INFO  : PSE_without_fees_2026-04-13_to_2026-04-15/work_dir/backtests_eiie_20260415_080216_job74149_0mddw9l9/runs/run_001/checkpoints/checkpoint-00003.pth: Copied (new)
2026/05/08 17:53:40 INFO  : PSE_without_fees_2026-04-13_to_2026-04-15/work_dir/backtests_eiie_20260415_080216_job74149_0mddw9l9/runs/run_001/checkpoints/checkpoint-00001.pth: Copied (new)
2026/05/08 17:53:41 INFO  : PSE_without_fees_2026-04-13_to_2026-04-15/work_dir/backtests_eiie_20260415_080216_job74149_0mddw9l9/runs/run_001/checkpoints/checkpoint-00006.pth: Copied (new)
2026/05/08 17:53:41 INFO  : PSE_without_fees_2026-04-13_to_2026-04-15/work_dir/backtests_eiie_20260415_080216_job74149_0mddw9l9/runs/run_001/checkpoints/checkpoint-00004.pth: Copied (new)
2026/05/08 17:53:42 INFO  : PSE_without_fees_2026-04-13_to_2026-04-15/work_dir/backtests_eiie_20260415_080216_job74149_0mddw9l9/runs/run_001/checkpoints/checkpoint-00007.pth: Copied (new)
2026/05/08 17:53:42 INFO  : PSE_without_fees_2026-04-13_to_2026-04-15/work_dir/backtests_eiie_20260415_080216_job74149_0mddw9l9/runs/run_001/checkpoints/checkpoint-00005.pth: Copied (new)
2026/05/08 17:53:42 INFO  : PSE_without_fees_2026-04-13_to_2026-04-15/work_dir/backtests_eiie_20260415_080216_job74149_0mddw9l9/runs/run_001/checkpoints/checkpoint-00008.pth: Copied (new)
2026/05/08 17:53:44 INFO  : PSE_without_fees_2026-04-13_to_2026-04-15/work_dir/backtests_eiie_20260414_045947_job74140_h8ucwjhj/runs/run_002/checkpoints/best.pth: Copied (new)
2026/05/08 17:53:44 INFO  : PSE_without_fees_2026-04-13_to_2026-04-15/work_dir/backtests_eiie_20260415_080216_job74149_0mddw9l9/runs/run_001/checkpoints/checkpoint-00010.pth: Copied (new)
2026/05/08 17:53:44 INFO  : PSE_without_fees_2026-04-13_to_2026-04-15/work_dir/backtests_eiie_20260414_045947_job74140_h8ucwjhj/runs/run_002/checkpoints/checkpoint-00003.pth: Copied (new)
2026/05/08 17:53:44 INFO  : PSE_without_fees_2026-04-13_to_2026-04-15/work_dir/backtests_eiie_20260415_080216_job74149_0mddw9l9/runs/run_001/checkpoints/checkpoint-00009.pth: Copied (new)
2026/05/08 17:53:44 INFO  : PSE_without_fees_2026-04-13_to_2026-04-15/work_dir/backtests_eiie_20260414_045947_job74140_h8ucwjhj/runs/run_002/checkpoints/checkpoint-00002.pth: Copied (new)
2026/05/08 17:53:44 INFO  : PSE_without_fees_2026-04-13_to_2026-04-15/work_dir/backtests_eiie_20260414_045947_job74140_h8ucwjhj/runs/run_002/checkpoints/checkpoint-00005.pth: Copied (new)
2026/05/08 17:53:44 INFO  : PSE_without_fees_2026-04-13_to_2026-04-15/work_dir/backtests_eiie_20260414_045947_job74140_h8ucwjhj/runs/run_002/checkpoints/checkpoint-00004.pth: Copied (new)
2026/05/08 17:53:45 INFO  : PSE_without_fees_2026-04-13_to_2026-04-15/work_dir/backtests_eiie_20260414_045947_job74140_h8ucwjhj/runs/run_002/checkpoints/checkpoint-00001.pth: Copied (new)
2026/05/08 17:53:48 INFO  : PSE_without_fees_2026-04-13_to_2026-04-15/work_dir/backtests_eiie_20260414_045947_job74140_h8ucwjhj/runs/run_002/checkpoints/checkpoint-00010.pth: Copied (new)
2026/05/08 17:53:48 INFO  : PSE_without_fees_2026-04-13_to_2026-04-15/work_dir/backtests_eiie_20260414_045947_job74140_h8ucwjhj/runs/run_002/checkpoints/checkpoint-00006.pth: Copied (new)
2026/05/08 17:53:48 INFO  : PSE_without_fees_2026-04-13_to_2026-04-15/work_dir/backtests_eiie_20260414_045947_job74140_h8ucwjhj/runs/run_002/checkpoints/checkpoint-00007.pth: Copied (new)
2026/05/08 17:53:48 INFO  : PSE_without_fees_2026-04-13_to_2026-04-15/work_dir/backtests_eiie_20260414_045947_job74140_h8ucwjhj/runs/run_002/checkpoints/checkpoint-00009.pth: Copied (new)
2026/05/08 17:53:48 INFO  : PSE_without_fees_2026-04-13_to_2026-04-15/work_dir/backtests_eiie_20260414_045947_job74140_h8ucwjhj/runs/run_002/checkpoints/checkpoint-00008.pth: Copied (new)
2026/05/08 17:53:48 INFO  : PSE_without_fees_2026-04-13_to_2026-04-15/work_dir/backtests_eiie_20260414_225950_job74146_ur5evt9d/runs/run_004/Visualization_test.png: Copied (new)
2026/05/08 17:53:48 INFO  : PSE_without_fees_2026-04-13_to_2026-04-15/work_dir/backtests_eiie_20260414_225950_job74146_ur5evt9d/runs/run_004/daily_trades.json: Copied (new)
2026/05/08 17:53:49 INFO  : PSE_without_fees_2026-04-13_to_2026-04-15/work_dir/backtests_eiie_20260414_225950_job74146_ur5evt9d/runs/run_004/Visualization_valid.png: Copied (new)
2026/05/08 17:53:51 INFO  : PSE_without_fees_2026-04-13_to_2026-04-15/work_dir/backtests_eiie_20260414_225950_job74146_ur5evt9d/runs/run_004/metrics.json: Copied (new)
2026/05/08 17:53:51 INFO  : PSE_without_fees_2026-04-13_to_2026-04-15/work_dir/backtests_eiie_20260414_225950_job74146_ur5evt9d/runs/run_004/equity_curve.csv: Copied (new)
2026/05/08 17:53:52 INFO  : PSE_without_fees_2026-04-13_to_2026-04-15/work_dir/backtests_eiie_20260414_225950_job74146_ur5evt9d/runs/run_004/daily_turnover.json: Copied (new)
2026/05/08 17:53:52 INFO  : PSE_without_fees_2026-04-13_to_2026-04-15/work_dir/backtests_eiie_20260413_225636_job74138_97ly951i/runs/run_004/daily_trades.json: Copied (new)
2026/05/08 17:53:52 INFO  : PSE_without_fees_2026-04-13_to_2026-04-15/work_dir/backtests_eiie_20260413_225636_job74138_97ly951i/runs/run_004/Visualization_test.png: Copied (new)
2026/05/08 17:53:52 INFO  : PSE_without_fees_2026-04-13_to_2026-04-15/work_dir/backtests_eiie_20260413_225636_job74138_97ly951i/runs/run_004/daily_turnover.json: Copied (new)
2026/05/08 17:53:52 INFO  : PSE_without_fees_2026-04-13_to_2026-04-15/work_dir/backtests_eiie_20260414_225950_job74146_ur5evt9d/runs/run_004/equity_curve.png: Copied (new)
2026/05/08 17:53:52 INFO  : PSE_without_fees_2026-04-13_to_2026-04-15/work_dir/backtests_eiie_20260413_225636_job74138_97ly951i/runs/run_004/Visualization_valid.png: Copied (new)
2026/05/08 17:53:54 INFO  : PSE_without_fees_2026-04-13_to_2026-04-15/work_dir/backtests_eiie_20260413_225636_job74138_97ly951i/runs/run_004/equity_curve.csv: Copied (new)
2026/05/08 17:53:55 INFO  : PSE_without_fees_2026-04-13_to_2026-04-15/work_dir/backtests_eiie_20260413_225636_job74138_97ly951i/runs/run_004/metrics.json: Copied (new)
2026/05/08 17:53:56 INFO  : NYSE_without_fees_2026-04-13_to_2026-04-15/work_dir/backtests_eiie_20260415_055739_job74131_tpjgyzkc/runs/run_005/equity_curve.csv: Copied (new)
2026/05/08 17:53:56 INFO  : NYSE_without_fees_2026-04-13_to_2026-04-15/work_dir/backtests_eiie_20260415_055739_job74131_tpjgyzkc/runs/run_005/Visualization_test.png: Copied (new)
2026/05/08 17:53:56 INFO  : NYSE_without_fees_2026-04-13_to_2026-04-15/work_dir/backtests_eiie_20260415_055739_job74131_tpjgyzkc/runs/run_005/daily_trades.json: Copied (new)
2026/05/08 17:53:56 INFO  : PSE_without_fees_2026-04-13_to_2026-04-15/work_dir/backtests_eiie_20260413_225636_job74138_97ly951i/runs/run_004/equity_curve.png: Copied (new)
2026/05/08 17:53:56 INFO  : NYSE_without_fees_2026-04-13_to_2026-04-15/work_dir/backtests_eiie_20260415_055739_job74131_tpjgyzkc/runs/run_005/equity_curve.png: Copied (new)
2026/05/08 17:53:56 INFO  : NYSE_without_fees_2026-04-13_to_2026-04-15/work_dir/backtests_eiie_20260415_055739_job74131_tpjgyzkc/runs/run_005/daily_turnover.json: Copied (new)
2026/05/08 17:53:59 INFO  : NYSE_without_fees_2026-04-13_to_2026-04-15/work_dir/backtests_eiie_20260415_055739_job74131_tpjgyzkc/runs/run_005/metrics.json: Copied (new)
2026/05/08 17:53:59 INFO  : PSE_without_fees_2026-04-13_to_2026-04-15/work_dir/backtests_eiie_20260414_165644_job74144_dbwdzdc8/runs/run_002/checkpoints/best.pth: Copied (new)
2026/05/08 17:53:59 INFO  : PSE_without_fees_2026-04-13_to_2026-04-15/work_dir/backtests_eiie_20260414_165644_job74144_dbwdzdc8/runs/run_002/checkpoints/checkpoint-00004.pth: Copied (new)
2026/05/08 17:53:59 INFO  : PSE_without_fees_2026-04-13_to_2026-04-15/work_dir/backtests_eiie_20260414_165644_job74144_dbwdzdc8/runs/run_002/checkpoints/checkpoint-00001.pth: Copied (new)
2026/05/08 17:54:00 INFO  : PSE_without_fees_2026-04-13_to_2026-04-15/work_dir/backtests_eiie_20260414_165644_job74144_dbwdzdc8/runs/run_002/checkpoints/checkpoint-00002.pth: Copied (new)
2026/05/08 17:54:00 INFO  : PSE_without_fees_2026-04-13_to_2026-04-15/work_dir/backtests_eiie_20260414_165644_job74144_dbwdzdc8/runs/run_002/checkpoints/checkpoint-00005.pth: Copied (new)
2026/05/08 17:54:00 INFO  : NYSE_without_fees_2026-04-13_to_2026-04-15/work_dir/backtests_eiie_20260415_055739_job74131_tpjgyzkc/runs/run_005/Visualization_valid.png: Copied (new)
2026/05/08 17:54:00 INFO  : PSE_without_fees_2026-04-13_to_2026-04-15/work_dir/backtests_eiie_20260414_165644_job74144_dbwdzdc8/runs/run_002/checkpoints/checkpoint-00003.pth: Copied (new)
2026/05/08 17:54:01 INFO  : PSE_without_fees_2026-04-13_to_2026-04-15/work_dir/backtests_eiie_20260414_165644_job74144_dbwdzdc8/runs/run_002/checkpoints/checkpoint-00007.pth: Copied (new)
2026/05/08 17:54:01 INFO  : PSE_without_fees_2026-04-13_to_2026-04-15/work_dir/backtests_eiie_20260414_165644_job74144_dbwdzdc8/runs/run_002/checkpoints/checkpoint-00006.pth: Copied (new)
2026/05/08 17:54:03 INFO  : PSE_without_fees_2026-04-13_to_2026-04-15/work_dir/backtests_eiie_20260414_195953_job74145__xmyv0fz/runs/run_002/checkpoints/best.pth: Copied (new)
2026/05/08 17:54:03 INFO  : PSE_without_fees_2026-04-13_to_2026-04-15/work_dir/backtests_eiie_20260414_165644_job74144_dbwdzdc8/runs/run_002/checkpoints/checkpoint-00008.pth: Copied (new)
2026/05/08 17:54:03 INFO  : PSE_without_fees_2026-04-13_to_2026-04-15/work_dir/backtests_eiie_20260414_165644_job74144_dbwdzdc8/runs/run_002/checkpoints/checkpoint-00010.pth: Copied (new)
2026/05/08 17:54:03 INFO  : PSE_without_fees_2026-04-13_to_2026-04-15/work_dir/backtests_eiie_20260414_165644_job74144_dbwdzdc8/runs/run_002/checkpoints/checkpoint-00009.pth: Copied (new)
2026/05/08 17:54:03 INFO  : PSE_without_fees_2026-04-13_to_2026-04-15/work_dir/backtests_eiie_20260414_195953_job74145__xmyv0fz/runs/run_002/checkpoints/checkpoint-00004.pth: Copied (new)
2026/05/08 17:54:03 INFO  : PSE_without_fees_2026-04-13_to_2026-04-15/work_dir/backtests_eiie_20260414_195953_job74145__xmyv0fz/runs/run_002/checkpoints/checkpoint-00001.pth: Copied (new)
2026/05/08 17:54:03 INFO  : PSE_without_fees_2026-04-13_to_2026-04-15/work_dir/backtests_eiie_20260414_195953_job74145__xmyv0fz/runs/run_002/checkpoints/checkpoint-00003.pth: Copied (new)
2026/05/08 17:54:04 INFO  : PSE_without_fees_2026-04-13_to_2026-04-15/work_dir/backtests_eiie_20260414_195953_job74145__xmyv0fz/runs/run_002/checkpoints/checkpoint-00002.pth: Copied (new)
2026/05/08 17:54:44 INFO  : NYSE_without_fees_2026-04-13_to_2026-04-15/work_dir/backtests_eiie_20260414_195750_job74128_o_ywey2v/runs/run_004/checkpoints/checkpoint-00001.pth: Copied (new)
2026/05/08 17:54:46 INFO  : PSE_without_fees_2026-04-13_to_2026-04-15/work_dir/backtests_eiie_20260414_195953_job74145__xmyv0fz/runs/run_002/checkpoints/checkpoint-00006.pth: Copied (new)
2026/05/08 17:54:46 INFO  : NYSE_without_fees_2026-04-13_to_2026-04-15/work_dir/backtests_eiie_20260414_195750_job74128_o_ywey2v/runs/run_004/checkpoints/best.pth: Copied (new)
2026/05/08 17:54:46 INFO  : PSE_without_fees_2026-04-13_to_2026-04-15/work_dir/backtests_eiie_20260414_195953_job74145__xmyv0fz/runs/run_002/checkpoints/checkpoint-00007.pth: Copied (new)
2026/05/08 17:54:46 INFO  : PSE_without_fees_2026-04-13_to_2026-04-15/work_dir/backtests_eiie_20260414_195953_job74145__xmyv0fz/runs/run_002/checkpoints/checkpoint-00009.pth: Copied (new)
2026/05/08 17:54:46 INFO  : PSE_without_fees_2026-04-13_to_2026-04-15/work_dir/backtests_eiie_20260414_195953_job74145__xmyv0fz/runs/run_002/checkpoints/checkpoint-00005.pth: Copied (new)
2026/05/08 17:54:46 INFO  : PSE_without_fees_2026-04-13_to_2026-04-15/work_dir/backtests_eiie_20260414_195953_job74145__xmyv0fz/runs/run_002/checkpoints/checkpoint-00008.pth: Copied (new)
2026/05/08 17:54:46 INFO  : PSE_without_fees_2026-04-13_to_2026-04-15/work_dir/backtests_eiie_20260414_195953_job74145__xmyv0fz/runs/run_002/checkpoints/checkpoint-00010.pth: Copied (new)
2026/05/08 17:54:46 INFO  : NYSE_without_fees_2026-04-13_to_2026-04-15/work_dir/backtests_eiie_20260414_195750_job74128_o_ywey2v/runs/run_004/checkpoints/checkpoint-00002.pth: Copied (new)
2026/05/08 17:54:48 INFO  : NYSE_without_fees_2026-04-13_to_2026-04-15/work_dir/backtests_eiie_20260414_195750_job74128_o_ywey2v/runs/run_004/checkpoints/checkpoint-00005.pth: Copied (new)
2026/05/08 17:54:48 INFO  : NYSE_without_fees_2026-04-13_to_2026-04-15/work_dir/backtests_eiie_20260414_195750_job74128_o_ywey2v/runs/run_004/checkpoints/checkpoint-00003.pth: Copied (new)
2026/05/08 17:54:48 INFO  : NYSE_without_fees_2026-04-13_to_2026-04-15/work_dir/backtests_eiie_20260414_195750_job74128_o_ywey2v/runs/run_004/checkpoints/checkpoint-00004.pth: Copied (new)
2026/05/08 17:54:48 INFO  : NYSE_without_fees_2026-04-13_to_2026-04-15/work_dir/backtests_eiie_20260414_195750_job74128_o_ywey2v/runs/run_004/checkpoints/checkpoint-00007.pth: Copied (new)
2026/05/08 17:54:48 INFO  : NYSE_without_fees_2026-04-13_to_2026-04-15/work_dir/backtests_eiie_20260414_195750_job74128_o_ywey2v/runs/run_004/checkpoints/checkpoint-00010.pth: Copied (new)
2026/05/08 17:54:48 INFO  : NYSE_without_fees_2026-04-13_to_2026-04-15/work_dir/backtests_eiie_20260414_195750_job74128_o_ywey2v/runs/run_004/checkpoints/checkpoint-00006.pth: Copied (new)
2026/05/08 17:54:48 INFO  : NYSE_without_fees_2026-04-13_to_2026-04-15/work_dir/backtests_eiie_20260414_195750_job74128_o_ywey2v/runs/run_004/checkpoints/checkpoint-00009.pth: Copied (new)
2026/05/08 17:54:48 INFO  : NYSE_without_fees_2026-04-13_to_2026-04-15/work_dir/backtests_eiie_20260414_195750_job74128_o_ywey2v/runs/run_004/checkpoints/checkpoint-00008.pth: Copied (new)
2026/05/08 17:54:51 INFO  : PSE_without_fees_2026-04-13_to_2026-04-15/work_dir/backtests_eiie_20260414_015729_job74139_46bfn538/runs/run_003/checkpoints/best.pth: Copied (new)
2026/05/08 17:54:52 INFO  : PSE_without_fees_2026-04-13_to_2026-04-15/work_dir/backtests_eiie_20260414_015729_job74139_46bfn538/runs/run_003/checkpoints/checkpoint-00004.pth: Copied (new)
2026/05/08 17:54:52 INFO  : PSE_without_fees_2026-04-13_to_2026-04-15/work_dir/backtests_eiie_20260414_015729_job74139_46bfn538/runs/run_003/checkpoints/checkpoint-00002.pth: Copied (new)
2026/05/08 17:54:52 INFO  : PSE_without_fees_2026-04-13_to_2026-04-15/work_dir/backtests_eiie_20260414_015729_job74139_46bfn538/runs/run_003/checkpoints/checkpoint-00005.pth: Copied (new)
2026/05/08 17:54:53 INFO  : PSE_without_fees_2026-04-13_to_2026-04-15/work_dir/backtests_eiie_20260414_015729_job74139_46bfn538/runs/run_003/checkpoints/checkpoint-00001.pth: Copied (new)
2026/05/08 17:54:54 INFO  : NYSE_without_fees_2026-04-13_to_2026-04-15/work_dir/backtests_eiie_20260415_155439_job74134_d24w3yak/runs/run_004/daily_trades.json: Copied (new)
2026/05/08 17:54:54 INFO  : PSE_without_fees_2026-04-13_to_2026-04-15/work_dir/backtests_eiie_20260414_015729_job74139_46bfn538/runs/run_003/checkpoints/checkpoint-00003.pth: Copied (new)
2026/05/08 17:54:54 INFO  : NYSE_without_fees_2026-04-13_to_2026-04-15/work_dir/backtests_eiie_20260415_155439_job74134_d24w3yak/runs/run_004/Visualization_test.png: Copied (new)
2026/05/08 17:54:54 INFO  : NYSE_without_fees_2026-04-13_to_2026-04-15/work_dir/backtests_eiie_20260415_155439_job74134_d24w3yak/runs/run_004/daily_turnover.json: Copied (new)
2026/05/08 17:54:54 INFO  : NYSE_without_fees_2026-04-13_to_2026-04-15/work_dir/backtests_eiie_20260415_155439_job74134_d24w3yak/runs/run_004/equity_curve.csv: Copied (new)
2026/05/08 17:54:54 INFO  : NYSE_without_fees_2026-04-13_to_2026-04-15/work_dir/backtests_eiie_20260415_155439_job74134_d24w3yak/runs/run_004/Visualization_valid.png: Copied (new)
2026/05/08 17:54:55 INFO  : NYSE_without_fees_2026-04-13_to_2026-04-15/work_dir/backtests_eiie_20260415_155439_job74134_d24w3yak/runs/run_004/equity_curve.png: Copied (new)
2026/05/08 17:54:55 INFO  : NYSE_without_fees_2026-04-13_to_2026-04-15/work_dir/backtests_eiie_20260415_155439_job74134_d24w3yak/runs/run_004/metrics.json: Copied (new)
2026/05/08 17:54:56 INFO  : PSE_without_fees_2026-04-13_to_2026-04-15/work_dir/backtests_eiie_20260414_015729_job74139_46bfn538/runs/run_003/checkpoints/checkpoint-00006.pth: Copied (new)
2026/05/08 17:54:57 INFO  : PSE_without_fees_2026-04-13_to_2026-04-15/work_dir/backtests_eiie_20260414_015729_job74139_46bfn538/runs/run_003/checkpoints/checkpoint-00010.pth: Copied (new)
2026/05/08 17:54:57 INFO  : PSE_without_fees_2026-04-13_to_2026-04-15/work_dir/backtests_eiie_20260414_015729_job74139_46bfn538/runs/run_003/checkpoints/checkpoint-00007.pth: Copied (new)
2026/05/08 17:54:57 INFO  : NYSE_without_fees_2026-04-13_to_2026-04-15/work_dir/backtests_eiie_20260415_091734_job74132_bow7t52g/runs/run_003/checkpoints/best.pth: Copied (new)
2026/05/08 17:54:57 INFO  : PSE_without_fees_2026-04-13_to_2026-04-15/work_dir/backtests_eiie_20260414_015729_job74139_46bfn538/runs/run_003/checkpoints/checkpoint-00008.pth: Copied (new)
2026/05/08 17:54:57 INFO  : PSE_without_fees_2026-04-13_to_2026-04-15/work_dir/backtests_eiie_20260414_015729_job74139_46bfn538/runs/run_003/checkpoints/checkpoint-00009.pth: Copied (new)
2026/05/08 17:54:58 INFO  : NYSE_without_fees_2026-04-13_to_2026-04-15/work_dir/backtests_eiie_20260415_091734_job74132_bow7t52g/runs/run_003/checkpoints/checkpoint-00001.pth: Copied (new)
2026/05/08 17:54:58 INFO  : NYSE_without_fees_2026-04-13_to_2026-04-15/work_dir/backtests_eiie_20260415_091734_job74132_bow7t52g/runs/run_003/checkpoints/checkpoint-00003.pth: Copied (new)
2026/05/08 17:54:58 INFO  : NYSE_without_fees_2026-04-13_to_2026-04-15/work_dir/backtests_eiie_20260415_091734_job74132_bow7t52g/runs/run_003/checkpoints/checkpoint-00002.pth: Copied (new)
2026/05/08 17:54:59 INFO  : NYSE_without_fees_2026-04-13_to_2026-04-15/work_dir/backtests_eiie_20260415_091734_job74132_bow7t52g/runs/run_003/checkpoints/checkpoint-00005.pth: Copied (new)
2026/05/08 17:54:59 INFO  : NYSE_without_fees_2026-04-13_to_2026-04-15/work_dir/backtests_eiie_20260415_091734_job74132_bow7t52g/runs/run_003/checkpoints/checkpoint-00007.pth: Copied (new)
2026/05/08 17:54:59 INFO  : NYSE_without_fees_2026-04-13_to_2026-04-15/work_dir/backtests_eiie_20260415_091734_job74132_bow7t52g/runs/run_003/checkpoints/checkpoint-00004.pth: Copied (new)
2026/05/08 17:54:59 INFO  : NYSE_without_fees_2026-04-13_to_2026-04-15/work_dir/backtests_eiie_20260415_091734_job74132_bow7t52g/runs/run_003/checkpoints/checkpoint-00006.pth: Copied (new)
2026/05/08 17:55:00 INFO  : NYSE_without_fees_2026-04-13_to_2026-04-15/work_dir/backtests_eiie_20260415_091734_job74132_bow7t52g/runs/run_003/checkpoints/checkpoint-00008.pth: Copied (new)
2026/05/08 17:55:01 INFO  : NYSE_without_fees_2026-04-13_to_2026-04-15/work_dir/backtests_eiie_20260415_091734_job74132_bow7t52g/runs/run_003/checkpoints/checkpoint-00009.pth: Copied (new)
2026/05/08 17:55:01 INFO  : NYSE_without_fees_2026-04-13_to_2026-04-15/work_dir/backtests_eiie_20260415_091734_job74132_bow7t52g/runs/run_003/checkpoints/checkpoint-00010.pth: Copied (new)
2026/05/08 17:55:01 INFO  : PSE_without_fees_2026-04-13_to_2026-04-15/work_dir/backtests_eiie_20260414_075610_job74141_jxq9e3d_/runs/run_004/daily_turnover.json: Copied (new)
2026/05/08 17:55:02 INFO  : PSE_without_fees_2026-04-13_to_2026-04-15/work_dir/backtests_eiie_20260414_075610_job74141_jxq9e3d_/runs/run_004/daily_trades.json: Copied (new)
2026/05/08 17:55:02 INFO  : PSE_without_fees_2026-04-13_to_2026-04-15/work_dir/backtests_eiie_20260414_075610_job74141_jxq9e3d_/runs/run_004/Visualization_test.png: Copied (new)
2026/05/08 17:55:02 INFO  : PSE_without_fees_2026-04-13_to_2026-04-15/work_dir/backtests_eiie_20260414_075610_job74141_jxq9e3d_/runs/run_004/equity_curve.png: Copied (new)
2026/05/08 17:55:03 INFO  : PSE_without_fees_2026-04-13_to_2026-04-15/work_dir/backtests_eiie_20260414_075610_job74141_jxq9e3d_/runs/run_004/equity_curve.csv: Copied (new)
2026/05/08 17:55:41 INFO  : PSE_without_fees_2026-04-13_to_2026-04-15/work_dir/backtests_eiie_20260415_045928_job74148_9gausy9d/runs/run_001/checkpoints/checkpoint-00004.pth: Copied (new)
2026/05/08 17:55:43 INFO  : PSE_without_fees_2026-04-13_to_2026-04-15/work_dir/backtests_eiie_20260414_075610_job74141_jxq9e3d_/runs/run_004/metrics.json: Copied (new)
2026/05/08 17:55:43 INFO  : PSE_without_fees_2026-04-13_to_2026-04-15/work_dir/backtests_eiie_20260415_045928_job74148_9gausy9d/runs/run_001/checkpoints/checkpoint-00002.pth: Copied (new)
2026/05/08 17:55:43 INFO  : PSE_without_fees_2026-04-13_to_2026-04-15/work_dir/backtests_eiie_20260415_045928_job74148_9gausy9d/runs/run_001/checkpoints/checkpoint-00005.pth: Copied (new)
2026/05/08 17:55:43 INFO  : PSE_without_fees_2026-04-13_to_2026-04-15/work_dir/backtests_eiie_20260415_045928_job74148_9gausy9d/runs/run_001/checkpoints/checkpoint-00003.pth: Copied (new)
2026/05/08 17:55:43 INFO  : PSE_without_fees_2026-04-13_to_2026-04-15/work_dir/backtests_eiie_20260415_045928_job74148_9gausy9d/runs/run_001/checkpoints/checkpoint-00006.pth: Copied (new)
2026/05/08 17:55:44 INFO  : PSE_without_fees_2026-04-13_to_2026-04-15/work_dir/backtests_eiie_20260414_075610_job74141_jxq9e3d_/runs/run_004/Visualization_valid.png: Copied (new)
2026/05/08 17:55:44 INFO  : PSE_without_fees_2026-04-13_to_2026-04-15/work_dir/backtests_eiie_20260415_045928_job74148_9gausy9d/runs/run_001/checkpoints/checkpoint-00001.pth: Copied (new)
2026/05/08 17:55:45 INFO  : PSE_without_fees_2026-04-13_to_2026-04-15/work_dir/backtests_eiie_20260415_045928_job74148_9gausy9d/runs/run_001/checkpoints/best.pth: Copied (new)
2026/05/08 17:55:47 INFO  : PSE_without_fees_2026-04-13_to_2026-04-15/work_dir/backtests_eiie_20260415_045928_job74148_9gausy9d/runs/run_001/checkpoints/checkpoint-00008.pth: Copied (new)
2026/05/08 17:55:47 INFO  : PSE_without_fees_2026-04-13_to_2026-04-15/work_dir/backtests_eiie_20260415_045928_job74148_9gausy9d/runs/run_001/checkpoints/checkpoint-00010.pth: Copied (new)
2026/05/08 17:55:47 INFO  : NYSE_without_fees_2026-04-13_to_2026-04-15/work_dir/backtests_eiie_20260415_123453_job74133_kzz71nh_/runs/run_003/checkpoints/best.pth: Copied (new)
2026/05/08 17:55:47 INFO  : NYSE_without_fees_2026-04-13_to_2026-04-15/work_dir/backtests_eiie_20260415_123453_job74133_kzz71nh_/runs/run_003/checkpoints/checkpoint-00003.pth: Copied (new)
2026/05/08 17:55:47 INFO  : NYSE_without_fees_2026-04-13_to_2026-04-15/work_dir/backtests_eiie_20260415_123453_job74133_kzz71nh_/runs/run_003/checkpoints/checkpoint-00001.pth: Copied (new)
2026/05/08 17:55:48 INFO  : PSE_without_fees_2026-04-13_to_2026-04-15/work_dir/backtests_eiie_20260415_045928_job74148_9gausy9d/runs/run_001/checkpoints/checkpoint-00007.pth: Copied (new)
2026/05/08 17:55:48 INFO  : PSE_without_fees_2026-04-13_to_2026-04-15/work_dir/backtests_eiie_20260415_045928_job74148_9gausy9d/runs/run_001/checkpoints/checkpoint-00009.pth: Copied (new)
2026/05/08 17:55:48 INFO  : NYSE_without_fees_2026-04-13_to_2026-04-15/work_dir/backtests_eiie_20260415_123453_job74133_kzz71nh_/runs/run_003/checkpoints/checkpoint-00002.pth: Copied (new)
2026/05/08 17:55:49 INFO  : NYSE_without_fees_2026-04-13_to_2026-04-15/work_dir/backtests_eiie_20260415_123453_job74133_kzz71nh_/runs/run_003/checkpoints/checkpoint-00006.pth: Copied (new)
2026/05/08 17:55:49 INFO  : NYSE_without_fees_2026-04-13_to_2026-04-15/work_dir/backtests_eiie_20260415_123453_job74133_kzz71nh_/runs/run_003/checkpoints/checkpoint-00004.pth: Copied (new)
2026/05/08 17:55:49 INFO  : NYSE_without_fees_2026-04-13_to_2026-04-15/work_dir/backtests_eiie_20260415_123453_job74133_kzz71nh_/runs/run_003/checkpoints/checkpoint-00005.pth: Copied (new)
2026/05/08 17:55:49 INFO  : NYSE_without_fees_2026-04-13_to_2026-04-15/work_dir/backtests_eiie_20260415_123453_job74133_kzz71nh_/runs/run_003/checkpoints/checkpoint-00007.pth: Copied (new)
2026/05/08 17:55:50 INFO  : NYSE_without_fees_2026-04-13_to_2026-04-15/work_dir/backtests_eiie_20260415_123453_job74133_kzz71nh_/runs/run_003/checkpoints/checkpoint-00010.pth: Copied (new)
2026/05/08 17:55:50 INFO  : NYSE_without_fees_2026-04-13_to_2026-04-15/work_dir/backtests_eiie_20260415_123453_job74133_kzz71nh_/runs/run_003/checkpoints/checkpoint-00008.pth: Copied (new)
2026/05/08 17:55:50 INFO  : NYSE_without_fees_2026-04-13_to_2026-04-15/work_dir/backtests_eiie_20260415_123453_job74133_kzz71nh_/runs/run_003/checkpoints/checkpoint-00009.pth: Copied (new)
2026/05/08 17:55:52 INFO  : NYSE_without_fees_2026-04-13_to_2026-04-15/work_dir/backtests_eiie_20260415_023409_job74130_ujrrbycv/runs/run_004/checkpoints/best.pth: Copied (new)
2026/05/08 17:55:52 INFO  : NYSE_without_fees_2026-04-13_to_2026-04-15/work_dir/backtests_eiie_20260415_023409_job74130_ujrrbycv/runs/run_004/checkpoints/checkpoint-00004.pth: Copied (new)
2026/05/08 17:55:52 INFO  : NYSE_without_fees_2026-04-13_to_2026-04-15/work_dir/backtests_eiie_20260415_023409_job74130_ujrrbycv/runs/run_004/checkpoints/checkpoint-00001.pth: Copied (new)
2026/05/08 17:55:52 INFO  : NYSE_without_fees_2026-04-13_to_2026-04-15/work_dir/backtests_eiie_20260415_023409_job74130_ujrrbycv/runs/run_004/checkpoints/checkpoint-00006.pth: Copied (new)
2026/05/08 17:55:52 INFO  : NYSE_without_fees_2026-04-13_to_2026-04-15/work_dir/backtests_eiie_20260415_023409_job74130_ujrrbycv/runs/run_004/checkpoints/checkpoint-00005.pth: Copied (new)
2026/05/08 17:55:52 INFO  : NYSE_without_fees_2026-04-13_to_2026-04-15/work_dir/backtests_eiie_20260415_023409_job74130_ujrrbycv/runs/run_004/checkpoints/checkpoint-00003.pth: Copied (new)
2026/05/08 17:55:53 INFO  : NYSE_without_fees_2026-04-13_to_2026-04-15/work_dir/backtests_eiie_20260415_023409_job74130_ujrrbycv/runs/run_004/checkpoints/checkpoint-00002.pth: Copied (new)
2026/05/08 17:55:53 INFO  : NYSE_without_fees_2026-04-13_to_2026-04-15/work_dir/backtests_eiie_20260415_023409_job74130_ujrrbycv/runs/run_004/checkpoints/checkpoint-00007.pth: Copied (new)
2026/05/08 17:55:54 INFO  : NYSE_without_fees_2026-04-13_to_2026-04-15/work_dir/backtests_eiie_20260415_023409_job74130_ujrrbycv/runs/run_004/checkpoints/checkpoint-00008.pth: Copied (new)
2026/05/08 17:55:56 INFO  : NYSE_without_fees_2026-04-13_to_2026-04-15/work_dir/backtests_eiie_20260414_030122_job74123_eryaem4m/runs/run_005/checkpoints/best.pth: Copied (new)
2026/05/08 17:55:56 INFO  : NYSE_without_fees_2026-04-13_to_2026-04-15/work_dir/backtests_eiie_20260414_030122_job74123_eryaem4m/runs/run_005/checkpoints/checkpoint-00002.pth: Copied (new)
2026/05/08 17:55:56 INFO  : NYSE_without_fees_2026-04-13_to_2026-04-15/work_dir/backtests_eiie_20260414_030122_job74123_eryaem4m/runs/run_005/checkpoints/checkpoint-00001.pth: Copied (new)
2026/05/08 17:55:56 INFO  : NYSE_without_fees_2026-04-13_to_2026-04-15/work_dir/backtests_eiie_20260414_030122_job74123_eryaem4m/runs/run_005/checkpoints/checkpoint-00005.pth: Copied (new)
2026/05/08 17:55:56 INFO  : NYSE_without_fees_2026-04-13_to_2026-04-15/work_dir/backtests_eiie_20260414_030122_job74123_eryaem4m/runs/run_005/checkpoints/checkpoint-00003.pth: Copied (new)
2026/05/08 17:55:56 INFO  : NYSE_without_fees_2026-04-13_to_2026-04-15/work_dir/backtests_eiie_20260414_030122_job74123_eryaem4m/runs/run_005/checkpoints/checkpoint-00004.pth: Copied (new)
2026/05/08 17:55:56 INFO  : NYSE_without_fees_2026-04-13_to_2026-04-15/work_dir/backtests_eiie_20260415_023409_job74130_ujrrbycv/runs/run_004/checkpoints/checkpoint-00009.pth: Copied (new)
2026/05/08 17:55:56 INFO  : NYSE_without_fees_2026-04-13_to_2026-04-15/work_dir/backtests_eiie_20260415_023409_job74130_ujrrbycv/runs/run_004/checkpoints/checkpoint-00010.pth: Copied (new)
2026/05/08 17:55:58 INFO  : NYSE_without_fees_2026-04-13_to_2026-04-15/work_dir/backtests_eiie_20260414_030122_job74123_eryaem4m/runs/run_005/checkpoints/checkpoint-00006.pth: Copied (new)
2026/05/08 17:56:00 INFO  : NYSE_without_fees_2026-04-13_to_2026-04-15/work_dir/backtests_eiie_20260414_030122_job74123_eryaem4m/runs/run_005/checkpoints/checkpoint-00010.pth: Copied (new)
2026/05/08 17:56:00 INFO  : NYSE_without_fees_2026-04-13_to_2026-04-15/work_dir/backtests_eiie_20260414_094321_job74125_jbo5sdvx/runs/run_004/checkpoints/best.pth: Copied (new)
2026/05/08 17:56:00 INFO  : NYSE_without_fees_2026-04-13_to_2026-04-15/work_dir/backtests_eiie_20260414_030122_job74123_eryaem4m/runs/run_005/checkpoints/checkpoint-00007.pth: Copied (new)
2026/05/08 17:56:00 INFO  : NYSE_without_fees_2026-04-13_to_2026-04-15/work_dir/backtests_eiie_20260414_030122_job74123_eryaem4m/runs/run_005/checkpoints/checkpoint-00009.pth: Copied (new)
2026/05/08 17:56:00 INFO  : NYSE_without_fees_2026-04-13_to_2026-04-15/work_dir/backtests_eiie_20260414_094321_job74125_jbo5sdvx/runs/run_004/checkpoints/checkpoint-00001.pth: Copied (new)
2026/05/08 17:56:01 INFO  : NYSE_without_fees_2026-04-13_to_2026-04-15/work_dir/backtests_eiie_20260414_030122_job74123_eryaem4m/runs/run_005/checkpoints/checkpoint-00008.pth: Copied (new)
2026/05/08 17:56:01 INFO  : NYSE_without_fees_2026-04-13_to_2026-04-15/work_dir/backtests_eiie_20260414_094321_job74125_jbo5sdvx/runs/run_004/checkpoints/checkpoint-00003.pth: Copied (new)
2026/05/08 17:56:01 INFO  : NYSE_without_fees_2026-04-13_to_2026-04-15/work_dir/backtests_eiie_20260414_094321_job74125_jbo5sdvx/runs/run_004/checkpoints/checkpoint-00002.pth: Copied (new)
2026/05/08 17:56:02 INFO  : NYSE_without_fees_2026-04-13_to_2026-04-15/work_dir/backtests_eiie_20260414_094321_job74125_jbo5sdvx/runs/run_004/checkpoints/checkpoint-00005.pth: Copied (new)
2026/05/08 17:56:02 INFO  : NYSE_without_fees_2026-04-13_to_2026-04-15/work_dir/backtests_eiie_20260414_094321_job74125_jbo5sdvx/runs/run_004/checkpoints/checkpoint-00004.pth: Copied (new)
2026/05/08 17:56:03 INFO  : NYSE_without_fees_2026-04-13_to_2026-04-15/work_dir/backtests_eiie_20260414_094321_job74125_jbo5sdvx/runs/run_004/checkpoints/checkpoint-00006.pth: Copied (new)
2026/05/08 17:56:46 INFO  : NYSE_without_fees_2026-04-13_to_2026-04-15/work_dir/backtests_eiie_20260413_165222_job74120_idnmrt72/prepared_data/clean_csv/valid.csv: Copied (new)
2026/05/08 17:56:46 INFO  : NYSE_without_fees_2026-04-13_to_2026-04-15/work_dir/backtests_eiie_20260415_155439_job74134_d24w3yak/runs/run_003/checkpoints/best.pth: Copied (new)
2026/05/08 17:56:46 INFO  : NYSE_without_fees_2026-04-13_to_2026-04-15/work_dir/backtests_eiie_20260414_094321_job74125_jbo5sdvx/runs/run_004/checkpoints/checkpoint-00010.pth: Copied (new)
2026/05/08 17:56:46 INFO  : NYSE_without_fees_2026-04-13_to_2026-04-15/work_dir/backtests_eiie_20260414_094321_job74125_jbo5sdvx/runs/run_004/checkpoints/checkpoint-00008.pth: Copied (new)
2026/05/08 17:56:46 INFO  : NYSE_without_fees_2026-04-13_to_2026-04-15/work_dir/backtests_eiie_20260414_094321_job74125_jbo5sdvx/runs/run_004/checkpoints/checkpoint-00009.pth: Copied (new)
2026/05/08 17:56:46 INFO  : NYSE_without_fees_2026-04-13_to_2026-04-15/work_dir/backtests_eiie_20260414_094321_job74125_jbo5sdvx/runs/run_004/checkpoints/checkpoint-00007.pth: Copied (new)
2026/05/08 17:56:47 INFO  : NYSE_without_fees_2026-04-13_to_2026-04-15/work_dir/backtests_eiie_20260413_165222_job74120_idnmrt72/prepared_data/clean_csv/train.csv: Copied (new)
2026/05/08 17:56:48 INFO  : NYSE_without_fees_2026-04-13_to_2026-04-15/work_dir/backtests_eiie_20260415_155439_job74134_d24w3yak/runs/run_003/checkpoints/checkpoint-00001.pth: Copied (new)
2026/05/08 17:56:48 INFO  : NYSE_without_fees_2026-04-13_to_2026-04-15/work_dir/backtests_eiie_20260415_155439_job74134_d24w3yak/runs/run_003/checkpoints/checkpoint-00003.pth: Copied (new)
2026/05/08 17:56:48 INFO  : NYSE_without_fees_2026-04-13_to_2026-04-15/work_dir/backtests_eiie_20260415_155439_job74134_d24w3yak/runs/run_003/checkpoints/checkpoint-00004.pth: Copied (new)
2026/05/08 17:56:48 INFO  : NYSE_without_fees_2026-04-13_to_2026-04-15/work_dir/backtests_eiie_20260415_155439_job74134_d24w3yak/runs/run_003/checkpoints/checkpoint-00002.pth: Copied (new)
2026/05/08 17:56:48 INFO  : NYSE_without_fees_2026-04-13_to_2026-04-15/work_dir/backtests_eiie_20260415_155439_job74134_d24w3yak/runs/run_003/checkpoints/checkpoint-00006.pth: Copied (new)
2026/05/08 17:56:48 INFO  : NYSE_without_fees_2026-04-13_to_2026-04-15/work_dir/backtests_eiie_20260415_155439_job74134_d24w3yak/runs/run_003/checkpoints/checkpoint-00005.pth: Copied (new)
2026/05/08 17:56:49 INFO  : NYSE_without_fees_2026-04-13_to_2026-04-15/work_dir/backtests_eiie_20260415_155439_job74134_d24w3yak/runs/run_003/checkpoints/checkpoint-00007.pth: Copied (new)
2026/05/08 17:56:52 INFO  : NYSE_without_fees_2026-04-13_to_2026-04-15/work_dir/backtests_eiie_20260414_094321_job74125_jbo5sdvx/runs/run_005/checkpoints/best.pth: Copied (new)
2026/05/08 17:56:52 INFO  : NYSE_without_fees_2026-04-13_to_2026-04-15/work_dir/backtests_eiie_20260415_155439_job74134_d24w3yak/runs/run_003/checkpoints/checkpoint-00008.pth: Copied (new)
2026/05/08 17:56:52 INFO  : NYSE_without_fees_2026-04-13_to_2026-04-15/work_dir/backtests_eiie_20260415_155439_job74134_d24w3yak/runs/run_003/checkpoints/checkpoint-00009.pth: Copied (new)
2026/05/08 17:56:52 INFO  : NYSE_without_fees_2026-04-13_to_2026-04-15/work_dir/backtests_eiie_20260415_155439_job74134_d24w3yak/runs/run_003/checkpoints/checkpoint-00010.pth: Copied (new)
2026/05/08 17:56:52 INFO  : NYSE_without_fees_2026-04-13_to_2026-04-15/work_dir/backtests_eiie_20260414_094321_job74125_jbo5sdvx/runs/run_005/checkpoints/checkpoint-00002.pth: Copied (new)
2026/05/08 17:56:52 INFO  : NYSE_without_fees_2026-04-13_to_2026-04-15/work_dir/backtests_eiie_20260414_094321_job74125_jbo5sdvx/runs/run_005/checkpoints/checkpoint-00001.pth: Copied (new)
2026/05/08 17:56:52 INFO  : NYSE_without_fees_2026-04-13_to_2026-04-15/work_dir/backtests_eiie_20260414_094321_job74125_jbo5sdvx/runs/run_005/checkpoints/checkpoint-00003.pth: Copied (new)
2026/05/08 17:56:54 INFO  : NYSE_without_fees_2026-04-13_to_2026-04-15/work_dir/backtests_eiie_20260414_094321_job74125_jbo5sdvx/runs/run_005/checkpoints/checkpoint-00006.pth: Copied (new)
2026/05/08 17:56:54 INFO  : NYSE_without_fees_2026-04-13_to_2026-04-15/work_dir/backtests_eiie_20260414_094321_job74125_jbo5sdvx/runs/run_005/checkpoints/checkpoint-00005.pth: Copied (new)
2026/05/08 17:56:54 INFO  : NYSE_without_fees_2026-04-13_to_2026-04-15/work_dir/backtests_eiie_20260414_094321_job74125_jbo5sdvx/runs/run_005/checkpoints/checkpoint-00004.pth: Copied (new)
2026/05/08 17:56:54 INFO  : NYSE_without_fees_2026-04-13_to_2026-04-15/work_dir/backtests_eiie_20260414_094321_job74125_jbo5sdvx/runs/run_005/checkpoints/checkpoint-00008.pth: Copied (new)
2026/05/08 17:56:54 INFO  : NYSE_without_fees_2026-04-13_to_2026-04-15/work_dir/backtests_eiie_20260414_094321_job74125_jbo5sdvx/runs/run_005/checkpoints/checkpoint-00007.pth: Copied (new)
2026/05/08 17:56:54 INFO  : NYSE_without_fees_2026-04-13_to_2026-04-15/work_dir/backtests_eiie_20260414_094321_job74125_jbo5sdvx/runs/run_005/checkpoints/checkpoint-00009.pth: Copied (new)
2026/05/08 17:56:54 INFO  : NYSE_without_fees_2026-04-13_to_2026-04-15/work_dir/backtests_eiie_20260414_094321_job74125_jbo5sdvx/runs/run_005/checkpoints/checkpoint-00010.pth: Copied (new)
2026/05/08 17:57:04 INFO  : PSE_without_fees_2026-04-13_to_2026-04-15/work_dir/backtests_eiie_20260415_020042_job74147_86qdx6pe/runs/run_002/checkpoints/best.pth: Copied (new)
2026/05/08 17:58:44 INFO  : PSE_without_fees_2026-04-13_to_2026-04-15/work_dir/backtests_eiie_20260415_020042_job74147_86qdx6pe/runs/run_002/checkpoints/checkpoint-00005.pth: Copied (new)
2026/05/08 17:58:46 INFO  : PSE_without_fees_2026-04-13_to_2026-04-15/work_dir/backtests_eiie_20260415_020042_job74147_86qdx6pe/runs/run_002/checkpoints/checkpoint-00008.pth: Copied (new)
2026/05/08 17:58:49 INFO  : PSE_without_fees_2026-04-13_to_2026-04-15/work_dir/backtests_eiie_20260415_020042_job74147_86qdx6pe/runs/run_002/checkpoints/checkpoint-00009.pth: Copied (new)
2026/05/08 17:58:51 INFO  : PSE_without_fees_2026-04-13_to_2026-04-15/work_dir/backtests_eiie_20260415_020042_job74147_86qdx6pe/runs/run_002/checkpoints/checkpoint-00010.pth: Copied (new)
2026/05/08 17:58:55 INFO  : PSE_without_fees_2026-04-13_to_2026-04-15/work_dir/backtests_eiie_20260413_195251_job74137_dvcd7s8x/runs/run_003/checkpoints/best.pth: Copied (new)
2026/05/08 17:58:57 INFO  : PSE_without_fees_2026-04-13_to_2026-04-15/work_dir/backtests_eiie_20260413_195251_job74137_dvcd7s8x/runs/run_003/checkpoints/checkpoint-00001.pth: Copied (new)
2026/05/08 17:59:00 INFO  : PSE_without_fees_2026-04-13_to_2026-04-15/work_dir/backtests_eiie_20260413_195251_job74137_dvcd7s8x/runs/run_003/checkpoints/checkpoint-00002.pth: Copied (new)
2026/05/08 17:59:00 INFO  : PSE_without_fees_2026-04-13_to_2026-04-15/work_dir/backtests_eiie_20260415_020042_job74147_86qdx6pe/runs/run_002/checkpoints/checkpoint-00006.pth: Copied (new)
2026/05/08 17:59:00 INFO  : PSE_without_fees_2026-04-13_to_2026-04-15/work_dir/backtests_eiie_20260415_020042_job74147_86qdx6pe/runs/run_002/checkpoints/checkpoint-00004.pth: Copied (new)
2026/05/08 17:59:00 INFO  : PSE_without_fees_2026-04-13_to_2026-04-15/work_dir/backtests_eiie_20260415_020042_job74147_86qdx6pe/runs/run_002/checkpoints/checkpoint-00001.pth: Copied (new)
2026/05/08 17:59:00 INFO  : PSE_without_fees_2026-04-13_to_2026-04-15/work_dir/backtests_eiie_20260415_020042_job74147_86qdx6pe/runs/run_002/checkpoints/checkpoint-00007.pth: Copied (new)
2026/05/08 17:59:00 INFO  : PSE_without_fees_2026-04-13_to_2026-04-15/work_dir/backtests_eiie_20260415_020042_job74147_86qdx6pe/runs/run_002/checkpoints/checkpoint-00002.pth: Copied (new)
2026/05/08 17:59:00 INFO  : PSE_without_fees_2026-04-13_to_2026-04-15/work_dir/backtests_eiie_20260415_020042_job74147_86qdx6pe/runs/run_002/checkpoints/checkpoint-00003.pth: Copied (new)
2026/05/08 17:59:02 INFO  : PSE_without_fees_2026-04-13_to_2026-04-15/work_dir/backtests_eiie_20260413_195251_job74137_dvcd7s8x/runs/run_003/checkpoints/checkpoint-00003.pth: Copied (new)
2026/05/08 17:59:02 INFO  : PSE_without_fees_2026-04-13_to_2026-04-15/work_dir/backtests_eiie_20260413_195251_job74137_dvcd7s8x/runs/run_003/checkpoints/checkpoint-00006.pth: Copied (new)
2026/05/08 17:59:03 INFO  : PSE_without_fees_2026-04-13_to_2026-04-15/work_dir/backtests_eiie_20260413_195251_job74137_dvcd7s8x/runs/run_003/checkpoints/checkpoint-00004.pth: Copied (new)
2026/05/08 17:59:03 INFO  : PSE_without_fees_2026-04-13_to_2026-04-15/work_dir/backtests_eiie_20260413_195251_job74137_dvcd7s8x/runs/run_003/checkpoints/checkpoint-00005.pth: Copied (new)
2026/05/08 17:59:03 INFO  : PSE_without_fees_2026-04-13_to_2026-04-15/work_dir/backtests_eiie_20260413_195251_job74137_dvcd7s8x/runs/run_003/checkpoints/checkpoint-00008.pth: Copied (new)
2026/05/08 17:59:48 INFO  : NYSE_without_fees_2026-04-13_to_2026-04-15/work_dir/backtests_eiie_20260415_191636_job74135_ysebkrl3/runs/run_004/checkpoints/best.pth: Copied (new)
2026/05/08 17:59:48 INFO  : PSE_without_fees_2026-04-13_to_2026-04-15/work_dir/backtests_eiie_20260413_195251_job74137_dvcd7s8x/runs/run_003/checkpoints/checkpoint-00007.pth: Copied (new)
2026/05/08 17:59:48 INFO  : PSE_without_fees_2026-04-13_to_2026-04-15/work_dir/backtests_eiie_20260413_195251_job74137_dvcd7s8x/runs/run_003/checkpoints/checkpoint-00009.pth: Copied (new)
2026/05/08 17:59:48 INFO  : PSE_without_fees_2026-04-13_to_2026-04-15/work_dir/backtests_eiie_20260413_195251_job74137_dvcd7s8x/runs/run_003/checkpoints/checkpoint-00010.pth: Copied (new)
2026/05/08 17:59:48 INFO  : NYSE_without_fees_2026-04-13_to_2026-04-15/work_dir/backtests_eiie_20260415_191636_job74135_ysebkrl3/runs/run_004/checkpoints/checkpoint-00002.pth: Copied (new)
2026/05/08 17:59:48 INFO  : NYSE_without_fees_2026-04-13_to_2026-04-15/work_dir/backtests_eiie_20260415_191636_job74135_ysebkrl3/runs/run_004/checkpoints/checkpoint-00001.pth: Copied (new)
2026/05/08 17:59:50 INFO  : NYSE_without_fees_2026-04-13_to_2026-04-15/work_dir/backtests_eiie_20260415_191636_job74135_ysebkrl3/runs/run_004/checkpoints/checkpoint-00003.pth: Copied (new)
2026/05/08 17:59:50 INFO  : NYSE_without_fees_2026-04-13_to_2026-04-15/work_dir/backtests_eiie_20260413_165222_job74120_idnmrt72/prepared_data/clean_csv/test.csv: Copied (new)
2026/05/08 17:59:50 INFO  : NYSE_without_fees_2026-04-13_to_2026-04-15/work_dir/backtests_eiie_20260415_191636_job74135_ysebkrl3/runs/run_004/checkpoints/checkpoint-00005.pth: Copied (new)
2026/05/08 17:59:50 INFO  : NYSE_without_fees_2026-04-13_to_2026-04-15/work_dir/backtests_eiie_20260415_191636_job74135_ysebkrl3/runs/run_004/checkpoints/checkpoint-00006.pth: Copied (new)
2026/05/08 17:59:50 INFO  : NYSE_without_fees_2026-04-13_to_2026-04-15/work_dir/backtests_eiie_20260415_191636_job74135_ysebkrl3/runs/run_004/checkpoints/checkpoint-00004.pth: Copied (new)
2026/05/08 17:59:51 INFO  : NYSE_without_fees_2026-04-13_to_2026-04-15/work_dir/backtests_eiie_20260415_191636_job74135_ysebkrl3/runs/run_004/checkpoints/checkpoint-00008.pth: Copied (new)
2026/05/08 17:59:51 INFO  : NYSE_without_fees_2026-04-13_to_2026-04-15/work_dir/backtests_eiie_20260415_191636_job74135_ysebkrl3/runs/run_004/checkpoints/checkpoint-00009.pth: Copied (new)
2026/05/08 17:59:54 INFO  : NYSE_without_fees_2026-04-13_to_2026-04-15/work_dir/backtests_eiie_20260415_191636_job74135_ysebkrl3/runs/run_004/checkpoints/checkpoint-00007.pth: Copied (new)
2026/05/08 17:59:54 INFO  : NYSE_without_fees_2026-04-13_to_2026-04-15/work_dir/backtests_eiie_20260415_191636_job74135_ysebkrl3/runs/run_004/checkpoints/checkpoint-00010.pth: Copied (new)
2026/05/08 17:59:54 INFO  : PSE_without_fees_2026-04-13_to_2026-04-15/work_dir/backtests_eiie_20260415_140329_job74151_2odpu3ez/runs/run_002/daily_turnover.json: Copied (new)
2026/05/08 17:59:54 INFO  : PSE_without_fees_2026-04-13_to_2026-04-15/work_dir/backtests_eiie_20260415_140329_job74151_2odpu3ez/runs/run_002/daily_trades.json: Copied (new)
2026/05/08 17:59:54 INFO  : PSE_without_fees_2026-04-13_to_2026-04-15/work_dir/backtests_eiie_20260415_140329_job74151_2odpu3ez/runs/run_002/equity_curve.csv: Copied (new)
2026/05/08 17:59:54 INFO  : PSE_without_fees_2026-04-13_to_2026-04-15/work_dir/backtests_eiie_20260415_140329_job74151_2odpu3ez/runs/run_002/Visualization_test.png: Copied (new)
2026/05/08 17:59:55 INFO  : PSE_without_fees_2026-04-13_to_2026-04-15/work_dir/backtests_eiie_20260415_140329_job74151_2odpu3ez/runs/run_002/Visualization_valid.png: Copied (new)
2026/05/08 17:59:55 INFO  : PSE_without_fees_2026-04-13_to_2026-04-15/work_dir/backtests_eiie_20260415_140329_job74151_2odpu3ez/runs/run_002/equity_curve.png: Copied (new)
2026/05/08 17:59:58 INFO  : PSE_without_fees_2026-04-13_to_2026-04-15/work_dir/backtests_eiie_20260415_140329_job74151_2odpu3ez/runs/run_002/metrics.json: Copied (new)
2026/05/08 17:59:58 INFO  : PSE_without_fees_2026-04-13_to_2026-04-15/work_dir/backtests_eiie_20260414_045947_job74140_h8ucwjhj/runs/run_004/daily_trades.json: Copied (new)
2026/05/08 17:59:58 INFO  : PSE_without_fees_2026-04-13_to_2026-04-15/work_dir/backtests_eiie_20260414_045947_job74140_h8ucwjhj/runs/run_004/metrics.json: Copied (new)
2026/05/08 17:59:58 INFO  : PSE_without_fees_2026-04-13_to_2026-04-15/work_dir/backtests_eiie_20260414_045947_job74140_h8ucwjhj/runs/run_004/equity_curve.csv: Copied (new)
2026/05/08 17:59:58 INFO  : PSE_without_fees_2026-04-13_to_2026-04-15/work_dir/backtests_eiie_20260414_045947_job74140_h8ucwjhj/runs/run_004/daily_turnover.json: Copied (new)
2026/05/08 17:59:58 INFO  : PSE_without_fees_2026-04-13_to_2026-04-15/work_dir/backtests_eiie_20260414_045947_job74140_h8ucwjhj/runs/run_004/Visualization_test.png: Copied (new)
2026/05/08 17:59:58 INFO  : PSE_without_fees_2026-04-13_to_2026-04-15/work_dir/backtests_eiie_20260414_045947_job74140_h8ucwjhj/runs/run_004/Visualization_valid.png: Copied (new)
2026/05/08 17:59:59 INFO  : PSE_without_fees_2026-04-13_to_2026-04-15/work_dir/backtests_eiie_20260414_045947_job74140_h8ucwjhj/runs/run_004/equity_curve.png: Copied (new)
2026/05/08 18:00:01 INFO  : PSE_without_fees_2026-04-13_to_2026-04-15/work_dir/backtests_eiie_20260414_135115_job74143_q08j1hi1/runs/run_003/checkpoints/best.pth: Copied (new)
2026/05/08 18:00:02 INFO  : PSE_without_fees_2026-04-13_to_2026-04-15/work_dir/backtests_eiie_20260414_135115_job74143_q08j1hi1/runs/run_003/checkpoints/checkpoint-00001.pth: Copied (new)
2026/05/08 18:00:02 INFO  : PSE_without_fees_2026-04-13_to_2026-04-15/work_dir/backtests_eiie_20260414_135115_job74143_q08j1hi1/runs/run_003/checkpoints/checkpoint-00002.pth: Copied (new)
2026/05/08 18:00:02 INFO  : PSE_without_fees_2026-04-13_to_2026-04-15/work_dir/backtests_eiie_20260414_135115_job74143_q08j1hi1/runs/run_003/checkpoints/checkpoint-00003.pth: Copied (new)
2026/05/08 18:00:02 INFO  : PSE_without_fees_2026-04-13_to_2026-04-15/work_dir/backtests_eiie_20260414_135115_job74143_q08j1hi1/runs/run_003/checkpoints/checkpoint-00004.pth: Copied (new)
2026/05/08 18:00:02 INFO  : PSE_without_fees_2026-04-13_to_2026-04-15/work_dir/backtests_eiie_20260414_135115_job74143_q08j1hi1/runs/run_003/checkpoints/checkpoint-00005.pth: Copied (new)
2026/05/08 18:00:02 INFO  : PSE_without_fees_2026-04-13_to_2026-04-15/work_dir/backtests_eiie_20260414_135115_job74143_q08j1hi1/runs/run_003/checkpoints/checkpoint-00006.pth: Copied (new)
2026/05/08 18:00:02 INFO  : PSE_without_fees_2026-04-13_to_2026-04-15/work_dir/backtests_eiie_20260414_135115_job74143_q08j1hi1/runs/run_003/checkpoints/checkpoint-00007.pth: Copied (new)
2026/05/08 18:00:04 INFO  : PSE_without_fees_2026-04-13_to_2026-04-15/work_dir/backtests_eiie_20260414_135115_job74143_q08j1hi1/runs/run_003/checkpoints/checkpoint-00008.pth: Copied (new)
2026/05/08 18:00:29 INFO  : PSE_without_fees_2026-04-13_to_2026-04-15/work_dir/backtests_eiie_20260414_135115_job74143_q08j1hi1/runs/run_003/checkpoints/checkpoint-00009.pth: Copied (new)
2026/05/08 18:00:29 INFO  : PSE_without_fees_2026-04-13_to_2026-04-15/work_dir/backtests_eiie_20260414_135115_job74143_q08j1hi1/runs/run_003/checkpoints/checkpoint-00010.pth: Copied (new)
2026/05/08 18:00:30 INFO  : NYSE_without_fees_2026-04-13_to_2026-04-15/work_dir/backtests_eiie_20260413_233931_job74122_rnnteafq/prepared_data/clean_csv/valid.csv: Copied (new)
2026/05/08 18:00:30 INFO  : NYSE_without_fees_2026-04-13_to_2026-04-15/work_dir/backtests_eiie_20260415_091734_job74132_bow7t52g/runs/run_005/daily_trades.json: Copied (new)
2026/05/08 18:00:31 INFO  : NYSE_without_fees_2026-04-13_to_2026-04-15/work_dir/backtests_eiie_20260415_091734_job74132_bow7t52g/runs/run_005/Visualization_test.png: Copied (new)
2026/05/08 18:00:31 INFO  : NYSE_without_fees_2026-04-13_to_2026-04-15/work_dir/backtests_eiie_20260415_091734_job74132_bow7t52g/runs/run_005/daily_turnover.json: Copied (new)
2026/05/08 18:00:31 INFO  : NYSE_without_fees_2026-04-13_to_2026-04-15/work_dir/backtests_eiie_20260413_233931_job74122_rnnteafq/prepared_data/clean_csv/train.csv: Copied (new)
2026/05/08 18:00:31 INFO  : NYSE_without_fees_2026-04-13_to_2026-04-15/work_dir/backtests_eiie_20260415_091734_job74132_bow7t52g/runs/run_005/Visualization_valid.png: Copied (new)
2026/05/08 18:00:31 INFO  : NYSE_without_fees_2026-04-13_to_2026-04-15/work_dir/backtests_eiie_20260415_091734_job74132_bow7t52g/runs/run_005/equity_curve.csv: Copied (new)
2026/05/08 18:00:33 INFO  : NYSE_without_fees_2026-04-13_to_2026-04-15/work_dir/backtests_eiie_20260415_091734_job74132_bow7t52g/runs/run_005/equity_curve.png: Copied (new)
2026/05/08 18:00:34 INFO  : NYSE_without_fees_2026-04-13_to_2026-04-15/work_dir/backtests_eiie_20260415_091734_job74132_bow7t52g/runs/run_005/metrics.json: Copied (new)
2026/05/08 18:00:34 INFO  : PSE_without_fees_2026-04-13_to_2026-04-15/work_dir/backtests_eiie_20260415_110513_job74150_f5h5w0n8/runs/run_001/checkpoints/best.pth: Copied (new)
2026/05/08 18:00:35 INFO  : PSE_without_fees_2026-04-13_to_2026-04-15/work_dir/backtests_eiie_20260415_110513_job74150_f5h5w0n8/runs/run_001/checkpoints/checkpoint-00001.pth: Copied (new)
2026/05/08 18:00:36 INFO  : PSE_without_fees_2026-04-13_to_2026-04-15/work_dir/backtests_eiie_20260415_110513_job74150_f5h5w0n8/runs/run_001/checkpoints/checkpoint-00002.pth: Copied (new)
2026/05/08 18:00:36 INFO  : PSE_without_fees_2026-04-13_to_2026-04-15/work_dir/backtests_eiie_20260415_110513_job74150_f5h5w0n8/runs/run_001/checkpoints/checkpoint-00004.pth: Copied (new)
2026/05/08 18:00:37 INFO  : PSE_without_fees_2026-04-13_to_2026-04-15/work_dir/backtests_eiie_20260415_110513_job74150_f5h5w0n8/runs/run_001/checkpoints/checkpoint-00006.pth: Copied (new)
2026/05/08 18:00:37 INFO  : PSE_without_fees_2026-04-13_to_2026-04-15/work_dir/backtests_eiie_20260415_080216_job74149_0mddw9l9/runs/run_003/Visualization_test.png: Copied (new)
2026/05/08 18:00:37 INFO  : PSE_without_fees_2026-04-13_to_2026-04-15/work_dir/backtests_eiie_20260415_110513_job74150_f5h5w0n8/runs/run_001/checkpoints/checkpoint-00007.pth: Copied (new)
2026/05/08 18:00:38 INFO  : PSE_without_fees_2026-04-13_to_2026-04-15/work_dir/backtests_eiie_20260415_110513_job74150_f5h5w0n8/runs/run_001/checkpoints/checkpoint-00005.pth: Copied (new)
2026/05/08 18:00:39 INFO  : PSE_without_fees_2026-04-13_to_2026-04-15/work_dir/backtests_eiie_20260415_110513_job74150_f5h5w0n8/runs/run_001/checkpoints/checkpoint-00009.pth: Copied (new)
2026/05/08 18:00:40 INFO  : PSE_without_fees_2026-04-13_to_2026-04-15/work_dir/backtests_eiie_20260415_080216_job74149_0mddw9l9/runs/run_003/daily_trades.json: Copied (new)
2026/05/08 18:00:40 INFO  : PSE_without_fees_2026-04-13_to_2026-04-15/work_dir/backtests_eiie_20260415_110513_job74150_f5h5w0n8/runs/run_001/checkpoints/checkpoint-00003.pth: Copied (new)
2026/05/08 18:00:40 INFO  : PSE_without_fees_2026-04-13_to_2026-04-15/work_dir/backtests_eiie_20260415_080216_job74149_0mddw9l9/runs/run_003/Visualization_valid.png: Copied (new)
2026/05/08 18:00:40 INFO  : PSE_without_fees_2026-04-13_to_2026-04-15/work_dir/backtests_eiie_20260415_080216_job74149_0mddw9l9/runs/run_003/daily_turnover.json: Copied (new)
2026/05/08 18:00:44 INFO  : PSE_without_fees_2026-04-13_to_2026-04-15/work_dir/backtests_eiie_20260415_110513_job74150_f5h5w0n8/runs/run_001/checkpoints/checkpoint-00008.pth: Copied (new)
2026/05/08 18:00:44 INFO  : PSE_without_fees_2026-04-13_to_2026-04-15/work_dir/backtests_eiie_20260415_080216_job74149_0mddw9l9/runs/run_003/equity_curve.csv: Copied (new)
2026/05/08 18:00:44 INFO  : PSE_without_fees_2026-04-13_to_2026-04-15/work_dir/backtests_eiie_20260415_080216_job74149_0mddw9l9/runs/run_003/metrics.json: Copied (new)
2026/05/08 18:00:44 INFO  : PSE_without_fees_2026-04-13_to_2026-04-15/work_dir/backtests_eiie_20260413_225636_job74138_97ly951i/runs/run_003/checkpoints/best.pth: Copied (new)
2026/05/08 18:00:44 INFO  : PSE_without_fees_2026-04-13_to_2026-04-15/work_dir/backtests_eiie_20260415_110513_job74150_f5h5w0n8/runs/run_001/checkpoints/checkpoint-00010.pth: Copied (new)
2026/05/08 18:00:44 INFO  : PSE_without_fees_2026-04-13_to_2026-04-15/work_dir/backtests_eiie_20260413_225636_job74138_97ly951i/runs/run_003/checkpoints/checkpoint-00001.pth: Copied (new)
2026/05/08 18:00:44 INFO  : PSE_without_fees_2026-04-13_to_2026-04-15/work_dir/backtests_eiie_20260415_080216_job74149_0mddw9l9/runs/run_003/equity_curve.png: Copied (new)
2026/05/08 18:00:46 INFO  : PSE_without_fees_2026-04-13_to_2026-04-15/work_dir/backtests_eiie_20260413_225636_job74138_97ly951i/runs/run_003/checkpoints/checkpoint-00002.pth: Copied (new)
2026/05/08 18:00:46 INFO  : PSE_without_fees_2026-04-13_to_2026-04-15/work_dir/backtests_eiie_20260413_225636_job74138_97ly951i/runs/run_003/checkpoints/checkpoint-00004.pth: Copied (new)
2026/05/08 18:00:46 INFO  : PSE_without_fees_2026-04-13_to_2026-04-15/work_dir/backtests_eiie_20260413_225636_job74138_97ly951i/runs/run_003/checkpoints/checkpoint-00005.pth: Copied (new)
2026/05/08 18:00:46 INFO  : PSE_without_fees_2026-04-13_to_2026-04-15/work_dir/backtests_eiie_20260413_225636_job74138_97ly951i/runs/run_003/checkpoints/checkpoint-00003.pth: Copied (new)
2026/05/08 18:00:47 INFO  : PSE_without_fees_2026-04-13_to_2026-04-15/work_dir/backtests_eiie_20260413_225636_job74138_97ly951i/runs/run_003/checkpoints/checkpoint-00007.pth: Copied (new)
2026/05/08 18:00:48 INFO  : PSE_without_fees_2026-04-13_to_2026-04-15/work_dir/backtests_eiie_20260413_225636_job74138_97ly951i/runs/run_003/checkpoints/checkpoint-00006.pth: Copied (new)
2026/05/08 18:00:50 INFO  : PSE_without_fees_2026-04-13_to_2026-04-15/work_dir/backtests_eiie_20260413_225636_job74138_97ly951i/runs/run_003/checkpoints/checkpoint-00009.pth: Copied (new)
2026/05/08 18:00:50 INFO  : PSE_without_fees_2026-04-13_to_2026-04-15/work_dir/backtests_eiie_20260413_225636_job74138_97ly951i/runs/run_003/checkpoints/checkpoint-00008.pth: Copied (new)
2026/05/08 18:00:50 INFO  : PSE_without_fees_2026-04-13_to_2026-04-15/work_dir/backtests_eiie_20260413_225636_job74138_97ly951i/runs/run_003/checkpoints/checkpoint-00010.pth: Copied (new)
2026/05/08 18:00:51 INFO  : PSE_without_fees_2026-04-13_to_2026-04-15/work_dir/backtests_eiie_20260414_195953_job74145__xmyv0fz/runs/run_004/daily_turnover.json: Copied (new)
2026/05/08 18:00:51 INFO  : PSE_without_fees_2026-04-13_to_2026-04-15/work_dir/backtests_eiie_20260414_195953_job74145__xmyv0fz/runs/run_004/daily_trades.json: Copied (new)
2026/05/08 18:00:51 INFO  : PSE_without_fees_2026-04-13_to_2026-04-15/work_dir/backtests_eiie_20260414_195953_job74145__xmyv0fz/runs/run_004/Visualization_test.png: Copied (new)
2026/05/08 18:00:51 INFO  : PSE_without_fees_2026-04-13_to_2026-04-15/work_dir/backtests_eiie_20260414_195953_job74145__xmyv0fz/runs/run_004/Visualization_valid.png: Copied (new)
2026/05/08 18:00:54 INFO  : PSE_without_fees_2026-04-13_to_2026-04-15/work_dir/backtests_eiie_20260414_195953_job74145__xmyv0fz/runs/run_004/metrics.json: Copied (new)
2026/05/08 18:00:54 INFO  : PSE_without_fees_2026-04-13_to_2026-04-15/work_dir/backtests_eiie_20260414_195953_job74145__xmyv0fz/runs/run_004/equity_curve.csv: Copied (new)
2026/05/08 18:00:55 INFO  : NYSE_without_fees_2026-04-13_to_2026-04-15/work_dir/backtests_eiie_20260415_123453_job74133_kzz71nh_/runs/run_005/daily_trades.json: Copied (new)
2026/05/08 18:00:55 INFO  : NYSE_without_fees_2026-04-13_to_2026-04-15/work_dir/backtests_eiie_20260415_123453_job74133_kzz71nh_/runs/run_005/daily_turnover.json: Copied (new)
2026/05/08 18:00:55 INFO  : NYSE_without_fees_2026-04-13_to_2026-04-15/work_dir/backtests_eiie_20260415_123453_job74133_kzz71nh_/runs/run_005/Visualization_test.png: Copied (new)
2026/05/08 18:00:55 INFO  : PSE_without_fees_2026-04-13_to_2026-04-15/work_dir/backtests_eiie_20260414_195953_job74145__xmyv0fz/runs/run_004/equity_curve.png: Copied (new)
2026/05/08 18:00:56 INFO  : NYSE_without_fees_2026-04-13_to_2026-04-15/work_dir/backtests_eiie_20260415_123453_job74133_kzz71nh_/runs/run_005/Visualization_valid.png: Copied (new)
2026/05/08 18:00:56 INFO  : NYSE_without_fees_2026-04-13_to_2026-04-15/work_dir/backtests_eiie_20260413_233931_job74122_rnnteafq/prepared_data/clean_csv/test.csv: Copied (new)
2026/05/08 18:00:56 INFO  : NYSE_without_fees_2026-04-13_to_2026-04-15/work_dir/backtests_eiie_20260415_123453_job74133_kzz71nh_/runs/run_005/equity_curve.csv: Copied (new)
2026/05/08 18:00:57 INFO  : NYSE_without_fees_2026-04-13_to_2026-04-15/work_dir/backtests_eiie_20260415_123453_job74133_kzz71nh_/runs/run_005/equity_curve.png: Copied (new)
2026/05/08 18:00:59 INFO  : PSE_without_fees_2026-04-13_to_2026-04-15/work_dir/backtests_eiie_20260414_165644_job74144_dbwdzdc8/runs/run_004/daily_trades.json: Copied (new)
2026/05/08 18:00:59 INFO  : PSE_without_fees_2026-04-13_to_2026-04-15/work_dir/backtests_eiie_20260414_165644_job74144_dbwdzdc8/runs/run_004/daily_turnover.json: Copied (new)
2026/05/08 18:00:59 INFO  : PSE_without_fees_2026-04-13_to_2026-04-15/work_dir/backtests_eiie_20260414_165644_job74144_dbwdzdc8/runs/run_004/Visualization_test.png: Copied (new)
2026/05/08 18:01:00 INFO  : PSE_without_fees_2026-04-13_to_2026-04-15/work_dir/backtests_eiie_20260414_165644_job74144_dbwdzdc8/runs/run_004/equity_curve.png: Copied (new)
2026/05/08 18:01:25 INFO  : PSE_without_fees_2026-04-13_to_2026-04-15/work_dir/backtests_eiie_20260414_165644_job74144_dbwdzdc8/runs/run_004/metrics.json: Copied (new)
2026/05/08 18:01:25 INFO  : NYSE_without_fees_2026-04-13_to_2026-04-15/work_dir/backtests_eiie_20260413_201351_job74121_gzd7n48c/runs/run_005/checkpoints/best.pth: Copied (new)
2026/05/08 18:01:25 INFO  : NYSE_without_fees_2026-04-13_to_2026-04-15/work_dir/backtests_eiie_20260413_201351_job74121_gzd7n48c/runs/run_005/checkpoints/checkpoint-00001.pth: Copied (new)
2026/05/08 18:01:25 INFO  : PSE_without_fees_2026-04-13_to_2026-04-15/work_dir/backtests_eiie_20260414_165644_job74144_dbwdzdc8/runs/run_004/Visualization_valid.png: Copied (new)
2026/05/08 18:01:27 INFO  : NYSE_without_fees_2026-04-13_to_2026-04-15/work_dir/backtests_eiie_20260413_201351_job74121_gzd7n48c/runs/run_005/checkpoints/checkpoint-00002.pth: Copied (new)
2026/05/08 18:01:27 INFO  : NYSE_without_fees_2026-04-13_to_2026-04-15/work_dir/backtests_eiie_20260413_201351_job74121_gzd7n48c/runs/run_005/checkpoints/checkpoint-00004.pth: Copied (new)
2026/05/08 18:01:28 INFO  : NYSE_without_fees_2026-04-13_to_2026-04-15/work_dir/backtests_eiie_20260413_201351_job74121_gzd7n48c/runs/run_005/checkpoints/checkpoint-00007.pth: Copied (new)
2026/05/08 18:01:28 INFO  : NYSE_without_fees_2026-04-13_to_2026-04-15/work_dir/backtests_eiie_20260413_201351_job74121_gzd7n48c/runs/run_005/checkpoints/checkpoint-00006.pth: Copied (new)
2026/05/08 18:01:28 INFO  : PSE_without_fees_2026-04-13_to_2026-04-15/work_dir/backtests_eiie_20260414_165644_job74144_dbwdzdc8/runs/run_004/equity_curve.csv: Copied (new)
2026/05/08 18:01:29 INFO  : NYSE_without_fees_2026-04-13_to_2026-04-15/work_dir/backtests_eiie_20260413_201351_job74121_gzd7n48c/runs/run_005/checkpoints/checkpoint-00003.pth: Copied (new)
2026/05/08 18:01:30 INFO  : NYSE_without_fees_2026-04-13_to_2026-04-15/work_dir/backtests_eiie_20260415_123453_job74133_kzz71nh_/runs/run_005/metrics.json: Copied (new)
2026/05/08 18:01:30 INFO  : NYSE_without_fees_2026-04-13_to_2026-04-15/work_dir/backtests_eiie_20260413_201351_job74121_gzd7n48c/runs/run_005/checkpoints/checkpoint-00008.pth: Copied (new)
2026/05/08 18:01:30 INFO  : NYSE_without_fees_2026-04-13_to_2026-04-15/work_dir/backtests_eiie_20260413_201351_job74121_gzd7n48c/runs/run_005/checkpoints/checkpoint-00009.pth: Copied (new)
2026/05/08 18:01:30 INFO  : NYSE_without_fees_2026-04-13_to_2026-04-15/work_dir/backtests_eiie_20260413_201351_job74121_gzd7n48c/runs/run_005/checkpoints/checkpoint-00010.pth: Copied (new)
2026/05/08 18:01:32 INFO  : NYSE_without_fees_2026-04-13_to_2026-04-15/work_dir/backtests_eiie_20260413_201351_job74121_gzd7n48c/runs/run_005/checkpoints/checkpoint-00005.pth: Copied (new)
2026/05/08 18:01:32 INFO  : PSE_without_fees_2026-04-13_to_2026-04-15/work_dir/backtests_eiie_20260414_225950_job74146_ur5evt9d/runs/run_003/checkpoints/best.pth: Copied (new)
2026/05/08 18:01:32 INFO  : PSE_without_fees_2026-04-13_to_2026-04-15/work_dir/backtests_eiie_20260414_225950_job74146_ur5evt9d/runs/run_003/checkpoints/checkpoint-00003.pth: Copied (new)
2026/05/08 18:01:33 INFO  : PSE_without_fees_2026-04-13_to_2026-04-15/work_dir/backtests_eiie_20260414_225950_job74146_ur5evt9d/runs/run_003/checkpoints/checkpoint-00001.pth: Copied (new)
2026/05/08 18:01:33 INFO  : PSE_without_fees_2026-04-13_to_2026-04-15/work_dir/backtests_eiie_20260414_225950_job74146_ur5evt9d/runs/run_003/checkpoints/checkpoint-00002.pth: Copied (new)
2026/05/08 18:01:33 INFO  : PSE_without_fees_2026-04-13_to_2026-04-15/work_dir/backtests_eiie_20260414_225950_job74146_ur5evt9d/runs/run_003/checkpoints/checkpoint-00006.pth: Copied (new)
2026/05/08 18:01:33 INFO  : PSE_without_fees_2026-04-13_to_2026-04-15/work_dir/backtests_eiie_20260414_225950_job74146_ur5evt9d/runs/run_003/checkpoints/checkpoint-00005.pth: Copied (new)
2026/05/08 18:01:34 INFO  : PSE_without_fees_2026-04-13_to_2026-04-15/work_dir/backtests_eiie_20260414_225950_job74146_ur5evt9d/runs/run_003/checkpoints/checkpoint-00004.pth: Copied (new)
2026/05/08 18:01:35 INFO  : PSE_without_fees_2026-04-13_to_2026-04-15/work_dir/backtests_eiie_20260414_225950_job74146_ur5evt9d/runs/run_003/checkpoints/checkpoint-00007.pth: Copied (new)
2026/05/08 18:01:37 INFO  : PSE_without_fees_2026-04-13_to_2026-04-15/work_dir/backtests_eiie_20260414_225950_job74146_ur5evt9d/runs/run_003/checkpoints/checkpoint-00010.pth: Copied (new)
2026/05/08 18:01:37 INFO  : PSE_without_fees_2026-04-13_to_2026-04-15/work_dir/backtests_eiie_20260414_225950_job74146_ur5evt9d/runs/run_003/checkpoints/checkpoint-00009.pth: Copied (new)
2026/05/08 18:01:37 INFO  : PSE_without_fees_2026-04-13_to_2026-04-15/work_dir/backtests_eiie_20260414_225950_job74146_ur5evt9d/runs/run_003/checkpoints/checkpoint-00008.pth: Copied (new)
2026/05/08 18:01:37 INFO  : PSE_without_fees_2026-04-13_to_2026-04-15/work_dir/backtests_eiie_20260414_105331_job74142_ufplj8k7/runs/run_003/checkpoints/best.pth: Copied (new)
2026/05/08 18:01:37 INFO  : PSE_without_fees_2026-04-13_to_2026-04-15/work_dir/backtests_eiie_20260414_105331_job74142_ufplj8k7/runs/run_003/checkpoints/checkpoint-00004.pth: Copied (new)
2026/05/08 18:01:37 INFO  : PSE_without_fees_2026-04-13_to_2026-04-15/work_dir/backtests_eiie_20260414_105331_job74142_ufplj8k7/runs/run_003/checkpoints/checkpoint-00003.pth: Copied (new)
2026/05/08 18:01:39 INFO  : PSE_without_fees_2026-04-13_to_2026-04-15/work_dir/backtests_eiie_20260414_105331_job74142_ufplj8k7/runs/run_003/checkpoints/checkpoint-00001.pth: Copied (new)
2026/05/08 18:01:39 INFO  : PSE_without_fees_2026-04-13_to_2026-04-15/work_dir/backtests_eiie_20260414_105331_job74142_ufplj8k7/runs/run_003/checkpoints/checkpoint-00007.pth: Copied (new)
2026/05/08 18:01:39 INFO  : PSE_without_fees_2026-04-13_to_2026-04-15/work_dir/backtests_eiie_20260414_105331_job74142_ufplj8k7/runs/run_003/checkpoints/checkpoint-00006.pth: Copied (new)
2026/05/08 18:01:39 INFO  : PSE_without_fees_2026-04-13_to_2026-04-15/work_dir/backtests_eiie_20260414_105331_job74142_ufplj8k7/runs/run_003/checkpoints/checkpoint-00005.pth: Copied (new)
2026/05/08 18:01:39 INFO  : PSE_without_fees_2026-04-13_to_2026-04-15/work_dir/backtests_eiie_20260414_105331_job74142_ufplj8k7/runs/run_003/checkpoints/checkpoint-00008.pth: Copied (new)
2026/05/08 18:01:40 INFO  : PSE_without_fees_2026-04-13_to_2026-04-15/work_dir/backtests_eiie_20260414_105331_job74142_ufplj8k7/runs/run_003/checkpoints/checkpoint-00010.pth: Copied (new)
2026/05/08 18:01:40 INFO  : PSE_without_fees_2026-04-13_to_2026-04-15/work_dir/backtests_eiie_20260414_105331_job74142_ufplj8k7/runs/run_003/checkpoints/checkpoint-00009.pth: Copied (new)
2026/05/08 18:01:43 INFO  : NYSE_without_fees_2026-04-13_to_2026-04-15/work_dir/backtests_eiie_20260415_055739_job74131_tpjgyzkc/runs/run_004/checkpoints/best.pth: Copied (new)
2026/05/08 18:01:43 INFO  : PSE_without_fees_2026-04-13_to_2026-04-15/work_dir/backtests_eiie_20260414_105331_job74142_ufplj8k7/runs/run_003/checkpoints/checkpoint-00002.pth: Copied (new)
2026/05/08 18:01:43 INFO  : NYSE_without_fees_2026-04-13_to_2026-04-15/work_dir/backtests_eiie_20260415_055739_job74131_tpjgyzkc/runs/run_004/checkpoints/checkpoint-00006.pth: Copied (new)
2026/05/08 18:01:43 INFO  : NYSE_without_fees_2026-04-13_to_2026-04-15/work_dir/backtests_eiie_20260415_055739_job74131_tpjgyzkc/runs/run_004/checkpoints/checkpoint-00005.pth: Copied (new)
2026/05/08 18:01:43 INFO  : NYSE_without_fees_2026-04-13_to_2026-04-15/work_dir/backtests_eiie_20260415_055739_job74131_tpjgyzkc/runs/run_004/checkpoints/checkpoint-00001.pth: Copied (new)
2026/05/08 18:01:43 INFO  : NYSE_without_fees_2026-04-13_to_2026-04-15/work_dir/backtests_eiie_20260415_055739_job74131_tpjgyzkc/runs/run_004/checkpoints/checkpoint-00003.pth: Copied (new)
2026/05/08 18:01:43 INFO  : NYSE_without_fees_2026-04-13_to_2026-04-15/work_dir/backtests_eiie_20260415_055739_job74131_tpjgyzkc/runs/run_004/checkpoints/checkpoint-00002.pth: Copied (new)
2026/05/08 18:01:43 INFO  : NYSE_without_fees_2026-04-13_to_2026-04-15/work_dir/backtests_eiie_20260415_055739_job74131_tpjgyzkc/runs/run_004/checkpoints/checkpoint-00004.pth: Copied (new)
2026/05/08 18:01:47 INFO  : NYSE_without_fees_2026-04-13_to_2026-04-15/work_dir/backtests_eiie_20260414_130918_job74126_62nqsn3t/runs/run_005/checkpoints/best.pth: Copied (new)
2026/05/08 18:01:47 INFO  : NYSE_without_fees_2026-04-13_to_2026-04-15/work_dir/backtests_eiie_20260415_055739_job74131_tpjgyzkc/runs/run_004/checkpoints/checkpoint-00008.pth: Copied (new)
2026/05/08 18:01:47 INFO  : NYSE_without_fees_2026-04-13_to_2026-04-15/work_dir/backtests_eiie_20260415_055739_job74131_tpjgyzkc/runs/run_004/checkpoints/checkpoint-00009.pth: Copied (new)
2026/05/08 18:01:47 INFO  : NYSE_without_fees_2026-04-13_to_2026-04-15/work_dir/backtests_eiie_20260415_055739_job74131_tpjgyzkc/runs/run_004/checkpoints/checkpoint-00010.pth: Copied (new)
2026/05/08 18:01:47 INFO  : NYSE_without_fees_2026-04-13_to_2026-04-15/work_dir/backtests_eiie_20260415_055739_job74131_tpjgyzkc/runs/run_004/checkpoints/checkpoint-00007.pth: Copied (new)
2026/05/08 18:01:47 INFO  : NYSE_without_fees_2026-04-13_to_2026-04-15/work_dir/backtests_eiie_20260414_130918_job74126_62nqsn3t/runs/run_005/checkpoints/checkpoint-00002.pth: Copied (new)
2026/05/08 18:01:47 INFO  : NYSE_without_fees_2026-04-13_to_2026-04-15/work_dir/backtests_eiie_20260414_130918_job74126_62nqsn3t/runs/run_005/checkpoints/checkpoint-00001.pth: Copied (new)
2026/05/08 18:01:47 INFO  : NYSE_without_fees_2026-04-13_to_2026-04-15/work_dir/backtests_eiie_20260414_130918_job74126_62nqsn3t/runs/run_005/checkpoints/checkpoint-00003.pth: Copied (new)
2026/05/08 18:01:49 INFO  : NYSE_without_fees_2026-04-13_to_2026-04-15/work_dir/backtests_eiie_20260414_130918_job74126_62nqsn3t/runs/run_005/checkpoints/checkpoint-00005.pth: Copied (new)
2026/05/08 18:01:49 INFO  : NYSE_without_fees_2026-04-13_to_2026-04-15/work_dir/backtests_eiie_20260414_130918_job74126_62nqsn3t/runs/run_005/checkpoints/checkpoint-00006.pth: Copied (new)
2026/05/08 18:01:49 INFO  : NYSE_without_fees_2026-04-13_to_2026-04-15/work_dir/backtests_eiie_20260414_130918_job74126_62nqsn3t/runs/run_005/checkpoints/checkpoint-00004.pth: Copied (new)
2026/05/08 18:01:50 INFO  : NYSE_without_fees_2026-04-13_to_2026-04-15/work_dir/backtests_eiie_20260414_130918_job74126_62nqsn3t/runs/run_005/checkpoints/checkpoint-00007.pth: Copied (new)
2026/05/08 18:01:51 INFO  : NYSE_without_fees_2026-04-13_to_2026-04-15/work_dir/backtests_eiie_20260414_130918_job74126_62nqsn3t/runs/run_005/checkpoints/checkpoint-00008.pth: Copied (new)
2026/05/08 18:01:51 INFO  : NYSE_without_fees_2026-04-13_to_2026-04-15/work_dir/backtests_eiie_20260414_130918_job74126_62nqsn3t/runs/run_005/checkpoints/checkpoint-00009.pth: Copied (new)
2026/05/08 18:01:51 INFO  : PSE_without_fees_2026-04-13_to_2026-04-15/work_dir/backtests_eiie_20260415_080216_job74149_0mddw9l9/runs/run_002/checkpoints/best.pth: Copied (new)
2026/05/08 18:01:51 INFO  : NYSE_without_fees_2026-04-13_to_2026-04-15/work_dir/backtests_eiie_20260414_130918_job74126_62nqsn3t/runs/run_005/checkpoints/checkpoint-00010.pth: Copied (new)
2026/05/08 18:01:52 INFO  : PSE_without_fees_2026-04-13_to_2026-04-15/work_dir/backtests_eiie_20260415_080216_job74149_0mddw9l9/runs/run_002/checkpoints/checkpoint-00002.pth: Copied (new)
2026/05/08 18:01:52 INFO  : PSE_without_fees_2026-04-13_to_2026-04-15/work_dir/backtests_eiie_20260415_080216_job74149_0mddw9l9/runs/run_002/checkpoints/checkpoint-00003.pth: Copied (new)
2026/05/08 18:01:52 INFO  : PSE_without_fees_2026-04-13_to_2026-04-15/work_dir/backtests_eiie_20260415_080216_job74149_0mddw9l9/runs/run_002/checkpoints/checkpoint-00001.pth: Copied (new)
2026/05/08 18:01:52 INFO  : PSE_without_fees_2026-04-13_to_2026-04-15/work_dir/backtests_eiie_20260415_080216_job74149_0mddw9l9/runs/run_002/checkpoints/checkpoint-00004.pth: Copied (new)
2026/05/08 18:01:53 INFO  : PSE_without_fees_2026-04-13_to_2026-04-15/work_dir/backtests_eiie_20260415_080216_job74149_0mddw9l9/runs/run_002/checkpoints/checkpoint-00005.pth: Copied (new)
2026/05/08 18:01:53 INFO  : PSE_without_fees_2026-04-13_to_2026-04-15/work_dir/backtests_eiie_20260415_080216_job74149_0mddw9l9/runs/run_002/checkpoints/checkpoint-00007.pth: Copied (new)
2026/05/08 18:01:54 INFO  : PSE_without_fees_2026-04-13_to_2026-04-15/work_dir/backtests_eiie_20260415_080216_job74149_0mddw9l9/runs/run_002/checkpoints/checkpoint-00006.pth: Copied (new)
2026/05/08 18:01:56 INFO  : PSE_without_fees_2026-04-13_to_2026-04-15/work_dir/backtests_eiie_20260415_080216_job74149_0mddw9l9/runs/run_002/checkpoints/checkpoint-00008.pth: Copied (new)
2026/05/08 18:01:56 INFO  : PSE_without_fees_2026-04-13_to_2026-04-15/work_dir/backtests_eiie_20260415_080216_job74149_0mddw9l9/runs/run_002/checkpoints/checkpoint-00010.pth: Copied (new)
2026/05/08 18:01:56 INFO  : PSE_without_fees_2026-04-13_to_2026-04-15/work_dir/backtests_eiie_20260415_080216_job74149_0mddw9l9/runs/run_002/checkpoints/checkpoint-00009.pth: Copied (new)
2026/05/08 18:01:56 INFO  : NYSE_without_fees_2026-04-13_to_2026-04-15/work_dir/backtests_eiie_20260415_155439_job74134_d24w3yak/runs/run_005/equity_curve.csv: Copied (new)
2026/05/08 18:01:56 INFO  : NYSE_without_fees_2026-04-13_to_2026-04-15/work_dir/backtests_eiie_20260415_155439_job74134_d24w3yak/runs/run_005/daily_trades.json: Copied (new)
2026/05/08 18:01:56 INFO  : NYSE_without_fees_2026-04-13_to_2026-04-15/work_dir/backtests_eiie_20260415_155439_job74134_d24w3yak/runs/run_005/daily_turnover.json: Copied (new)
2026/05/08 18:01:56 INFO  : NYSE_without_fees_2026-04-13_to_2026-04-15/work_dir/backtests_eiie_20260415_155439_job74134_d24w3yak/runs/run_005/Visualization_test.png: Copied (new)
2026/05/08 18:01:56 INFO  : NYSE_without_fees_2026-04-13_to_2026-04-15/work_dir/backtests_eiie_20260415_155439_job74134_d24w3yak/runs/run_005/Visualization_valid.png: Copied (new)
2026/05/08 18:01:59 INFO  : NYSE_without_fees_2026-04-13_to_2026-04-15/work_dir/backtests_eiie_20260415_155439_job74134_d24w3yak/runs/run_005/metrics.json: Copied (new)
2026/05/08 18:02:00 INFO  : PSE_without_fees_2026-04-13_to_2026-04-15/work_dir/backtests_eiie_20260415_020042_job74147_86qdx6pe/runs/run_004/daily_trades.json: Copied (new)
2026/05/08 18:02:00 INFO  : PSE_without_fees_2026-04-13_to_2026-04-15/work_dir/backtests_eiie_20260415_020042_job74147_86qdx6pe/runs/run_004/daily_turnover.json: Copied (new)
2026/05/08 18:02:00 INFO  : PSE_without_fees_2026-04-13_to_2026-04-15/work_dir/backtests_eiie_20260415_020042_job74147_86qdx6pe/runs/run_004/Visualization_test.png: Copied (new)
2026/05/08 18:02:00 INFO  : PSE_without_fees_2026-04-13_to_2026-04-15/work_dir/backtests_eiie_20260415_020042_job74147_86qdx6pe/runs/run_004/equity_curve.csv: Copied (new)
2026/05/08 18:02:00 INFO  : NYSE_without_fees_2026-04-13_to_2026-04-15/work_dir/backtests_eiie_20260415_155439_job74134_d24w3yak/runs/run_005/equity_curve.png: Copied (new)
2026/05/08 18:02:00 INFO  : PSE_without_fees_2026-04-13_to_2026-04-15/work_dir/backtests_eiie_20260415_020042_job74147_86qdx6pe/runs/run_004/equity_curve.png: Copied (new)
2026/05/08 18:02:01 INFO  : PSE_without_fees_2026-04-13_to_2026-04-15/work_dir/backtests_eiie_20260415_020042_job74147_86qdx6pe/runs/run_004/Visualization_valid.png: Copied (new)
2026/05/08 18:02:40 INFO  : PSE_without_fees_2026-04-13_to_2026-04-15/work_dir/backtests_eiie_20260413_165222_job74136_gkc4fhnc/runs/run_003/checkpoints/checkpoint-00005.pth: Copied (new)
2026/05/08 18:02:42 INFO  : PSE_without_fees_2026-04-13_to_2026-04-15/work_dir/backtests_eiie_20260413_165222_job74136_gkc4fhnc/runs/run_003/checkpoints/checkpoint-00007.pth: Copied (new)
2026/05/08 18:02:56 INFO  : PSE_without_fees_2026-04-13_to_2026-04-15/work_dir/backtests_eiie_20260413_165222_job74136_gkc4fhnc/runs/run_003/checkpoints/checkpoint-00003.pth: Copied (new)
2026/05/08 18:02:58 INFO  : PSE_without_fees_2026-04-13_to_2026-04-15/work_dir/backtests_eiie_20260413_165222_job74136_gkc4fhnc/runs/run_003/checkpoints/best.pth: Copied (new)
2026/05/08 18:02:58 INFO  : PSE_without_fees_2026-04-13_to_2026-04-15/work_dir/backtests_eiie_20260413_165222_job74136_gkc4fhnc/runs/run_003/checkpoints/checkpoint-00006.pth: Copied (new)
2026/05/08 18:02:58 INFO  : PSE_without_fees_2026-04-13_to_2026-04-15/work_dir/backtests_eiie_20260413_165222_job74136_gkc4fhnc/runs/run_003/checkpoints/checkpoint-00004.pth: Copied (new)
2026/05/08 18:02:58 INFO  : PSE_without_fees_2026-04-13_to_2026-04-15/work_dir/backtests_eiie_20260415_020042_job74147_86qdx6pe/runs/run_004/metrics.json: Copied (new)
2026/05/08 18:02:58 INFO  : PSE_without_fees_2026-04-13_to_2026-04-15/work_dir/backtests_eiie_20260413_165222_job74136_gkc4fhnc/runs/run_003/checkpoints/checkpoint-00002.pth: Copied (new)
2026/05/08 18:02:58 INFO  : PSE_without_fees_2026-04-13_to_2026-04-15/work_dir/backtests_eiie_20260413_165222_job74136_gkc4fhnc/runs/run_003/checkpoints/checkpoint-00008.pth: Copied (new)
2026/05/08 18:02:58 INFO  : PSE_without_fees_2026-04-13_to_2026-04-15/work_dir/backtests_eiie_20260413_165222_job74136_gkc4fhnc/runs/run_003/checkpoints/checkpoint-00001.pth: Copied (new)
2026/05/08 18:02:59 INFO  : PSE_without_fees_2026-04-13_to_2026-04-15/work_dir/backtests_eiie_20260413_165222_job74136_gkc4fhnc/runs/run_003/checkpoints/checkpoint-00009.pth: Copied (new)
2026/05/08 18:03:02 INFO  : PSE_without_fees_2026-04-13_to_2026-04-15/work_dir/backtests_eiie_20260413_165222_job74136_gkc4fhnc/runs/run_003/checkpoints/checkpoint-00010.pth: Copied (new)
2026/05/08 18:03:02 INFO  : PSE_without_fees_2026-04-13_to_2026-04-15/work_dir/backtests_eiie_20260413_195251_job74137_dvcd7s8x/runs/run_005/equity_curve.csv: Copied (new)
2026/05/08 18:03:02 INFO  : PSE_without_fees_2026-04-13_to_2026-04-15/work_dir/backtests_eiie_20260413_195251_job74137_dvcd7s8x/runs/run_005/metrics.json: Copied (new)
2026/05/08 18:03:02 INFO  : PSE_without_fees_2026-04-13_to_2026-04-15/work_dir/backtests_eiie_20260413_195251_job74137_dvcd7s8x/runs/run_005/daily_turnover.json: Copied (new)
2026/05/08 18:03:02 INFO  : PSE_without_fees_2026-04-13_to_2026-04-15/work_dir/backtests_eiie_20260413_195251_job74137_dvcd7s8x/runs/run_005/Visualization_test.png: Copied (new)
2026/05/08 18:03:03 INFO  : PSE_without_fees_2026-04-13_to_2026-04-15/work_dir/backtests_eiie_20260413_195251_job74137_dvcd7s8x/runs/run_005/Visualization_valid.png: Copied (new)
2026/05/08 18:03:03 INFO  : PSE_without_fees_2026-04-13_to_2026-04-15/work_dir/backtests_eiie_20260413_195251_job74137_dvcd7s8x/runs/run_005/equity_curve.png: Copied (new)
2026/05/08 18:03:32 INFO  : PSE_without_fees_2026-04-13_to_2026-04-15/work_dir/backtests_eiie_20260413_195251_job74137_dvcd7s8x/runs/run_005/daily_trades.json: Copied (new)
2026/05/08 18:03:35 INFO  : PSE_without_fees_2026-04-13_to_2026-04-15/work_dir/backtests_eiie_20260414_075610_job74141_jxq9e3d_/runs/run_003/checkpoints/checkpoint-00007.pth: Copied (new)
2026/05/08 18:03:49 INFO  : PSE_without_fees_2026-04-13_to_2026-04-15/work_dir/backtests_eiie_20260414_075610_job74141_jxq9e3d_/runs/run_003/checkpoints/checkpoint-00003.pth: Copied (new)
2026/05/08 18:03:50 INFO  : PSE_without_fees_2026-04-13_to_2026-04-15/work_dir/backtests_eiie_20260414_075610_job74141_jxq9e3d_/runs/run_003/checkpoints/checkpoint-00005.pth: Copied (new)
2026/05/08 18:03:50 INFO  : PSE_without_fees_2026-04-13_to_2026-04-15/work_dir/backtests_eiie_20260414_075610_job74141_jxq9e3d_/runs/run_003/checkpoints/checkpoint-00006.pth: Copied (new)
2026/05/08 18:03:50 INFO  : PSE_without_fees_2026-04-13_to_2026-04-15/work_dir/backtests_eiie_20260414_075610_job74141_jxq9e3d_/runs/run_003/checkpoints/best.pth: Copied (new)
2026/05/08 18:03:50 INFO  : PSE_without_fees_2026-04-13_to_2026-04-15/work_dir/backtests_eiie_20260414_075610_job74141_jxq9e3d_/runs/run_003/checkpoints/checkpoint-00004.pth: Copied (new)
2026/05/08 18:03:50 INFO  : PSE_without_fees_2026-04-13_to_2026-04-15/work_dir/backtests_eiie_20260414_075610_job74141_jxq9e3d_/runs/run_003/checkpoints/checkpoint-00001.pth: Copied (new)
2026/05/08 18:03:50 INFO  : PSE_without_fees_2026-04-13_to_2026-04-15/work_dir/backtests_eiie_20260414_075610_job74141_jxq9e3d_/runs/run_003/checkpoints/checkpoint-00002.pth: Copied (new)
2026/05/08 18:03:51 INFO  : PSE_without_fees_2026-04-13_to_2026-04-15/work_dir/backtests_eiie_20260414_075610_job74141_jxq9e3d_/runs/run_003/checkpoints/checkpoint-00008.pth: Copied (new)
2026/05/08 18:03:51 INFO  : PSE_without_fees_2026-04-13_to_2026-04-15/work_dir/backtests_eiie_20260414_075610_job74141_jxq9e3d_/runs/run_003/checkpoints/checkpoint-00009.pth: Copied (new)
2026/05/08 18:03:54 INFO  : PSE_without_fees_2026-04-13_to_2026-04-15/work_dir/backtests_eiie_20260414_075610_job74141_jxq9e3d_/runs/run_003/checkpoints/checkpoint-00010.pth: Copied (new)
2026/05/08 18:03:54 INFO  : PSE_without_fees_2026-04-13_to_2026-04-15/work_dir/backtests_eiie_20260414_015729_job74139_46bfn538/runs/run_005/daily_turnover.json: Copied (new)
2026/05/08 18:03:54 INFO  : PSE_without_fees_2026-04-13_to_2026-04-15/work_dir/backtests_eiie_20260414_015729_job74139_46bfn538/runs/run_005/equity_curve.csv: Copied (new)
2026/05/08 18:03:54 INFO  : PSE_without_fees_2026-04-13_to_2026-04-15/work_dir/backtests_eiie_20260414_015729_job74139_46bfn538/runs/run_005/daily_trades.json: Copied (new)
2026/05/08 18:03:54 INFO  : PSE_without_fees_2026-04-13_to_2026-04-15/work_dir/backtests_eiie_20260414_015729_job74139_46bfn538/runs/run_005/metrics.json: Copied (new)
2026/05/08 18:03:55 INFO  : PSE_without_fees_2026-04-13_to_2026-04-15/work_dir/backtests_eiie_20260414_015729_job74139_46bfn538/runs/run_005/Visualization_test.png: Copied (new)
2026/05/08 18:03:55 INFO  : PSE_without_fees_2026-04-13_to_2026-04-15/work_dir/backtests_eiie_20260414_015729_job74139_46bfn538/runs/run_005/equity_curve.png: Copied (new)
2026/05/08 18:03:55 INFO  : PSE_without_fees_2026-04-13_to_2026-04-15/work_dir/backtests_eiie_20260414_015729_job74139_46bfn538/runs/run_005/Visualization_valid.png: Copied (new)
2026/05/08 18:03:58 INFO  : PSE_without_fees_2026-04-13_to_2026-04-15/work_dir/backtests_eiie_20260415_110513_job74150_f5h5w0n8/runs/run_003/Visualization_test.png: Copied (new)
2026/05/08 18:04:00 INFO  : PSE_without_fees_2026-04-13_to_2026-04-15/work_dir/backtests_eiie_20260415_110513_job74150_f5h5w0n8/runs/run_003/daily_trades.json: Copied (new)
2026/05/08 18:04:00 INFO  : PSE_without_fees_2026-04-13_to_2026-04-15/work_dir/backtests_eiie_20260415_110513_job74150_f5h5w0n8/runs/run_003/equity_curve.csv: Copied (new)
2026/05/08 18:04:00 INFO  : PSE_without_fees_2026-04-13_to_2026-04-15/work_dir/backtests_eiie_20260415_110513_job74150_f5h5w0n8/runs/run_003/daily_turnover.json: Copied (new)
2026/05/08 18:04:00 INFO  : PSE_without_fees_2026-04-13_to_2026-04-15/work_dir/backtests_eiie_20260415_110513_job74150_f5h5w0n8/runs/run_003/Visualization_valid.png: Copied (new)
2026/05/08 18:04:00 INFO  : PSE_without_fees_2026-04-13_to_2026-04-15/work_dir/backtests_eiie_20260415_110513_job74150_f5h5w0n8/runs/run_003/equity_curve.png: Copied (new)
2026/05/08 18:04:01 INFO  : PSE_without_fees_2026-04-13_to_2026-04-15/work_dir/backtests_eiie_20260415_110513_job74150_f5h5w0n8/runs/run_003/metrics.json: Copied (new)
2026/05/08 18:04:01 INFO  : PSE_without_fees_2026-04-13_to_2026-04-15/work_dir/backtests_eiie_20260414_135115_job74143_q08j1hi1/runs/run_005/Visualization_test.png: Copied (new)
2026/05/08 18:04:02 INFO  : PSE_without_fees_2026-04-13_to_2026-04-15/work_dir/backtests_eiie_20260414_135115_job74143_q08j1hi1/runs/run_005/daily_turnover.json: Copied (new)
2026/05/08 18:04:02 INFO  : PSE_without_fees_2026-04-13_to_2026-04-15/work_dir/backtests_eiie_20260414_135115_job74143_q08j1hi1/runs/run_005/daily_trades.json: Copied (new)
2026/05/08 18:04:33 INFO  : PSE_without_fees_2026-04-13_to_2026-04-15/work_dir/backtests_eiie_20260414_135115_job74143_q08j1hi1/runs/run_005/metrics.json: Copied (new)
2026/05/08 18:04:33 INFO  : PSE_without_fees_2026-04-13_to_2026-04-15/work_dir/backtests_eiie_20260414_165644_job74144_dbwdzdc8/runs/run_003/checkpoints/best.pth: Copied (new)
2026/05/08 18:04:33 INFO  : PSE_without_fees_2026-04-13_to_2026-04-15/work_dir/backtests_eiie_20260414_165644_job74144_dbwdzdc8/runs/run_003/checkpoints/checkpoint-00001.pth: Copied (new)
2026/05/08 18:04:33 INFO  : PSE_without_fees_2026-04-13_to_2026-04-15/work_dir/backtests_eiie_20260414_135115_job74143_q08j1hi1/runs/run_005/equity_curve.csv: Copied (new)
2026/05/08 18:04:33 INFO  : PSE_without_fees_2026-04-13_to_2026-04-15/work_dir/backtests_eiie_20260414_165644_job74144_dbwdzdc8/runs/run_003/checkpoints/checkpoint-00003.pth: Copied (new)
2026/05/08 18:04:33 INFO  : PSE_without_fees_2026-04-13_to_2026-04-15/work_dir/backtests_eiie_20260414_165644_job74144_dbwdzdc8/runs/run_003/checkpoints/checkpoint-00002.pth: Copied (new)
2026/05/08 18:04:33 INFO  : PSE_without_fees_2026-04-13_to_2026-04-15/work_dir/backtests_eiie_20260414_135115_job74143_q08j1hi1/runs/run_005/Visualization_valid.png: Copied (new)
2026/05/08 18:04:33 INFO  : PSE_without_fees_2026-04-13_to_2026-04-15/work_dir/backtests_eiie_20260414_135115_job74143_q08j1hi1/runs/run_005/equity_curve.png: Copied (new)
2026/05/08 18:04:35 INFO  : PSE_without_fees_2026-04-13_to_2026-04-15/work_dir/backtests_eiie_20260414_165644_job74144_dbwdzdc8/runs/run_003/checkpoints/checkpoint-00004.pth: Copied (new)
2026/05/08 18:04:36 INFO  : PSE_without_fees_2026-04-13_to_2026-04-15/work_dir/backtests_eiie_20260414_165644_job74144_dbwdzdc8/runs/run_003/checkpoints/checkpoint-00005.pth: Copied (new)
2026/05/08 18:04:38 INFO  : PSE_without_fees_2026-04-13_to_2026-04-15/work_dir/backtests_eiie_20260414_165644_job74144_dbwdzdc8/runs/run_003/checkpoints/checkpoint-00009.pth: Copied (new)
2026/05/08 18:04:38 INFO  : PSE_without_fees_2026-04-13_to_2026-04-15/work_dir/backtests_eiie_20260414_165644_job74144_dbwdzdc8/runs/run_003/checkpoints/checkpoint-00010.pth: Copied (new)
2026/05/08 18:04:38 INFO  : PSE_without_fees_2026-04-13_to_2026-04-15/work_dir/backtests_eiie_20260414_045947_job74140_h8ucwjhj/runs/run_003/checkpoints/best.pth: Copied (new)
2026/05/08 18:04:38 INFO  : PSE_without_fees_2026-04-13_to_2026-04-15/work_dir/backtests_eiie_20260414_165644_job74144_dbwdzdc8/runs/run_003/checkpoints/checkpoint-00007.pth: Copied (new)
2026/05/08 18:04:38 INFO  : PSE_without_fees_2026-04-13_to_2026-04-15/work_dir/backtests_eiie_20260414_165644_job74144_dbwdzdc8/runs/run_003/checkpoints/checkpoint-00008.pth: Copied (new)
2026/05/08 18:04:38 INFO  : PSE_without_fees_2026-04-13_to_2026-04-15/work_dir/backtests_eiie_20260414_045947_job74140_h8ucwjhj/runs/run_003/checkpoints/checkpoint-00002.pth: Copied (new)
2026/05/08 18:04:38 INFO  : PSE_without_fees_2026-04-13_to_2026-04-15/work_dir/backtests_eiie_20260414_045947_job74140_h8ucwjhj/runs/run_003/checkpoints/checkpoint-00001.pth: Copied (new)
2026/05/08 18:04:40 INFO  : PSE_without_fees_2026-04-13_to_2026-04-15/work_dir/backtests_eiie_20260414_045947_job74140_h8ucwjhj/runs/run_003/checkpoints/checkpoint-00003.pth: Copied (new)
2026/05/08 18:04:40 INFO  : PSE_without_fees_2026-04-13_to_2026-04-15/work_dir/backtests_eiie_20260414_045947_job74140_h8ucwjhj/runs/run_003/checkpoints/checkpoint-00005.pth: Copied (new)
2026/05/08 18:04:40 INFO  : PSE_without_fees_2026-04-13_to_2026-04-15/work_dir/backtests_eiie_20260414_045947_job74140_h8ucwjhj/runs/run_003/checkpoints/checkpoint-00007.pth: Copied (new)
2026/05/08 18:04:40 INFO  : PSE_without_fees_2026-04-13_to_2026-04-15/work_dir/backtests_eiie_20260414_045947_job74140_h8ucwjhj/runs/run_003/checkpoints/checkpoint-00004.pth: Copied (new)
2026/05/08 18:04:41 INFO  : PSE_without_fees_2026-04-13_to_2026-04-15/work_dir/backtests_eiie_20260414_165644_job74144_dbwdzdc8/runs/run_003/checkpoints/checkpoint-00006.pth: Copied (new)
2026/05/08 18:04:41 INFO  : PSE_without_fees_2026-04-13_to_2026-04-15/work_dir/backtests_eiie_20260414_045947_job74140_h8ucwjhj/runs/run_003/checkpoints/checkpoint-00009.pth: Copied (new)
2026/05/08 18:04:41 INFO  : PSE_without_fees_2026-04-13_to_2026-04-15/work_dir/backtests_eiie_20260414_045947_job74140_h8ucwjhj/runs/run_003/checkpoints/checkpoint-00008.pth: Copied (new)
2026/05/08 18:04:44 INFO  : NYSE_without_fees_2026-04-13_to_2026-04-15/work_dir/backtests_eiie_20260415_091734_job74132_bow7t52g/runs/run_004/checkpoints/best.pth: Copied (new)
2026/05/08 18:04:44 INFO  : PSE_without_fees_2026-04-13_to_2026-04-15/work_dir/backtests_eiie_20260414_045947_job74140_h8ucwjhj/runs/run_003/checkpoints/checkpoint-00006.pth: Copied (new)
2026/05/08 18:04:44 INFO  : NYSE_without_fees_2026-04-13_to_2026-04-15/work_dir/backtests_eiie_20260415_091734_job74132_bow7t52g/runs/run_004/checkpoints/checkpoint-00003.pth: Copied (new)
2026/05/08 18:04:45 INFO  : NYSE_without_fees_2026-04-13_to_2026-04-15/work_dir/backtests_eiie_20260415_091734_job74132_bow7t52g/runs/run_004/checkpoints/checkpoint-00001.pth: Copied (new)
2026/05/08 18:04:45 INFO  : NYSE_without_fees_2026-04-13_to_2026-04-15/work_dir/backtests_eiie_20260415_091734_job74132_bow7t52g/runs/run_004/checkpoints/checkpoint-00004.pth: Copied (new)
2026/05/08 18:04:45 INFO  : NYSE_without_fees_2026-04-13_to_2026-04-15/work_dir/backtests_eiie_20260415_091734_job74132_bow7t52g/runs/run_004/checkpoints/checkpoint-00005.pth: Copied (new)
2026/05/08 18:04:45 INFO  : PSE_without_fees_2026-04-13_to_2026-04-15/work_dir/backtests_eiie_20260414_045947_job74140_h8ucwjhj/runs/run_003/checkpoints/checkpoint-00010.pth: Copied (new)
2026/05/08 18:04:45 INFO  : NYSE_without_fees_2026-04-13_to_2026-04-15/work_dir/backtests_eiie_20260415_091734_job74132_bow7t52g/runs/run_004/checkpoints/checkpoint-00002.pth: Copied (new)
2026/05/08 18:04:47 INFO  : NYSE_without_fees_2026-04-13_to_2026-04-15/work_dir/backtests_eiie_20260415_091734_job74132_bow7t52g/runs/run_004/checkpoints/checkpoint-00006.pth: Copied (new)
2026/05/08 18:04:47 INFO  : NYSE_without_fees_2026-04-13_to_2026-04-15/work_dir/backtests_eiie_20260415_091734_job74132_bow7t52g/runs/run_004/checkpoints/checkpoint-00007.pth: Copied (new)
2026/05/08 18:04:49 INFO  : NYSE_without_fees_2026-04-13_to_2026-04-15/work_dir/backtests_eiie_20260415_091734_job74132_bow7t52g/runs/run_004/checkpoints/checkpoint-00008.pth: Copied (new)
2026/05/08 18:04:49 INFO  : NYSE_without_fees_2026-04-13_to_2026-04-15/work_dir/backtests_eiie_20260415_091734_job74132_bow7t52g/runs/run_004/checkpoints/checkpoint-00010.pth: Copied (new)
2026/05/08 18:04:49 INFO  : NYSE_without_fees_2026-04-13_to_2026-04-15/work_dir/backtests_eiie_20260415_091734_job74132_bow7t52g/runs/run_004/checkpoints/checkpoint-00009.pth: Copied (new)
2026/05/08 18:04:49 INFO  : NYSE_without_fees_2026-04-13_to_2026-04-15/work_dir/backtests_eiie_20260413_233931_job74122_rnnteafq/runs/run_001/Visualization_test.png: Copied (new)
2026/05/08 18:04:51 INFO  : NYSE_without_fees_2026-04-13_to_2026-04-15/work_dir/backtests_eiie_20260413_233931_job74122_rnnteafq/runs/run_001/daily_trades.json: Copied (new)
2026/05/08 18:04:51 INFO  : NYSE_without_fees_2026-04-13_to_2026-04-15/work_dir/backtests_eiie_20260413_233931_job74122_rnnteafq/runs/run_001/Visualization_valid.png: Copied (new)
2026/05/08 18:04:51 INFO  : NYSE_without_fees_2026-04-13_to_2026-04-15/work_dir/backtests_eiie_20260413_233931_job74122_rnnteafq/runs/run_001/daily_turnover.json: Copied (new)
2026/05/08 18:04:51 INFO  : NYSE_without_fees_2026-04-13_to_2026-04-15/work_dir/backtests_eiie_20260413_233931_job74122_rnnteafq/runs/run_001/equity_curve.csv: Copied (new)
2026/05/08 18:04:52 INFO  : PSE_without_fees_2026-04-13_to_2026-04-15/work_dir/backtests_eiie_20260414_105331_job74142_ufplj8k7/runs/run_005/daily_trades.json: Copied (new)
2026/05/08 18:04:52 INFO  : PSE_without_fees_2026-04-13_to_2026-04-15/work_dir/backtests_eiie_20260414_105331_job74142_ufplj8k7/runs/run_005/daily_turnover.json: Copied (new)
2026/05/08 18:04:52 INFO  : PSE_without_fees_2026-04-13_to_2026-04-15/work_dir/backtests_eiie_20260414_105331_job74142_ufplj8k7/runs/run_005/Visualization_valid.png: Copied (new)
2026/05/08 18:04:52 INFO  : PSE_without_fees_2026-04-13_to_2026-04-15/work_dir/backtests_eiie_20260414_105331_job74142_ufplj8k7/runs/run_005/Visualization_test.png: Copied (new)
2026/05/08 18:04:53 INFO  : PSE_without_fees_2026-04-13_to_2026-04-15/work_dir/backtests_eiie_20260414_105331_job74142_ufplj8k7/runs/run_005/equity_curve.csv: Copied (new)
2026/05/08 18:04:56 INFO  : PSE_without_fees_2026-04-13_to_2026-04-15/work_dir/backtests_eiie_20260414_105331_job74142_ufplj8k7/runs/run_005/metrics.json: Copied (new)
2026/05/08 18:04:56 INFO  : PSE_without_fees_2026-04-13_to_2026-04-15/work_dir/backtests_eiie_20260415_045928_job74148_9gausy9d/runs/run_003/daily_turnover.json: Copied (new)
2026/05/08 18:04:56 INFO  : NYSE_without_fees_2026-04-13_to_2026-04-15/work_dir/backtests_eiie_20260413_233931_job74122_rnnteafq/runs/run_001/metrics.json: Copied (new)
2026/05/08 18:04:56 INFO  : PSE_without_fees_2026-04-13_to_2026-04-15/work_dir/backtests_eiie_20260415_045928_job74148_9gausy9d/runs/run_003/daily_trades.json: Copied (new)
2026/05/08 18:04:56 INFO  : PSE_without_fees_2026-04-13_to_2026-04-15/work_dir/backtests_eiie_20260415_045928_job74148_9gausy9d/runs/run_003/Visualization_test.png: Copied (new)
2026/05/08 18:04:56 INFO  : PSE_without_fees_2026-04-13_to_2026-04-15/work_dir/backtests_eiie_20260414_105331_job74142_ufplj8k7/runs/run_005/equity_curve.png: Copied (new)
2026/05/08 18:04:57 INFO  : NYSE_without_fees_2026-04-13_to_2026-04-15/work_dir/backtests_eiie_20260413_233931_job74122_rnnteafq/runs/run_001/equity_curve.png: Copied (new)
2026/05/08 18:04:57 INFO  : PSE_without_fees_2026-04-13_to_2026-04-15/work_dir/backtests_eiie_20260415_045928_job74148_9gausy9d/runs/run_003/Visualization_valid.png: Copied (new)
2026/05/08 18:04:58 INFO  : PSE_without_fees_2026-04-13_to_2026-04-15/work_dir/backtests_eiie_20260415_045928_job74148_9gausy9d/runs/run_003/equity_curve.csv: Copied (new)
2026/05/08 18:05:00 INFO  : PSE_without_fees_2026-04-13_to_2026-04-15/work_dir/backtests_eiie_20260415_045928_job74148_9gausy9d/runs/run_003/metrics.json: Copied (new)
2026/05/08 18:05:01 INFO  : PSE_without_fees_2026-04-13_to_2026-04-15/work_dir/backtests_eiie_20260413_165222_job74136_gkc4fhnc/runs/run_005/daily_turnover.json: Copied (new)
2026/05/08 18:05:01 INFO  : PSE_without_fees_2026-04-13_to_2026-04-15/work_dir/backtests_eiie_20260413_165222_job74136_gkc4fhnc/runs/run_005/daily_trades.json: Copied (new)
2026/05/08 18:05:01 INFO  : PSE_without_fees_2026-04-13_to_2026-04-15/work_dir/backtests_eiie_20260413_165222_job74136_gkc4fhnc/runs/run_005/equity_curve.csv: Copied (new)
2026/05/08 18:05:01 INFO  : PSE_without_fees_2026-04-13_to_2026-04-15/work_dir/backtests_eiie_20260413_165222_job74136_gkc4fhnc/runs/run_005/Visualization_test.png: Copied (new)
2026/05/08 18:05:01 INFO  : PSE_without_fees_2026-04-13_to_2026-04-15/work_dir/backtests_eiie_20260415_045928_job74148_9gausy9d/runs/run_003/equity_curve.png: Copied (new)
2026/05/08 18:05:02 INFO  : PSE_without_fees_2026-04-13_to_2026-04-15/work_dir/backtests_eiie_20260413_165222_job74136_gkc4fhnc/runs/run_005/Visualization_valid.png: Copied (new)
2026/05/08 18:05:02 INFO  : PSE_without_fees_2026-04-13_to_2026-04-15/work_dir/backtests_eiie_20260413_165222_job74136_gkc4fhnc/runs/run_005/equity_curve.png: Copied (new)
2026/05/08 18:05:03 INFO  : PSE_without_fees_2026-04-13_to_2026-04-15/work_dir/backtests_eiie_20260413_165222_job74136_gkc4fhnc/runs/run_005/metrics.json: Copied (new)
2026/05/08 18:05:40 INFO  : PSE_without_fees_2026-04-13_to_2026-04-15/work_dir/backtests_eiie_20260413_225636_job74138_97ly951i/runs/run_005/equity_curve.png: Copied (new)
2026/05/08 18:05:43 INFO  : NYSE_without_fees_2026-04-13_to_2026-04-15/work_dir/backtests_eiie_20260415_123453_job74133_kzz71nh_/runs/run_004/checkpoints/checkpoint-00001.pth: Copied (new)
2026/05/08 18:05:45 INFO  : NYSE_without_fees_2026-04-13_to_2026-04-15/work_dir/backtests_eiie_20260415_123453_job74133_kzz71nh_/runs/run_004/checkpoints/checkpoint-00002.pth: Copied (new)
2026/05/08 18:05:48 INFO  : NYSE_without_fees_2026-04-13_to_2026-04-15/work_dir/backtests_eiie_20260415_123453_job74133_kzz71nh_/runs/run_004/checkpoints/checkpoint-00003.pth: Copied (new)
2026/05/08 18:05:50 INFO  : NYSE_without_fees_2026-04-13_to_2026-04-15/work_dir/backtests_eiie_20260415_123453_job74133_kzz71nh_/runs/run_004/checkpoints/checkpoint-00004.pth: Copied (new)
2026/05/08 18:05:53 INFO  : NYSE_without_fees_2026-04-13_to_2026-04-15/work_dir/backtests_eiie_20260415_123453_job74133_kzz71nh_/runs/run_004/checkpoints/checkpoint-00005.pth: Copied (new)
2026/05/08 18:05:55 INFO  : NYSE_without_fees_2026-04-13_to_2026-04-15/work_dir/backtests_eiie_20260415_123453_job74133_kzz71nh_/runs/run_004/checkpoints/checkpoint-00006.pth: Copied (new)
2026/05/08 18:05:56 INFO  : PSE_without_fees_2026-04-13_to_2026-04-15/work_dir/backtests_eiie_20260413_225636_job74138_97ly951i/runs/run_005/daily_turnover.json: Copied (new)
2026/05/08 18:05:56 INFO  : NYSE_without_fees_2026-04-13_to_2026-04-15/work_dir/backtests_eiie_20260415_123453_job74133_kzz71nh_/runs/run_004/checkpoints/best.pth: Copied (new)
2026/05/08 18:05:56 INFO  : PSE_without_fees_2026-04-13_to_2026-04-15/work_dir/backtests_eiie_20260413_225636_job74138_97ly951i/runs/run_005/metrics.json: Copied (new)
2026/05/08 18:05:56 INFO  : PSE_without_fees_2026-04-13_to_2026-04-15/work_dir/backtests_eiie_20260413_225636_job74138_97ly951i/runs/run_005/daily_trades.json: Copied (new)
2026/05/08 18:05:56 INFO  : PSE_without_fees_2026-04-13_to_2026-04-15/work_dir/backtests_eiie_20260413_225636_job74138_97ly951i/runs/run_005/equity_curve.csv: Copied (new)
2026/05/08 18:05:57 INFO  : PSE_without_fees_2026-04-13_to_2026-04-15/work_dir/backtests_eiie_20260413_225636_job74138_97ly951i/runs/run_005/Visualization_test.png: Copied (new)
2026/05/08 18:05:57 INFO  : PSE_without_fees_2026-04-13_to_2026-04-15/work_dir/backtests_eiie_20260413_225636_job74138_97ly951i/runs/run_005/Visualization_valid.png: Copied (new)
2026/05/08 18:05:58 INFO  : NYSE_without_fees_2026-04-13_to_2026-04-15/work_dir/backtests_eiie_20260415_123453_job74133_kzz71nh_/runs/run_004/checkpoints/checkpoint-00007.pth: Copied (new)
2026/05/08 18:06:00 INFO  : NYSE_without_fees_2026-04-13_to_2026-04-15/work_dir/backtests_eiie_20260415_123453_job74133_kzz71nh_/runs/run_004/checkpoints/checkpoint-00008.pth: Copied (new)
2026/05/08 18:06:00 INFO  : NYSE_without_fees_2026-04-13_to_2026-04-15/work_dir/backtests_eiie_20260415_123453_job74133_kzz71nh_/runs/run_004/checkpoints/checkpoint-00009.pth: Copied (new)
2026/05/08 18:06:00 INFO  : NYSE_without_fees_2026-04-13_to_2026-04-15/work_dir/backtests_eiie_20260415_123453_job74133_kzz71nh_/runs/run_004/checkpoints/checkpoint-00010.pth: Copied (new)
2026/05/08 18:06:00 INFO  : PSE_without_fees_2026-04-13_to_2026-04-15/work_dir/backtests_eiie_20260414_225950_job74146_ur5evt9d/runs/run_005/equity_curve.csv: Copied (new)
2026/05/08 18:06:00 INFO  : PSE_without_fees_2026-04-13_to_2026-04-15/work_dir/backtests_eiie_20260414_225950_job74146_ur5evt9d/runs/run_005/daily_turnover.json: Copied (new)
2026/05/08 18:06:00 INFO  : PSE_without_fees_2026-04-13_to_2026-04-15/work_dir/backtests_eiie_20260414_225950_job74146_ur5evt9d/runs/run_005/daily_trades.json: Copied (new)
2026/05/08 18:06:00 INFO  : PSE_without_fees_2026-04-13_to_2026-04-15/work_dir/backtests_eiie_20260414_225950_job74146_ur5evt9d/runs/run_005/Visualization_test.png: Copied (new)
2026/05/08 18:06:01 INFO  : PSE_without_fees_2026-04-13_to_2026-04-15/work_dir/backtests_eiie_20260414_225950_job74146_ur5evt9d/runs/run_005/Visualization_valid.png: Copied (new)
2026/05/08 18:06:31 INFO  : PSE_without_fees_2026-04-13_to_2026-04-15/work_dir/backtests_eiie_20260415_045928_job74148_9gausy9d/runs/run_002/checkpoints/best.pth: Copied (new)
2026/05/08 18:06:31 INFO  : PSE_without_fees_2026-04-13_to_2026-04-15/work_dir/backtests_eiie_20260414_225950_job74146_ur5evt9d/runs/run_005/metrics.json: Copied (new)
2026/05/08 18:06:32 INFO  : PSE_without_fees_2026-04-13_to_2026-04-15/work_dir/backtests_eiie_20260415_045928_job74148_9gausy9d/runs/run_002/checkpoints/checkpoint-00004.pth: Copied (new)
2026/05/08 18:06:32 INFO  : PSE_without_fees_2026-04-13_to_2026-04-15/work_dir/backtests_eiie_20260415_045928_job74148_9gausy9d/runs/run_002/checkpoints/checkpoint-00003.pth: Copied (new)
2026/05/08 18:06:32 INFO  : PSE_without_fees_2026-04-13_to_2026-04-15/work_dir/backtests_eiie_20260415_045928_job74148_9gausy9d/runs/run_002/checkpoints/checkpoint-00001.pth: Copied (new)
2026/05/08 18:06:32 INFO  : PSE_without_fees_2026-04-13_to_2026-04-15/work_dir/backtests_eiie_20260415_045928_job74148_9gausy9d/runs/run_002/checkpoints/checkpoint-00005.pth: Copied (new)
2026/05/08 18:06:32 INFO  : PSE_without_fees_2026-04-13_to_2026-04-15/work_dir/backtests_eiie_20260414_225950_job74146_ur5evt9d/runs/run_005/equity_curve.png: Copied (new)
2026/05/08 18:06:34 INFO  : PSE_without_fees_2026-04-13_to_2026-04-15/work_dir/backtests_eiie_20260415_045928_job74148_9gausy9d/runs/run_002/checkpoints/checkpoint-00007.pth: Copied (new)
2026/05/08 18:06:34 INFO  : PSE_without_fees_2026-04-13_to_2026-04-15/work_dir/backtests_eiie_20260415_045928_job74148_9gausy9d/runs/run_002/checkpoints/checkpoint-00006.pth: Copied (new)
2026/05/08 18:06:49 INFO  : PSE_without_fees_2026-04-13_to_2026-04-15/work_dir/backtests_eiie_20260415_045928_job74148_9gausy9d/runs/run_002/checkpoints/checkpoint-00002.pth: Copied (new)
2026/05/08 18:06:49 INFO  : PSE_without_fees_2026-04-13_to_2026-04-15/work_dir/backtests_eiie_20260415_045928_job74148_9gausy9d/runs/run_002/checkpoints/checkpoint-00008.pth: Copied (new)
2026/05/08 18:06:49 INFO  : PSE_without_fees_2026-04-13_to_2026-04-15/work_dir/backtests_eiie_20260415_045928_job74148_9gausy9d/runs/run_002/checkpoints/checkpoint-00009.pth: Copied (new)
2026/05/08 18:06:49 INFO  : PSE_without_fees_2026-04-13_to_2026-04-15/work_dir/backtests_eiie_20260415_045928_job74148_9gausy9d/runs/run_002/checkpoints/checkpoint-00010.pth: Copied (new)
2026/05/08 18:06:49 INFO  : PSE_without_fees_2026-04-13_to_2026-04-15/work_dir/backtests_eiie_20260415_140329_job74151_2odpu3ez/runs/run_001/checkpoints/checkpoint-00003.pth: Copied (new)
2026/05/08 18:06:49 INFO  : PSE_without_fees_2026-04-13_to_2026-04-15/work_dir/backtests_eiie_20260415_140329_job74151_2odpu3ez/runs/run_001/checkpoints/best.pth: Copied (new)
2026/05/08 18:06:49 INFO  : PSE_without_fees_2026-04-13_to_2026-04-15/work_dir/backtests_eiie_20260415_140329_job74151_2odpu3ez/runs/run_001/checkpoints/checkpoint-00001.pth: Copied (new)
2026/05/08 18:06:50 INFO  : PSE_without_fees_2026-04-13_to_2026-04-15/work_dir/backtests_eiie_20260415_140329_job74151_2odpu3ez/runs/run_001/checkpoints/checkpoint-00002.pth: Copied (new)
2026/05/08 18:06:51 INFO  : PSE_without_fees_2026-04-13_to_2026-04-15/work_dir/backtests_eiie_20260415_140329_job74151_2odpu3ez/runs/run_001/checkpoints/checkpoint-00005.pth: Copied (new)
2026/05/08 18:06:51 INFO  : PSE_without_fees_2026-04-13_to_2026-04-15/work_dir/backtests_eiie_20260415_140329_job74151_2odpu3ez/runs/run_001/checkpoints/checkpoint-00006.pth: Copied (new)
2026/05/08 18:06:51 INFO  : PSE_without_fees_2026-04-13_to_2026-04-15/work_dir/backtests_eiie_20260415_140329_job74151_2odpu3ez/runs/run_001/checkpoints/checkpoint-00004.pth: Copied (new)
2026/05/08 18:06:51 INFO  : PSE_without_fees_2026-04-13_to_2026-04-15/work_dir/backtests_eiie_20260415_140329_job74151_2odpu3ez/runs/run_001/checkpoints/checkpoint-00007.pth: Copied (new)
2026/05/08 18:06:51 INFO  : PSE_without_fees_2026-04-13_to_2026-04-15/work_dir/backtests_eiie_20260415_140329_job74151_2odpu3ez/runs/run_001/checkpoints/checkpoint-00010.pth: Copied (new)
2026/05/08 18:06:52 INFO  : PSE_without_fees_2026-04-13_to_2026-04-15/work_dir/backtests_eiie_20260415_140329_job74151_2odpu3ez/runs/run_001/checkpoints/checkpoint-00009.pth: Copied (new)
2026/05/08 18:06:55 INFO  : PSE_without_fees_2026-04-13_to_2026-04-15/work_dir/backtests_eiie_20260415_140329_job74151_2odpu3ez/runs/run_001/checkpoints/checkpoint-00008.pth: Copied (new)
2026/05/08 18:06:55 INFO  : PSE_without_fees_2026-04-13_to_2026-04-15/work_dir/backtests_eiie_20260414_045947_job74140_h8ucwjhj/runs/run_005/daily_turnover.json: Copied (new)
2026/05/08 18:06:55 INFO  : PSE_without_fees_2026-04-13_to_2026-04-15/work_dir/backtests_eiie_20260414_045947_job74140_h8ucwjhj/runs/run_005/daily_trades.json: Copied (new)
2026/05/08 18:06:55 INFO  : PSE_without_fees_2026-04-13_to_2026-04-15/work_dir/backtests_eiie_20260414_045947_job74140_h8ucwjhj/runs/run_005/equity_curve.csv: Copied (new)
2026/05/08 18:06:55 INFO  : PSE_without_fees_2026-04-13_to_2026-04-15/work_dir/backtests_eiie_20260414_045947_job74140_h8ucwjhj/runs/run_005/metrics.json: Copied (new)
2026/05/08 18:06:55 INFO  : PSE_without_fees_2026-04-13_to_2026-04-15/work_dir/backtests_eiie_20260414_045947_job74140_h8ucwjhj/runs/run_005/Visualization_test.png: Copied (new)
2026/05/08 18:06:56 INFO  : PSE_without_fees_2026-04-13_to_2026-04-15/work_dir/backtests_eiie_20260414_045947_job74140_h8ucwjhj/runs/run_005/Visualization_valid.png: Copied (new)
2026/05/08 18:06:56 INFO  : PSE_without_fees_2026-04-13_to_2026-04-15/work_dir/backtests_eiie_20260414_045947_job74140_h8ucwjhj/runs/run_005/equity_curve.png: Copied (new)
2026/05/08 18:06:59 INFO  : PSE_without_fees_2026-04-13_to_2026-04-15/work_dir/backtests_eiie_20260414_195953_job74145__xmyv0fz/runs/run_003/checkpoints/best.pth: Copied (new)
2026/05/08 18:06:59 INFO  : PSE_without_fees_2026-04-13_to_2026-04-15/work_dir/backtests_eiie_20260414_195953_job74145__xmyv0fz/runs/run_003/checkpoints/checkpoint-00004.pth: Copied (new)
2026/05/08 18:06:59 INFO  : PSE_without_fees_2026-04-13_to_2026-04-15/work_dir/backtests_eiie_20260414_195953_job74145__xmyv0fz/runs/run_003/checkpoints/checkpoint-00002.pth: Copied (new)
2026/05/08 18:06:59 INFO  : PSE_without_fees_2026-04-13_to_2026-04-15/work_dir/backtests_eiie_20260414_195953_job74145__xmyv0fz/runs/run_003/checkpoints/checkpoint-00006.pth: Copied (new)
2026/05/08 18:06:59 INFO  : PSE_without_fees_2026-04-13_to_2026-04-15/work_dir/backtests_eiie_20260414_195953_job74145__xmyv0fz/runs/run_003/checkpoints/checkpoint-00003.pth: Copied (new)
2026/05/08 18:06:59 INFO  : PSE_without_fees_2026-04-13_to_2026-04-15/work_dir/backtests_eiie_20260414_195953_job74145__xmyv0fz/runs/run_003/checkpoints/checkpoint-00007.pth: Copied (new)
2026/05/08 18:06:59 INFO  : PSE_without_fees_2026-04-13_to_2026-04-15/work_dir/backtests_eiie_20260414_195953_job74145__xmyv0fz/runs/run_003/checkpoints/checkpoint-00001.pth: Copied (new)
2026/05/08 18:07:00 INFO  : PSE_without_fees_2026-04-13_to_2026-04-15/work_dir/backtests_eiie_20260414_195953_job74145__xmyv0fz/runs/run_003/checkpoints/checkpoint-00005.pth: Copied (new)
2026/05/08 18:07:03 INFO  : PSE_without_fees_2026-04-13_to_2026-04-15/work_dir/backtests_eiie_20260414_195953_job74145__xmyv0fz/runs/run_003/checkpoints/checkpoint-00008.pth: Copied (new)
2026/05/08 18:07:03 INFO  : PSE_without_fees_2026-04-13_to_2026-04-15/work_dir/backtests_eiie_20260414_195953_job74145__xmyv0fz/runs/run_003/checkpoints/checkpoint-00010.pth: Copied (new)
2026/05/08 18:07:03 INFO  : NYSE_without_fees_2026-04-13_to_2026-04-15/work_dir/backtests_eiie_20260414_195750_job74128_o_ywey2v/runs/run_005/checkpoints/best.pth: Copied (new)
2026/05/08 18:07:04 INFO  : NYSE_without_fees_2026-04-13_to_2026-04-15/work_dir/backtests_eiie_20260414_195750_job74128_o_ywey2v/runs/run_005/checkpoints/checkpoint-00002.pth: Copied (new)
2026/05/08 18:07:04 INFO  : PSE_without_fees_2026-04-13_to_2026-04-15/work_dir/backtests_eiie_20260414_195953_job74145__xmyv0fz/runs/run_003/checkpoints/checkpoint-00009.pth: Copied (new)
2026/05/08 18:07:04 INFO  : NYSE_without_fees_2026-04-13_to_2026-04-15/work_dir/backtests_eiie_20260414_195750_job74128_o_ywey2v/runs/run_005/checkpoints/checkpoint-00004.pth: Copied (new)
2026/05/08 18:07:04 INFO  : NYSE_without_fees_2026-04-13_to_2026-04-15/work_dir/backtests_eiie_20260414_195750_job74128_o_ywey2v/runs/run_005/checkpoints/checkpoint-00001.pth: Copied (new)
2026/05/08 18:07:04 INFO  : NYSE_without_fees_2026-04-13_to_2026-04-15/work_dir/backtests_eiie_20260414_195750_job74128_o_ywey2v/runs/run_005/checkpoints/checkpoint-00003.pth: Copied (new)
2026/05/08 18:07:24 INFO  : NYSE_without_fees_2026-04-13_to_2026-04-15/work_dir/backtests_eiie_20260414_195750_job74128_o_ywey2v/runs/run_005/checkpoints/checkpoint-00007.pth: Copied (new)
2026/05/08 18:07:24 INFO  : NYSE_without_fees_2026-04-13_to_2026-04-15/work_dir/backtests_eiie_20260414_195750_job74128_o_ywey2v/runs/run_005/checkpoints/checkpoint-00009.pth: Copied (new)
2026/05/08 18:07:24 INFO  : NYSE_without_fees_2026-04-13_to_2026-04-15/work_dir/backtests_eiie_20260414_195750_job74128_o_ywey2v/runs/run_005/checkpoints/checkpoint-00006.pth: Copied (new)
2026/05/08 18:07:24 INFO  : NYSE_without_fees_2026-04-13_to_2026-04-15/work_dir/backtests_eiie_20260414_195750_job74128_o_ywey2v/runs/run_005/checkpoints/checkpoint-00008.pth: Copied (new)
2026/05/08 18:07:24 INFO  : NYSE_without_fees_2026-04-13_to_2026-04-15/work_dir/backtests_eiie_20260413_165222_job74120_idnmrt72/runs/run_001/Visualization_test.png: Copied (new)
2026/05/08 18:07:27 INFO  : NYSE_without_fees_2026-04-13_to_2026-04-15/work_dir/backtests_eiie_20260413_165222_job74120_idnmrt72/runs/run_001/metrics.json: Copied (new)
2026/05/08 18:07:27 INFO  : NYSE_without_fees_2026-04-13_to_2026-04-15/work_dir/backtests_eiie_20260413_165222_job74120_idnmrt72/runs/run_001/daily_turnover.json: Copied (new)
2026/05/08 18:07:27 INFO  : NYSE_without_fees_2026-04-13_to_2026-04-15/work_dir/backtests_eiie_20260413_165222_job74120_idnmrt72/runs/run_001/daily_trades.json: Copied (new)
2026/05/08 18:07:27 INFO  : NYSE_without_fees_2026-04-13_to_2026-04-15/work_dir/backtests_eiie_20260413_165222_job74120_idnmrt72/runs/run_001/Visualization_valid.png: Copied (new)
2026/05/08 18:07:28 INFO  : NYSE_without_fees_2026-04-13_to_2026-04-15/work_dir/backtests_eiie_20260414_195750_job74128_o_ywey2v/runs/run_005/checkpoints/checkpoint-00010.pth: Copied (new)
2026/05/08 18:07:31 INFO  : NYSE_without_fees_2026-04-13_to_2026-04-15/work_dir/backtests_eiie_20260415_023409_job74130_ujrrbycv/runs/run_005/checkpoints/best.pth: Copied (new)
2026/05/08 18:07:31 INFO  : NYSE_without_fees_2026-04-13_to_2026-04-15/work_dir/backtests_eiie_20260413_165222_job74120_idnmrt72/runs/run_001/equity_curve.csv: Copied (new)
2026/05/08 18:07:31 INFO  : NYSE_without_fees_2026-04-13_to_2026-04-15/work_dir/backtests_eiie_20260414_195750_job74128_o_ywey2v/runs/run_005/checkpoints/checkpoint-00005.pth: Copied (new)
2026/05/08 18:07:31 INFO  : NYSE_without_fees_2026-04-13_to_2026-04-15/work_dir/backtests_eiie_20260415_023409_job74130_ujrrbycv/runs/run_005/checkpoints/checkpoint-00001.pth: Copied (new)
2026/05/08 18:07:31 INFO  : NYSE_without_fees_2026-04-13_to_2026-04-15/work_dir/backtests_eiie_20260415_023409_job74130_ujrrbycv/runs/run_005/checkpoints/checkpoint-00003.pth: Copied (new)
2026/05/08 18:07:31 INFO  : NYSE_without_fees_2026-04-13_to_2026-04-15/work_dir/backtests_eiie_20260415_023409_job74130_ujrrbycv/runs/run_005/checkpoints/checkpoint-00002.pth: Copied (new)
2026/05/08 18:07:31 INFO  : NYSE_without_fees_2026-04-13_to_2026-04-15/work_dir/backtests_eiie_20260415_023409_job74130_ujrrbycv/runs/run_005/checkpoints/checkpoint-00004.pth: Copied (new)
2026/05/08 18:07:31 INFO  : NYSE_without_fees_2026-04-13_to_2026-04-15/work_dir/backtests_eiie_20260413_165222_job74120_idnmrt72/runs/run_001/equity_curve.png: Copied (new)
2026/05/08 18:07:33 INFO  : NYSE_without_fees_2026-04-13_to_2026-04-15/work_dir/backtests_eiie_20260415_023409_job74130_ujrrbycv/runs/run_005/checkpoints/checkpoint-00006.pth: Copied (new)
2026/05/08 18:07:33 INFO  : NYSE_without_fees_2026-04-13_to_2026-04-15/work_dir/backtests_eiie_20260415_023409_job74130_ujrrbycv/runs/run_005/checkpoints/checkpoint-00005.pth: Copied (new)
2026/05/08 18:07:35 INFO  : NYSE_without_fees_2026-04-13_to_2026-04-15/work_dir/backtests_eiie_20260415_023409_job74130_ujrrbycv/runs/run_005/checkpoints/checkpoint-00008.pth: Copied (new)
2026/05/08 18:07:35 INFO  : NYSE_without_fees_2026-04-13_to_2026-04-15/work_dir/backtests_eiie_20260415_023409_job74130_ujrrbycv/runs/run_005/checkpoints/checkpoint-00010.pth: Copied (new)
2026/05/08 18:07:35 INFO  : NYSE_without_fees_2026-04-13_to_2026-04-15/work_dir/backtests_eiie_20260415_023409_job74130_ujrrbycv/runs/run_005/checkpoints/checkpoint-00009.pth: Copied (new)
2026/05/08 18:07:35 INFO  : NYSE_without_fees_2026-04-13_to_2026-04-15/work_dir/backtests_eiie_20260415_023409_job74130_ujrrbycv/runs/run_005/checkpoints/checkpoint-00007.pth: Copied (new)
2026/05/08 18:07:35 INFO  : PSE_without_fees_2026-04-13_to_2026-04-15/work_dir/backtests_eiie_20260415_140329_job74151_2odpu3ez/runs/run_003/daily_trades.json: Copied (new)
2026/05/08 18:07:36 INFO  : PSE_without_fees_2026-04-13_to_2026-04-15/work_dir/backtests_eiie_20260415_140329_job74151_2odpu3ez/runs/run_003/Visualization_test.png: Copied (new)
2026/05/08 18:07:36 INFO  : PSE_without_fees_2026-04-13_to_2026-04-15/work_dir/backtests_eiie_20260415_140329_job74151_2odpu3ez/runs/run_003/daily_turnover.json: Copied (new)
2026/05/08 18:07:36 INFO  : PSE_without_fees_2026-04-13_to_2026-04-15/work_dir/backtests_eiie_20260415_140329_job74151_2odpu3ez/runs/run_003/Visualization_valid.png: Copied (new)
2026/05/08 18:07:41 INFO  : PSE_without_fees_2026-04-13_to_2026-04-15/work_dir/backtests_eiie_20260415_140329_job74151_2odpu3ez/runs/run_003/metrics.json: Copied (new)
2026/05/08 18:07:41 INFO  : PSE_without_fees_2026-04-13_to_2026-04-15/work_dir/backtests_eiie_20260414_075610_job74141_jxq9e3d_/runs/run_005/daily_turnover.json: Copied (new)
2026/05/08 18:07:42 INFO  : PSE_without_fees_2026-04-13_to_2026-04-15/work_dir/backtests_eiie_20260414_075610_job74141_jxq9e3d_/runs/run_005/daily_trades.json: Copied (new)
2026/05/08 18:07:42 INFO  : PSE_without_fees_2026-04-13_to_2026-04-15/work_dir/backtests_eiie_20260414_075610_job74141_jxq9e3d_/runs/run_005/equity_curve.csv: Copied (new)
2026/05/08 18:07:42 INFO  : PSE_without_fees_2026-04-13_to_2026-04-15/work_dir/backtests_eiie_20260415_140329_job74151_2odpu3ez/runs/run_003/equity_curve.png: Copied (new)
2026/05/08 18:07:42 INFO  : PSE_without_fees_2026-04-13_to_2026-04-15/work_dir/backtests_eiie_20260414_075610_job74141_jxq9e3d_/runs/run_005/Visualization_test.png: Copied (new)
2026/05/08 18:07:42 INFO  : PSE_without_fees_2026-04-13_to_2026-04-15/work_dir/backtests_eiie_20260415_140329_job74151_2odpu3ez/runs/run_003/equity_curve.csv: Copied (new)
2026/05/08 18:07:42 INFO  : PSE_without_fees_2026-04-13_to_2026-04-15/work_dir/backtests_eiie_20260414_075610_job74141_jxq9e3d_/runs/run_005/Visualization_valid.png: Copied (new)
2026/05/08 18:07:44 INFO  : PSE_without_fees_2026-04-13_to_2026-04-15/work_dir/backtests_eiie_20260414_075610_job74141_jxq9e3d_/runs/run_005/equity_curve.png: Copied (new)
2026/05/08 18:07:45 INFO  : PSE_without_fees_2026-04-13_to_2026-04-15/work_dir/backtests_eiie_20260414_075610_job74141_jxq9e3d_/runs/run_005/metrics.json: Copied (new)
2026/05/08 18:07:45 INFO  : NYSE_without_fees_2026-04-13_to_2026-04-15/work_dir/backtests_eiie_20260415_191636_job74135_ysebkrl3/runs/run_005/checkpoints/best.pth: Copied (new)
2026/05/08 18:07:46 INFO  : NYSE_without_fees_2026-04-13_to_2026-04-15/work_dir/backtests_eiie_20260415_191636_job74135_ysebkrl3/runs/run_005/checkpoints/checkpoint-00002.pth: Copied (new)
2026/05/08 18:07:46 INFO  : NYSE_without_fees_2026-04-13_to_2026-04-15/work_dir/backtests_eiie_20260415_191636_job74135_ysebkrl3/runs/run_005/checkpoints/checkpoint-00003.pth: Copied (new)
2026/05/08 18:07:46 INFO  : NYSE_without_fees_2026-04-13_to_2026-04-15/work_dir/backtests_eiie_20260415_191636_job74135_ysebkrl3/runs/run_005/checkpoints/checkpoint-00005.pth: Copied (new)
2026/05/08 18:07:46 INFO  : NYSE_without_fees_2026-04-13_to_2026-04-15/work_dir/backtests_eiie_20260415_191636_job74135_ysebkrl3/runs/run_005/checkpoints/checkpoint-00004.pth: Copied (new)
2026/05/08 18:07:46 INFO  : NYSE_without_fees_2026-04-13_to_2026-04-15/work_dir/backtests_eiie_20260415_191636_job74135_ysebkrl3/runs/run_005/checkpoints/checkpoint-00006.pth: Copied (new)
2026/05/08 18:07:48 INFO  : NYSE_without_fees_2026-04-13_to_2026-04-15/work_dir/backtests_eiie_20260415_191636_job74135_ysebkrl3/runs/run_005/checkpoints/checkpoint-00007.pth: Copied (new)
2026/05/08 18:07:48 INFO  : NYSE_without_fees_2026-04-13_to_2026-04-15/work_dir/backtests_eiie_20260415_191636_job74135_ysebkrl3/runs/run_005/checkpoints/checkpoint-00008.pth: Copied (new)
2026/05/08 18:07:50 INFO  : NYSE_without_fees_2026-04-13_to_2026-04-15/work_dir/backtests_eiie_20260415_191636_job74135_ysebkrl3/runs/run_005/checkpoints/checkpoint-00010.pth: Copied (new)
2026/05/08 18:07:50 INFO  : PSE_without_fees_2026-04-13_to_2026-04-15/work_dir/backtests_eiie_20260414_105331_job74142_ufplj8k7/runs/run_004/checkpoints/best.pth: Copied (new)
2026/05/08 18:07:50 INFO  : NYSE_without_fees_2026-04-13_to_2026-04-15/work_dir/backtests_eiie_20260415_191636_job74135_ysebkrl3/runs/run_005/checkpoints/checkpoint-00001.pth: Copied (new)
2026/05/08 18:07:50 INFO  : NYSE_without_fees_2026-04-13_to_2026-04-15/work_dir/backtests_eiie_20260415_191636_job74135_ysebkrl3/runs/run_005/checkpoints/checkpoint-00009.pth: Copied (new)
2026/05/08 18:07:50 INFO  : PSE_without_fees_2026-04-13_to_2026-04-15/work_dir/backtests_eiie_20260414_105331_job74142_ufplj8k7/runs/run_004/checkpoints/checkpoint-00003.pth: Copied (new)
2026/05/08 18:07:51 INFO  : PSE_without_fees_2026-04-13_to_2026-04-15/work_dir/backtests_eiie_20260414_105331_job74142_ufplj8k7/runs/run_004/checkpoints/checkpoint-00001.pth: Copied (new)
2026/05/08 18:07:51 INFO  : PSE_without_fees_2026-04-13_to_2026-04-15/work_dir/backtests_eiie_20260414_105331_job74142_ufplj8k7/runs/run_004/checkpoints/checkpoint-00004.pth: Copied (new)
2026/05/08 18:07:51 INFO  : PSE_without_fees_2026-04-13_to_2026-04-15/work_dir/backtests_eiie_20260414_105331_job74142_ufplj8k7/runs/run_004/checkpoints/checkpoint-00002.pth: Copied (new)
2026/05/08 18:07:52 INFO  : PSE_without_fees_2026-04-13_to_2026-04-15/work_dir/backtests_eiie_20260414_105331_job74142_ufplj8k7/runs/run_004/checkpoints/checkpoint-00007.pth: Copied (new)
2026/05/08 18:07:53 INFO  : PSE_without_fees_2026-04-13_to_2026-04-15/work_dir/backtests_eiie_20260414_105331_job74142_ufplj8k7/runs/run_004/checkpoints/checkpoint-00005.pth: Copied (new)
2026/05/08 18:07:53 INFO  : PSE_without_fees_2026-04-13_to_2026-04-15/work_dir/backtests_eiie_20260414_105331_job74142_ufplj8k7/runs/run_004/checkpoints/checkpoint-00006.pth: Copied (new)
2026/05/08 18:07:55 INFO  : PSE_without_fees_2026-04-13_to_2026-04-15/work_dir/backtests_eiie_20260414_135115_job74143_q08j1hi1/runs/run_004/checkpoints/best.pth: Copied (new)
2026/05/08 18:07:55 INFO  : PSE_without_fees_2026-04-13_to_2026-04-15/work_dir/backtests_eiie_20260414_105331_job74142_ufplj8k7/runs/run_004/checkpoints/checkpoint-00009.pth: Copied (new)
2026/05/08 18:07:55 INFO  : PSE_without_fees_2026-04-13_to_2026-04-15/work_dir/backtests_eiie_20260414_105331_job74142_ufplj8k7/runs/run_004/checkpoints/checkpoint-00010.pth: Copied (new)
2026/05/08 18:07:55 INFO  : PSE_without_fees_2026-04-13_to_2026-04-15/work_dir/backtests_eiie_20260414_105331_job74142_ufplj8k7/runs/run_004/checkpoints/checkpoint-00008.pth: Copied (new)
2026/05/08 18:07:55 INFO  : PSE_without_fees_2026-04-13_to_2026-04-15/work_dir/backtests_eiie_20260414_135115_job74143_q08j1hi1/runs/run_004/checkpoints/checkpoint-00001.pth: Copied (new)
2026/05/08 18:07:55 INFO  : PSE_without_fees_2026-04-13_to_2026-04-15/work_dir/backtests_eiie_20260414_135115_job74143_q08j1hi1/runs/run_004/checkpoints/checkpoint-00002.pth: Copied (new)
2026/05/08 18:07:55 INFO  : PSE_without_fees_2026-04-13_to_2026-04-15/work_dir/backtests_eiie_20260414_135115_job74143_q08j1hi1/runs/run_004/checkpoints/checkpoint-00003.pth: Copied (new)
2026/05/08 18:07:55 INFO  : PSE_without_fees_2026-04-13_to_2026-04-15/work_dir/backtests_eiie_20260414_135115_job74143_q08j1hi1/runs/run_004/checkpoints/checkpoint-00004.pth: Copied (new)
2026/05/08 18:07:57 INFO  : PSE_without_fees_2026-04-13_to_2026-04-15/work_dir/backtests_eiie_20260414_135115_job74143_q08j1hi1/runs/run_004/checkpoints/checkpoint-00006.pth: Copied (new)
2026/05/08 18:07:57 INFO  : PSE_without_fees_2026-04-13_to_2026-04-15/work_dir/backtests_eiie_20260414_135115_job74143_q08j1hi1/runs/run_004/checkpoints/checkpoint-00005.pth: Copied (new)
2026/05/08 18:07:57 INFO  : PSE_without_fees_2026-04-13_to_2026-04-15/work_dir/backtests_eiie_20260414_135115_job74143_q08j1hi1/runs/run_004/checkpoints/checkpoint-00008.pth: Copied (new)
2026/05/08 18:07:59 INFO  : PSE_without_fees_2026-04-13_to_2026-04-15/work_dir/backtests_eiie_20260414_135115_job74143_q08j1hi1/runs/run_004/checkpoints/checkpoint-00007.pth: Copied (new)
2026/05/08 18:07:59 INFO  : PSE_without_fees_2026-04-13_to_2026-04-15/work_dir/backtests_eiie_20260414_015729_job74139_46bfn538/runs/run_004/checkpoints/best.pth: Copied (new)
2026/05/08 18:07:59 INFO  : PSE_without_fees_2026-04-13_to_2026-04-15/work_dir/backtests_eiie_20260414_135115_job74143_q08j1hi1/runs/run_004/checkpoints/checkpoint-00010.pth: Copied (new)
2026/05/08 18:07:59 INFO  : PSE_without_fees_2026-04-13_to_2026-04-15/work_dir/backtests_eiie_20260414_135115_job74143_q08j1hi1/runs/run_004/checkpoints/checkpoint-00009.pth: Copied (new)
2026/05/08 18:07:59 INFO  : PSE_without_fees_2026-04-13_to_2026-04-15/work_dir/backtests_eiie_20260414_015729_job74139_46bfn538/runs/run_004/checkpoints/checkpoint-00003.pth: Copied (new)
2026/05/08 18:07:59 INFO  : PSE_without_fees_2026-04-13_to_2026-04-15/work_dir/backtests_eiie_20260414_015729_job74139_46bfn538/runs/run_004/checkpoints/checkpoint-00004.pth: Copied (new)
2026/05/08 18:08:00 INFO  : PSE_without_fees_2026-04-13_to_2026-04-15/work_dir/backtests_eiie_20260414_015729_job74139_46bfn538/runs/run_004/checkpoints/checkpoint-00001.pth: Copied (new)
2026/05/08 18:08:00 INFO  : PSE_without_fees_2026-04-13_to_2026-04-15/work_dir/backtests_eiie_20260414_015729_job74139_46bfn538/runs/run_004/checkpoints/checkpoint-00002.pth: Copied (new)
2026/05/08 18:08:38 INFO  : PSE_without_fees_2026-04-13_to_2026-04-15/work_dir/backtests_eiie_20260414_015729_job74139_46bfn538/runs/run_004/checkpoints/checkpoint-00008.pth: Copied (new)
2026/05/08 18:08:38 INFO  : PSE_without_fees_2026-04-13_to_2026-04-15/work_dir/backtests_eiie_20260414_015729_job74139_46bfn538/runs/run_004/checkpoints/checkpoint-00009.pth: Copied (new)
2026/05/08 18:08:38 INFO  : PSE_without_fees_2026-04-13_to_2026-04-15/work_dir/backtests_eiie_20260414_015729_job74139_46bfn538/runs/run_004/checkpoints/checkpoint-00010.pth: Copied (new)
2026/05/08 18:08:38 INFO  : PSE_without_fees_2026-04-13_to_2026-04-15/work_dir/backtests_eiie_20260414_015729_job74139_46bfn538/runs/run_004/checkpoints/checkpoint-00007.pth: Copied (new)
2026/05/08 18:08:39 INFO  : PSE_without_fees_2026-04-13_to_2026-04-15/work_dir/backtests_eiie_20260414_015729_job74139_46bfn538/runs/run_004/checkpoints/checkpoint-00005.pth: Copied (new)
2026/05/08 18:08:39 INFO  : PSE_without_fees_2026-04-13_to_2026-04-15/work_dir/backtests_eiie_20260414_015729_job74139_46bfn538/runs/run_004/checkpoints/checkpoint-00006.pth: Copied (new)
2026/05/08 18:08:39 INFO  : PSE_without_fees_2026-04-13_to_2026-04-15/work_dir/backtests_eiie_20260414_195953_job74145__xmyv0fz/runs/run_005/Visualization_test.png: Copied (new)
2026/05/08 18:08:40 INFO  : PSE_without_fees_2026-04-13_to_2026-04-15/work_dir/backtests_eiie_20260414_195953_job74145__xmyv0fz/runs/run_005/Visualization_valid.png: Copied (new)
2026/05/08 18:08:41 INFO  : PSE_without_fees_2026-04-13_to_2026-04-15/work_dir/backtests_eiie_20260414_195953_job74145__xmyv0fz/runs/run_005/daily_trades.json: Copied (new)
2026/05/08 18:08:41 INFO  : PSE_without_fees_2026-04-13_to_2026-04-15/work_dir/backtests_eiie_20260414_195953_job74145__xmyv0fz/runs/run_005/daily_turnover.json: Copied (new)
2026/05/08 18:08:42 INFO  : PSE_without_fees_2026-04-13_to_2026-04-15/work_dir/backtests_eiie_20260414_195953_job74145__xmyv0fz/runs/run_005/equity_curve.png: Copied (new)
2026/05/08 18:08:42 INFO  : PSE_without_fees_2026-04-13_to_2026-04-15/work_dir/backtests_eiie_20260414_195953_job74145__xmyv0fz/runs/run_005/metrics.json: Copied (new)
2026/05/08 18:08:43 INFO  : PSE_without_fees_2026-04-13_to_2026-04-15/work_dir/backtests_eiie_20260413_165222_job74136_gkc4fhnc/runs/run_004/checkpoints/best.pth: Copied (new)
2026/05/08 18:08:43 INFO  : PSE_without_fees_2026-04-13_to_2026-04-15/work_dir/backtests_eiie_20260413_165222_job74136_gkc4fhnc/runs/run_004/checkpoints/checkpoint-00001.pth: Copied (new)
2026/05/08 18:08:43 INFO  : PSE_without_fees_2026-04-13_to_2026-04-15/work_dir/backtests_eiie_20260413_165222_job74136_gkc4fhnc/runs/run_004/checkpoints/checkpoint-00002.pth: Copied (new)
2026/05/08 18:08:43 INFO  : PSE_without_fees_2026-04-13_to_2026-04-15/work_dir/backtests_eiie_20260413_165222_job74136_gkc4fhnc/runs/run_004/checkpoints/checkpoint-00003.pth: Copied (new)
2026/05/08 18:08:43 INFO  : PSE_without_fees_2026-04-13_to_2026-04-15/work_dir/backtests_eiie_20260413_165222_job74136_gkc4fhnc/runs/run_004/checkpoints/checkpoint-00004.pth: Copied (new)
2026/05/08 18:08:45 INFO  : PSE_without_fees_2026-04-13_to_2026-04-15/work_dir/backtests_eiie_20260413_165222_job74136_gkc4fhnc/runs/run_004/checkpoints/checkpoint-00005.pth: Copied (new)
2026/05/08 18:08:45 INFO  : PSE_without_fees_2026-04-13_to_2026-04-15/work_dir/backtests_eiie_20260413_165222_job74136_gkc4fhnc/runs/run_004/checkpoints/checkpoint-00007.pth: Copied (new)
2026/05/08 18:08:45 INFO  : PSE_without_fees_2026-04-13_to_2026-04-15/work_dir/backtests_eiie_20260413_165222_job74136_gkc4fhnc/runs/run_004/checkpoints/checkpoint-00006.pth: Copied (new)
2026/05/08 18:08:45 INFO  : PSE_without_fees_2026-04-13_to_2026-04-15/work_dir/backtests_eiie_20260413_165222_job74136_gkc4fhnc/runs/run_004/checkpoints/checkpoint-00008.pth: Copied (new)
2026/05/08 18:08:47 INFO  : PSE_without_fees_2026-04-13_to_2026-04-15/work_dir/backtests_eiie_20260414_225950_job74146_ur5evt9d/runs/run_004/checkpoints/best.pth: Copied (new)
2026/05/08 18:08:47 INFO  : PSE_without_fees_2026-04-13_to_2026-04-15/work_dir/backtests_eiie_20260413_165222_job74136_gkc4fhnc/runs/run_004/checkpoints/checkpoint-00010.pth: Copied (new)
2026/05/08 18:08:47 INFO  : PSE_without_fees_2026-04-13_to_2026-04-15/work_dir/backtests_eiie_20260413_165222_job74136_gkc4fhnc/runs/run_004/checkpoints/checkpoint-00009.pth: Copied (new)
2026/05/08 18:08:47 INFO  : PSE_without_fees_2026-04-13_to_2026-04-15/work_dir/backtests_eiie_20260414_225950_job74146_ur5evt9d/runs/run_004/checkpoints/checkpoint-00002.pth: Copied (new)
2026/05/08 18:08:48 INFO  : PSE_without_fees_2026-04-13_to_2026-04-15/work_dir/backtests_eiie_20260414_225950_job74146_ur5evt9d/runs/run_004/checkpoints/checkpoint-00001.pth: Copied (new)
2026/05/08 18:08:48 INFO  : PSE_without_fees_2026-04-13_to_2026-04-15/work_dir/backtests_eiie_20260414_225950_job74146_ur5evt9d/runs/run_004/checkpoints/checkpoint-00003.pth: Copied (new)
2026/05/08 18:08:48 INFO  : PSE_without_fees_2026-04-13_to_2026-04-15/work_dir/backtests_eiie_20260414_225950_job74146_ur5evt9d/runs/run_004/checkpoints/checkpoint-00004.pth: Copied (new)
2026/05/08 18:08:49 INFO  : PSE_without_fees_2026-04-13_to_2026-04-15/work_dir/backtests_eiie_20260414_225950_job74146_ur5evt9d/runs/run_004/checkpoints/checkpoint-00005.pth: Copied (new)
2026/05/08 18:08:49 INFO  : PSE_without_fees_2026-04-13_to_2026-04-15/work_dir/backtests_eiie_20260414_225950_job74146_ur5evt9d/runs/run_004/checkpoints/checkpoint-00007.pth: Copied (new)
2026/05/08 18:08:49 INFO  : PSE_without_fees_2026-04-13_to_2026-04-15/work_dir/backtests_eiie_20260414_225950_job74146_ur5evt9d/runs/run_004/checkpoints/checkpoint-00006.pth: Copied (new)
2026/05/08 18:08:52 INFO  : PSE_without_fees_2026-04-13_to_2026-04-15/work_dir/backtests_eiie_20260414_225950_job74146_ur5evt9d/runs/run_004/checkpoints/checkpoint-00008.pth: Copied (new)
2026/05/08 18:08:52 INFO  : PSE_without_fees_2026-04-13_to_2026-04-15/work_dir/backtests_eiie_20260414_225950_job74146_ur5evt9d/runs/run_004/checkpoints/checkpoint-00010.pth: Copied (new)
2026/05/08 18:08:52 INFO  : PSE_without_fees_2026-04-13_to_2026-04-15/work_dir/backtests_eiie_20260415_110513_job74150_f5h5w0n8/runs/run_002/checkpoints/best.pth: Copied (new)
2026/05/08 18:08:52 INFO  : PSE_without_fees_2026-04-13_to_2026-04-15/work_dir/backtests_eiie_20260415_110513_job74150_f5h5w0n8/runs/run_002/checkpoints/checkpoint-00002.pth: Copied (new)
2026/05/08 18:08:52 INFO  : PSE_without_fees_2026-04-13_to_2026-04-15/work_dir/backtests_eiie_20260415_110513_job74150_f5h5w0n8/runs/run_002/checkpoints/checkpoint-00001.pth: Copied (new)
2026/05/08 18:08:52 INFO  : PSE_without_fees_2026-04-13_to_2026-04-15/work_dir/backtests_eiie_20260414_225950_job74146_ur5evt9d/runs/run_004/checkpoints/checkpoint-00009.pth: Copied (new)
2026/05/08 18:08:52 INFO  : PSE_without_fees_2026-04-13_to_2026-04-15/work_dir/backtests_eiie_20260415_110513_job74150_f5h5w0n8/runs/run_002/checkpoints/checkpoint-00003.pth: Copied (new)
2026/05/08 18:08:54 INFO  : PSE_without_fees_2026-04-13_to_2026-04-15/work_dir/backtests_eiie_20260415_110513_job74150_f5h5w0n8/runs/run_002/checkpoints/checkpoint-00006.pth: Copied (new)
2026/05/08 18:08:54 INFO  : PSE_without_fees_2026-04-13_to_2026-04-15/work_dir/backtests_eiie_20260415_110513_job74150_f5h5w0n8/runs/run_002/checkpoints/checkpoint-00004.pth: Copied (new)
2026/05/08 18:08:54 INFO  : PSE_without_fees_2026-04-13_to_2026-04-15/work_dir/backtests_eiie_20260415_110513_job74150_f5h5w0n8/runs/run_002/checkpoints/checkpoint-00005.pth: Copied (new)
2026/05/08 18:08:54 INFO  : PSE_without_fees_2026-04-13_to_2026-04-15/work_dir/backtests_eiie_20260415_110513_job74150_f5h5w0n8/runs/run_002/checkpoints/checkpoint-00009.pth: Copied (new)
2026/05/08 18:08:54 INFO  : PSE_without_fees_2026-04-13_to_2026-04-15/work_dir/backtests_eiie_20260415_110513_job74150_f5h5w0n8/runs/run_002/checkpoints/checkpoint-00010.pth: Copied (new)
2026/05/08 18:08:54 INFO  : PSE_without_fees_2026-04-13_to_2026-04-15/work_dir/backtests_eiie_20260415_110513_job74150_f5h5w0n8/runs/run_002/checkpoints/checkpoint-00007.pth: Copied (new)
2026/05/08 18:08:55 INFO  : PSE_without_fees_2026-04-13_to_2026-04-15/work_dir/backtests_eiie_20260415_110513_job74150_f5h5w0n8/runs/run_002/checkpoints/checkpoint-00008.pth: Copied (new)
2026/05/08 18:08:55 INFO  : PSE_without_fees_2026-04-13_to_2026-04-15/work_dir/backtests_eiie_20260414_195953_job74145__xmyv0fz/runs/run_005/equity_curve.csv: Copied (new)
2026/05/08 18:08:58 INFO  : PSE_without_fees_2026-04-13_to_2026-04-15/work_dir/backtests_eiie_20260415_080216_job74149_0mddw9l9/runs/run_004/Visualization_test.png: Copied (new)
2026/05/08 18:08:59 INFO  : PSE_without_fees_2026-04-13_to_2026-04-15/work_dir/backtests_eiie_20260415_080216_job74149_0mddw9l9/runs/run_004/daily_trades.json: Copied (new)
2026/05/08 18:08:59 INFO  : PSE_without_fees_2026-04-13_to_2026-04-15/work_dir/backtests_eiie_20260415_080216_job74149_0mddw9l9/runs/run_004/metrics.json: Copied (new)
2026/05/08 18:08:59 INFO  : NYSE_without_fees_2026-04-13_to_2026-04-15/work_dir/backtests_eiie_20260415_055739_job74131_tpjgyzkc/runs/run_005/checkpoints/best.pth: Copied (new)
2026/05/08 18:08:59 INFO  : PSE_without_fees_2026-04-13_to_2026-04-15/work_dir/backtests_eiie_20260415_080216_job74149_0mddw9l9/runs/run_004/daily_turnover.json: Copied (new)
2026/05/08 18:09:00 INFO  : PSE_without_fees_2026-04-13_to_2026-04-15/work_dir/backtests_eiie_20260415_080216_job74149_0mddw9l9/runs/run_004/equity_curve.csv: Copied (new)
2026/05/08 18:09:00 INFO  : PSE_without_fees_2026-04-13_to_2026-04-15/work_dir/backtests_eiie_20260415_080216_job74149_0mddw9l9/runs/run_004/Visualization_valid.png: Copied (new)
2026/05/08 18:09:00 INFO  : PSE_without_fees_2026-04-13_to_2026-04-15/work_dir/backtests_eiie_20260415_080216_job74149_0mddw9l9/runs/run_004/equity_curve.png: Copied (new)
2026/05/08 18:09:01 INFO  : NYSE_without_fees_2026-04-13_to_2026-04-15/work_dir/backtests_eiie_20260415_055739_job74131_tpjgyzkc/runs/run_005/checkpoints/checkpoint-00001.pth: Copied (new)
2026/05/08 18:09:02 INFO  : NYSE_without_fees_2026-04-13_to_2026-04-15/work_dir/backtests_eiie_20260415_055739_job74131_tpjgyzkc/runs/run_005/checkpoints/checkpoint-00003.pth: Copied (new)
2026/05/08 18:09:02 INFO  : NYSE_without_fees_2026-04-13_to_2026-04-15/work_dir/backtests_eiie_20260415_055739_job74131_tpjgyzkc/runs/run_005/checkpoints/checkpoint-00004.pth: Copied (new)
2026/05/08 18:09:02 INFO  : NYSE_without_fees_2026-04-13_to_2026-04-15/work_dir/backtests_eiie_20260415_055739_job74131_tpjgyzkc/runs/run_005/checkpoints/checkpoint-00002.pth: Copied (new)
2026/05/08 18:09:02 INFO  : NYSE_without_fees_2026-04-13_to_2026-04-15/work_dir/backtests_eiie_20260415_055739_job74131_tpjgyzkc/runs/run_005/checkpoints/checkpoint-00006.pth: Copied (new)
2026/05/08 18:09:02 INFO  : NYSE_without_fees_2026-04-13_to_2026-04-15/work_dir/backtests_eiie_20260415_055739_job74131_tpjgyzkc/runs/run_005/checkpoints/checkpoint-00005.pth: Copied (new)
2026/05/08 18:09:02 INFO  : NYSE_without_fees_2026-04-13_to_2026-04-15/work_dir/backtests_eiie_20260415_055739_job74131_tpjgyzkc/runs/run_005/checkpoints/checkpoint-00007.pth: Copied (new)
2026/05/08 18:09:02 INFO  : NYSE_without_fees_2026-04-13_to_2026-04-15/work_dir/backtests_eiie_20260415_055739_job74131_tpjgyzkc/runs/run_005/checkpoints/checkpoint-00008.pth: Copied (new)
2026/05/08 18:09:03 INFO  : NYSE_without_fees_2026-04-13_to_2026-04-15/work_dir/backtests_eiie_20260415_055739_job74131_tpjgyzkc/runs/run_005/checkpoints/checkpoint-00009.pth: Copied (new)
2026/05/08 18:09:05 INFO  : NYSE_without_fees_2026-04-13_to_2026-04-15/work_dir/backtests_eiie_20260415_055739_job74131_tpjgyzkc/runs/run_005/checkpoints/checkpoint-00010.pth: Copied (new)
2026/05/08 18:09:46 INFO  : PSE_without_fees_2026-04-13_to_2026-04-15/work_dir/backtests_eiie_20260415_045928_job74148_9gausy9d/runs/run_004/daily_turnover.json: Copied (new)
2026/05/08 18:09:46 INFO  : PSE_without_fees_2026-04-13_to_2026-04-15/work_dir/backtests_eiie_20260415_045928_job74148_9gausy9d/runs/run_004/metrics.json: Copied (new)
2026/05/08 18:09:46 INFO  : PSE_without_fees_2026-04-13_to_2026-04-15/work_dir/backtests_eiie_20260415_045928_job74148_9gausy9d/runs/run_004/daily_trades.json: Copied (new)
2026/05/08 18:09:46 INFO  : PSE_without_fees_2026-04-13_to_2026-04-15/work_dir/backtests_eiie_20260415_045928_job74148_9gausy9d/runs/run_004/equity_curve.csv: Copied (new)
2026/05/08 18:09:46 INFO  : PSE_without_fees_2026-04-13_to_2026-04-15/work_dir/backtests_eiie_20260415_045928_job74148_9gausy9d/runs/run_004/Visualization_test.png: Copied (new)
2026/05/08 18:09:46 INFO  : PSE_without_fees_2026-04-13_to_2026-04-15/work_dir/backtests_eiie_20260414_165644_job74144_dbwdzdc8/runs/run_005/Visualization_test.png: Copied (new)
2026/05/08 18:09:47 INFO  : PSE_without_fees_2026-04-13_to_2026-04-15/work_dir/backtests_eiie_20260415_045928_job74148_9gausy9d/runs/run_004/equity_curve.png: Copied (new)
2026/05/08 18:09:48 INFO  : PSE_without_fees_2026-04-13_to_2026-04-15/work_dir/backtests_eiie_20260415_045928_job74148_9gausy9d/runs/run_004/Visualization_valid.png: Copied (new)
2026/05/08 18:09:48 INFO  : PSE_without_fees_2026-04-13_to_2026-04-15/work_dir/backtests_eiie_20260414_165644_job74144_dbwdzdc8/runs/run_005/daily_trades.json: Copied (new)
2026/05/08 18:09:48 INFO  : PSE_without_fees_2026-04-13_to_2026-04-15/work_dir/backtests_eiie_20260414_165644_job74144_dbwdzdc8/runs/run_005/Visualization_valid.png: Copied (new)
2026/05/08 18:09:48 INFO  : PSE_without_fees_2026-04-13_to_2026-04-15/work_dir/backtests_eiie_20260414_165644_job74144_dbwdzdc8/runs/run_005/equity_curve.csv: Copied (new)
2026/05/08 18:09:50 INFO  : PSE_without_fees_2026-04-13_to_2026-04-15/work_dir/backtests_eiie_20260414_165644_job74144_dbwdzdc8/runs/run_005/metrics.json: Copied (new)
2026/05/08 18:09:51 INFO  : PSE_without_fees_2026-04-13_to_2026-04-15/work_dir/backtests_eiie_20260414_165644_job74144_dbwdzdc8/runs/run_005/daily_turnover.json: Copied (new)
2026/05/08 18:09:51 INFO  : PSE_without_fees_2026-04-13_to_2026-04-15/work_dir/backtests_eiie_20260415_020042_job74147_86qdx6pe/runs/run_003/checkpoints/checkpoint-00004.pth: Copied (new)
2026/05/08 18:09:51 INFO  : PSE_without_fees_2026-04-13_to_2026-04-15/work_dir/backtests_eiie_20260415_020042_job74147_86qdx6pe/runs/run_003/checkpoints/checkpoint-00003.pth: Copied (new)
2026/05/08 18:09:51 INFO  : PSE_without_fees_2026-04-13_to_2026-04-15/work_dir/backtests_eiie_20260414_165644_job74144_dbwdzdc8/runs/run_005/equity_curve.png: Copied (new)
2026/05/08 18:09:51 INFO  : PSE_without_fees_2026-04-13_to_2026-04-15/work_dir/backtests_eiie_20260415_020042_job74147_86qdx6pe/runs/run_003/checkpoints/checkpoint-00001.pth: Copied (new)
2026/05/08 18:09:51 INFO  : PSE_without_fees_2026-04-13_to_2026-04-15/work_dir/backtests_eiie_20260415_020042_job74147_86qdx6pe/runs/run_003/checkpoints/best.pth: Copied (new)
2026/05/08 18:09:51 INFO  : PSE_without_fees_2026-04-13_to_2026-04-15/work_dir/backtests_eiie_20260415_020042_job74147_86qdx6pe/runs/run_003/checkpoints/checkpoint-00002.pth: Copied (new)
2026/05/08 18:09:53 INFO  : PSE_without_fees_2026-04-13_to_2026-04-15/work_dir/backtests_eiie_20260415_020042_job74147_86qdx6pe/runs/run_003/checkpoints/checkpoint-00005.pth: Copied (new)
2026/05/08 18:09:53 INFO  : PSE_without_fees_2026-04-13_to_2026-04-15/work_dir/backtests_eiie_20260415_020042_job74147_86qdx6pe/runs/run_003/checkpoints/checkpoint-00007.pth: Copied (new)
2026/05/08 18:09:53 INFO  : PSE_without_fees_2026-04-13_to_2026-04-15/work_dir/backtests_eiie_20260415_020042_job74147_86qdx6pe/runs/run_003/checkpoints/checkpoint-00008.pth: Copied (new)
2026/05/08 18:09:55 INFO  : PSE_without_fees_2026-04-13_to_2026-04-15/work_dir/backtests_eiie_20260415_020042_job74147_86qdx6pe/runs/run_003/checkpoints/checkpoint-00009.pth: Copied (new)
2026/05/08 18:09:55 INFO  : PSE_without_fees_2026-04-13_to_2026-04-15/work_dir/backtests_eiie_20260414_075610_job74141_jxq9e3d_/runs/run_004/checkpoints/best.pth: Copied (new)
2026/05/08 18:09:55 INFO  : PSE_without_fees_2026-04-13_to_2026-04-15/work_dir/backtests_eiie_20260415_020042_job74147_86qdx6pe/runs/run_003/checkpoints/checkpoint-00010.pth: Copied (new)
2026/05/08 18:09:55 INFO  : PSE_without_fees_2026-04-13_to_2026-04-15/work_dir/backtests_eiie_20260415_020042_job74147_86qdx6pe/runs/run_003/checkpoints/checkpoint-00006.pth: Copied (new)
2026/05/08 18:09:56 INFO  : PSE_without_fees_2026-04-13_to_2026-04-15/work_dir/backtests_eiie_20260414_075610_job74141_jxq9e3d_/runs/run_004/checkpoints/checkpoint-00001.pth: Copied (new)
2026/05/08 18:09:56 INFO  : PSE_without_fees_2026-04-13_to_2026-04-15/work_dir/backtests_eiie_20260414_075610_job74141_jxq9e3d_/runs/run_004/checkpoints/checkpoint-00004.pth: Copied (new)
2026/05/08 18:09:56 INFO  : PSE_without_fees_2026-04-13_to_2026-04-15/work_dir/backtests_eiie_20260414_075610_job74141_jxq9e3d_/runs/run_004/checkpoints/checkpoint-00002.pth: Copied (new)
2026/05/08 18:09:56 INFO  : PSE_without_fees_2026-04-13_to_2026-04-15/work_dir/backtests_eiie_20260414_075610_job74141_jxq9e3d_/runs/run_004/checkpoints/checkpoint-00003.pth: Copied (new)
2026/05/08 18:09:58 INFO  : PSE_without_fees_2026-04-13_to_2026-04-15/work_dir/backtests_eiie_20260414_075610_job74141_jxq9e3d_/runs/run_004/checkpoints/checkpoint-00007.pth: Copied (new)
2026/05/08 18:09:58 INFO  : PSE_without_fees_2026-04-13_to_2026-04-15/work_dir/backtests_eiie_20260414_075610_job74141_jxq9e3d_/runs/run_004/checkpoints/checkpoint-00005.pth: Copied (new)
2026/05/08 18:09:58 INFO  : PSE_without_fees_2026-04-13_to_2026-04-15/work_dir/backtests_eiie_20260414_075610_job74141_jxq9e3d_/runs/run_004/checkpoints/checkpoint-00006.pth: Copied (new)
2026/05/08 18:09:58 INFO  : PSE_without_fees_2026-04-13_to_2026-04-15/work_dir/backtests_eiie_20260414_075610_job74141_jxq9e3d_/runs/run_004/checkpoints/checkpoint-00008.pth: Copied (new)
2026/05/08 18:10:00 INFO  : PSE_without_fees_2026-04-13_to_2026-04-15/work_dir/backtests_eiie_20260414_075610_job74141_jxq9e3d_/runs/run_004/checkpoints/checkpoint-00009.pth: Copied (new)
2026/05/08 18:10:00 INFO  : PSE_without_fees_2026-04-13_to_2026-04-15/work_dir/backtests_eiie_20260414_075610_job74141_jxq9e3d_/runs/run_004/checkpoints/checkpoint-00010.pth: Copied (new)
2026/05/08 18:10:00 INFO  : PSE_without_fees_2026-04-13_to_2026-04-15/work_dir/backtests_eiie_20260415_140329_job74151_2odpu3ez/runs/run_002/checkpoints/best.pth: Copied (new)
2026/05/08 18:10:00 INFO  : PSE_without_fees_2026-04-13_to_2026-04-15/work_dir/backtests_eiie_20260415_140329_job74151_2odpu3ez/runs/run_002/checkpoints/checkpoint-00005.pth: Copied (new)
2026/05/08 18:10:00 INFO  : PSE_without_fees_2026-04-13_to_2026-04-15/work_dir/backtests_eiie_20260415_140329_job74151_2odpu3ez/runs/run_002/checkpoints/checkpoint-00004.pth: Copied (new)
2026/05/08 18:10:00 INFO  : PSE_without_fees_2026-04-13_to_2026-04-15/work_dir/backtests_eiie_20260415_140329_job74151_2odpu3ez/runs/run_002/checkpoints/checkpoint-00001.pth: Copied (new)
2026/05/08 18:10:00 INFO  : PSE_without_fees_2026-04-13_to_2026-04-15/work_dir/backtests_eiie_20260415_140329_job74151_2odpu3ez/runs/run_002/checkpoints/checkpoint-00002.pth: Copied (new)
2026/05/08 18:10:00 INFO  : PSE_without_fees_2026-04-13_to_2026-04-15/work_dir/backtests_eiie_20260415_140329_job74151_2odpu3ez/runs/run_002/checkpoints/checkpoint-00003.pth: Copied (new)
2026/05/08 18:10:40 INFO  : PSE_without_fees_2026-04-13_to_2026-04-15/work_dir/backtests_eiie_20260415_020042_job74147_86qdx6pe/runs/run_005/Visualization_valid.png: Copied (new)
2026/05/08 18:10:42 INFO  : PSE_without_fees_2026-04-13_to_2026-04-15/work_dir/backtests_eiie_20260415_020042_job74147_86qdx6pe/runs/run_005/daily_turnover.json: Copied (new)
2026/05/08 18:10:45 INFO  : PSE_without_fees_2026-04-13_to_2026-04-15/work_dir/backtests_eiie_20260415_020042_job74147_86qdx6pe/runs/run_005/equity_curve.csv: Copied (new)
2026/05/08 18:10:48 INFO  : PSE_without_fees_2026-04-13_to_2026-04-15/work_dir/backtests_eiie_20260415_020042_job74147_86qdx6pe/runs/run_005/equity_curve.png: Copied (new)
2026/05/08 18:10:50 INFO  : PSE_without_fees_2026-04-13_to_2026-04-15/work_dir/backtests_eiie_20260415_020042_job74147_86qdx6pe/runs/run_005/metrics.json: Copied (new)
2026/05/08 18:10:54 INFO  : NYSE_without_fees_2026-04-13_to_2026-04-15/work_dir/backtests_eiie_20260415_155439_job74134_d24w3yak/runs/run_004/checkpoints/best.pth: Copied (new)
2026/05/08 18:10:55 INFO  : PSE_without_fees_2026-04-13_to_2026-04-15/work_dir/backtests_eiie_20260415_140329_job74151_2odpu3ez/runs/run_002/checkpoints/checkpoint-00010.pth: Copied (new)
2026/05/08 18:10:55 INFO  : PSE_without_fees_2026-04-13_to_2026-04-15/work_dir/backtests_eiie_20260415_140329_job74151_2odpu3ez/runs/run_002/checkpoints/checkpoint-00008.pth: Copied (new)
2026/05/08 18:10:55 INFO  : PSE_without_fees_2026-04-13_to_2026-04-15/work_dir/backtests_eiie_20260415_140329_job74151_2odpu3ez/runs/run_002/checkpoints/checkpoint-00009.pth: Copied (new)
2026/05/08 18:10:55 INFO  : PSE_without_fees_2026-04-13_to_2026-04-15/work_dir/backtests_eiie_20260415_140329_job74151_2odpu3ez/runs/run_002/checkpoints/checkpoint-00006.pth: Copied (new)
2026/05/08 18:10:55 INFO  : PSE_without_fees_2026-04-13_to_2026-04-15/work_dir/backtests_eiie_20260415_020042_job74147_86qdx6pe/runs/run_005/daily_trades.json: Copied (new)
2026/05/08 18:10:55 INFO  : PSE_without_fees_2026-04-13_to_2026-04-15/work_dir/backtests_eiie_20260415_140329_job74151_2odpu3ez/runs/run_002/checkpoints/checkpoint-00007.pth: Copied (new)
2026/05/08 18:10:56 INFO  : NYSE_without_fees_2026-04-13_to_2026-04-15/work_dir/backtests_eiie_20260415_155439_job74134_d24w3yak/runs/run_004/checkpoints/checkpoint-00001.pth: Copied (new)
2026/05/08 18:10:56 INFO  : PSE_without_fees_2026-04-13_to_2026-04-15/work_dir/backtests_eiie_20260415_020042_job74147_86qdx6pe/runs/run_005/Visualization_test.png: Copied (new)
2026/05/08 18:10:58 INFO  : NYSE_without_fees_2026-04-13_to_2026-04-15/work_dir/backtests_eiie_20260415_155439_job74134_d24w3yak/runs/run_004/checkpoints/checkpoint-00005.pth: Copied (new)
2026/05/08 18:10:58 INFO  : NYSE_without_fees_2026-04-13_to_2026-04-15/work_dir/backtests_eiie_20260415_155439_job74134_d24w3yak/runs/run_004/checkpoints/checkpoint-00003.pth: Copied (new)
2026/05/08 18:10:58 INFO  : NYSE_without_fees_2026-04-13_to_2026-04-15/work_dir/backtests_eiie_20260415_155439_job74134_d24w3yak/runs/run_004/checkpoints/checkpoint-00004.pth: Copied (new)
2026/05/08 18:10:58 INFO  : NYSE_without_fees_2026-04-13_to_2026-04-15/work_dir/backtests_eiie_20260415_155439_job74134_d24w3yak/runs/run_004/checkpoints/checkpoint-00002.pth: Copied (new)
2026/05/08 18:10:58 INFO  : NYSE_without_fees_2026-04-13_to_2026-04-15/work_dir/backtests_eiie_20260415_155439_job74134_d24w3yak/runs/run_004/checkpoints/checkpoint-00008.pth: Copied (new)
2026/05/08 18:10:58 INFO  : NYSE_without_fees_2026-04-13_to_2026-04-15/work_dir/backtests_eiie_20260415_155439_job74134_d24w3yak/runs/run_004/checkpoints/checkpoint-00007.pth: Copied (new)
2026/05/08 18:10:58 INFO  : NYSE_without_fees_2026-04-13_to_2026-04-15/work_dir/backtests_eiie_20260415_155439_job74134_d24w3yak/runs/run_004/checkpoints/checkpoint-00006.pth: Copied (new)
2026/05/08 18:10:59 INFO  : NYSE_without_fees_2026-04-13_to_2026-04-15/work_dir/backtests_eiie_20260415_155439_job74134_d24w3yak/runs/run_004/checkpoints/checkpoint-00009.pth: Copied (new)
2026/05/08 18:11:02 INFO  : PSE_without_fees_2026-04-13_to_2026-04-15/work_dir/backtests_eiie_20260413_225636_job74138_97ly951i/runs/run_004/checkpoints/best.pth: Copied (new)
2026/05/08 18:11:02 INFO  : NYSE_without_fees_2026-04-13_to_2026-04-15/work_dir/backtests_eiie_20260415_155439_job74134_d24w3yak/runs/run_004/checkpoints/checkpoint-00010.pth: Copied (new)
2026/05/08 18:11:02 INFO  : PSE_without_fees_2026-04-13_to_2026-04-15/work_dir/backtests_eiie_20260413_225636_job74138_97ly951i/runs/run_004/checkpoints/checkpoint-00001.pth: Copied (new)
2026/05/08 18:11:02 INFO  : PSE_without_fees_2026-04-13_to_2026-04-15/work_dir/backtests_eiie_20260413_225636_job74138_97ly951i/runs/run_004/checkpoints/checkpoint-00004.pth: Copied (new)
2026/05/08 18:11:03 INFO  : PSE_without_fees_2026-04-13_to_2026-04-15/work_dir/backtests_eiie_20260413_225636_job74138_97ly951i/runs/run_004/checkpoints/checkpoint-00003.pth: Copied (new)
2026/05/08 18:11:03 INFO  : PSE_without_fees_2026-04-13_to_2026-04-15/work_dir/backtests_eiie_20260413_225636_job74138_97ly951i/runs/run_004/checkpoints/checkpoint-00005.pth: Copied (new)
2026/05/08 18:11:03 INFO  : PSE_without_fees_2026-04-13_to_2026-04-15/work_dir/backtests_eiie_20260413_225636_job74138_97ly951i/runs/run_004/checkpoints/checkpoint-00002.pth: Copied (new)
2026/05/08 18:11:03 INFO  : PSE_without_fees_2026-04-13_to_2026-04-15/work_dir/backtests_eiie_20260413_225636_job74138_97ly951i/runs/run_004/checkpoints/checkpoint-00006.pth: Copied (new)
2026/05/08 18:11:04 INFO  : PSE_without_fees_2026-04-13_to_2026-04-15/work_dir/backtests_eiie_20260413_225636_job74138_97ly951i/runs/run_004/checkpoints/checkpoint-00008.pth: Copied (new)
2026/05/08 18:11:04 INFO  : PSE_without_fees_2026-04-13_to_2026-04-15/work_dir/backtests_eiie_20260413_225636_job74138_97ly951i/runs/run_004/checkpoints/checkpoint-00007.pth: Copied (new)
2026/05/08 18:11:27 INFO  : PSE_without_fees_2026-04-13_to_2026-04-15/work_dir/backtests_eiie_20260413_195251_job74137_dvcd7s8x/runs/run_004/checkpoints/checkpoint-00001.pth: Copied (new)
2026/05/08 18:11:29 INFO  : PSE_without_fees_2026-04-13_to_2026-04-15/work_dir/backtests_eiie_20260413_195251_job74137_dvcd7s8x/runs/run_004/checkpoints/best.pth: Copied (new)
2026/05/08 18:11:29 INFO  : PSE_without_fees_2026-04-13_to_2026-04-15/work_dir/backtests_eiie_20260413_195251_job74137_dvcd7s8x/runs/run_004/checkpoints/checkpoint-00002.pth: Copied (new)
2026/05/08 18:11:29 INFO  : PSE_without_fees_2026-04-13_to_2026-04-15/work_dir/backtests_eiie_20260413_225636_job74138_97ly951i/runs/run_004/checkpoints/checkpoint-00009.pth: Copied (new)
2026/05/08 18:11:29 INFO  : PSE_without_fees_2026-04-13_to_2026-04-15/work_dir/backtests_eiie_20260413_225636_job74138_97ly951i/runs/run_004/checkpoints/checkpoint-00010.pth: Copied (new)
2026/05/08 18:11:29 INFO  : PSE_without_fees_2026-04-13_to_2026-04-15/work_dir/backtests_eiie_20260413_195251_job74137_dvcd7s8x/runs/run_004/checkpoints/checkpoint-00004.pth: Copied (new)
2026/05/08 18:11:31 INFO  : PSE_without_fees_2026-04-13_to_2026-04-15/work_dir/backtests_eiie_20260413_195251_job74137_dvcd7s8x/runs/run_004/checkpoints/checkpoint-00005.pth: Copied (new)
2026/05/08 18:11:33 INFO  : PSE_without_fees_2026-04-13_to_2026-04-15/work_dir/backtests_eiie_20260413_195251_job74137_dvcd7s8x/runs/run_004/checkpoints/checkpoint-00008.pth: Copied (new)
2026/05/08 18:11:33 INFO  : PSE_without_fees_2026-04-13_to_2026-04-15/work_dir/backtests_eiie_20260413_195251_job74137_dvcd7s8x/runs/run_004/checkpoints/checkpoint-00009.pth: Copied (new)
2026/05/08 18:11:33 INFO  : NYSE_without_fees_2026-04-13_to_2026-04-15/work_dir/backtests_eiie_20260415_123453_job74133_kzz71nh_/runs/run_005/checkpoints/best.pth: Copied (new)
2026/05/08 18:11:33 INFO  : PSE_without_fees_2026-04-13_to_2026-04-15/work_dir/backtests_eiie_20260413_195251_job74137_dvcd7s8x/runs/run_004/checkpoints/checkpoint-00007.pth: Copied (new)
2026/05/08 18:11:33 INFO  : PSE_without_fees_2026-04-13_to_2026-04-15/work_dir/backtests_eiie_20260413_195251_job74137_dvcd7s8x/runs/run_004/checkpoints/checkpoint-00006.pth: Copied (new)
2026/05/08 18:11:34 INFO  : NYSE_without_fees_2026-04-13_to_2026-04-15/work_dir/backtests_eiie_20260415_123453_job74133_kzz71nh_/runs/run_005/checkpoints/checkpoint-00001.pth: Copied (new)
2026/05/08 18:11:34 INFO  : PSE_without_fees_2026-04-13_to_2026-04-15/work_dir/backtests_eiie_20260413_195251_job74137_dvcd7s8x/runs/run_004/checkpoints/checkpoint-00010.pth: Copied (new)
2026/05/08 18:11:34 INFO  : PSE_without_fees_2026-04-13_to_2026-04-15/work_dir/backtests_eiie_20260413_195251_job74137_dvcd7s8x/runs/run_004/checkpoints/checkpoint-00003.pth: Copied (new)
2026/05/08 18:11:35 INFO  : NYSE_without_fees_2026-04-13_to_2026-04-15/work_dir/backtests_eiie_20260415_123453_job74133_kzz71nh_/runs/run_005/checkpoints/checkpoint-00002.pth: Copied (new)
2026/05/08 18:11:35 INFO  : NYSE_without_fees_2026-04-13_to_2026-04-15/work_dir/backtests_eiie_20260415_123453_job74133_kzz71nh_/runs/run_005/checkpoints/checkpoint-00003.pth: Copied (new)
2026/05/08 18:11:35 INFO  : NYSE_without_fees_2026-04-13_to_2026-04-15/work_dir/backtests_eiie_20260415_123453_job74133_kzz71nh_/runs/run_005/checkpoints/checkpoint-00005.pth: Copied (new)
2026/05/08 18:11:36 INFO  : NYSE_without_fees_2026-04-13_to_2026-04-15/work_dir/backtests_eiie_20260415_123453_job74133_kzz71nh_/runs/run_005/checkpoints/checkpoint-00006.pth: Copied (new)
2026/05/08 18:11:36 INFO  : NYSE_without_fees_2026-04-13_to_2026-04-15/work_dir/backtests_eiie_20260415_123453_job74133_kzz71nh_/runs/run_005/checkpoints/checkpoint-00004.pth: Copied (new)
2026/05/08 18:11:36 INFO  : NYSE_without_fees_2026-04-13_to_2026-04-15/work_dir/backtests_eiie_20260415_123453_job74133_kzz71nh_/runs/run_005/checkpoints/checkpoint-00008.pth: Copied (new)
2026/05/08 18:11:36 INFO  : NYSE_without_fees_2026-04-13_to_2026-04-15/work_dir/backtests_eiie_20260415_123453_job74133_kzz71nh_/runs/run_005/checkpoints/checkpoint-00007.pth: Copied (new)
2026/05/08 18:11:37 INFO  : NYSE_without_fees_2026-04-13_to_2026-04-15/work_dir/backtests_eiie_20260415_123453_job74133_kzz71nh_/runs/run_005/checkpoints/checkpoint-00009.pth: Copied (new)
2026/05/08 18:11:39 INFO  : NYSE_without_fees_2026-04-13_to_2026-04-15/work_dir/backtests_eiie_20260415_123453_job74133_kzz71nh_/runs/run_005/checkpoints/checkpoint-00010.pth: Copied (new)
2026/05/08 18:11:40 INFO  : NYSE_without_fees_2026-04-13_to_2026-04-15/work_dir/backtests_eiie_20260413_233931_job74122_rnnteafq/runs/run_002/daily_turnover.json: Copied (new)
2026/05/08 18:11:40 INFO  : NYSE_without_fees_2026-04-13_to_2026-04-15/work_dir/backtests_eiie_20260413_233931_job74122_rnnteafq/runs/run_002/daily_trades.json: Copied (new)
2026/05/08 18:11:40 INFO  : NYSE_without_fees_2026-04-13_to_2026-04-15/work_dir/backtests_eiie_20260413_233931_job74122_rnnteafq/runs/run_002/equity_curve.csv: Copied (new)
2026/05/08 18:11:40 INFO  : NYSE_without_fees_2026-04-13_to_2026-04-15/work_dir/backtests_eiie_20260413_233931_job74122_rnnteafq/runs/run_002/Visualization_test.png: Copied (new)
2026/05/08 18:11:40 INFO  : NYSE_without_fees_2026-04-13_to_2026-04-15/work_dir/backtests_eiie_20260413_233931_job74122_rnnteafq/runs/run_002/Visualization_valid.png: Copied (new)
2026/05/08 18:11:40 INFO  : NYSE_without_fees_2026-04-13_to_2026-04-15/work_dir/backtests_eiie_20260413_233931_job74122_rnnteafq/runs/run_002/equity_curve.png: Copied (new)
2026/05/08 18:11:40 INFO  : NYSE_without_fees_2026-04-13_to_2026-04-15/work_dir/backtests_eiie_20260413_233931_job74122_rnnteafq/runs/run_002/metrics.json: Copied (new)
2026/05/08 18:11:43 INFO  : NYSE_without_fees_2026-04-13_to_2026-04-15/work_dir/backtests_eiie_20260413_165222_job74120_idnmrt72/runs/run_002/Visualization_test.png: Copied (new)
2026/05/08 18:11:45 INFO  : NYSE_without_fees_2026-04-13_to_2026-04-15/work_dir/backtests_eiie_20260413_165222_job74120_idnmrt72/runs/run_002/metrics.json: Copied (new)
2026/05/08 18:11:45 INFO  : NYSE_without_fees_2026-04-13_to_2026-04-15/work_dir/backtests_eiie_20260413_165222_job74120_idnmrt72/runs/run_002/daily_turnover.json: Copied (new)
2026/05/08 18:11:45 INFO  : NYSE_without_fees_2026-04-13_to_2026-04-15/work_dir/backtests_eiie_20260413_165222_job74120_idnmrt72/runs/run_002/daily_trades.json: Copied (new)
2026/05/08 18:11:45 INFO  : PSE_without_fees_2026-04-13_to_2026-04-15/work_dir/backtests_eiie_20260414_045947_job74140_h8ucwjhj/runs/run_004/checkpoints/best.pth: Copied (new)
2026/05/08 18:11:45 INFO  : NYSE_without_fees_2026-04-13_to_2026-04-15/work_dir/backtests_eiie_20260413_165222_job74120_idnmrt72/runs/run_002/equity_curve.csv: Copied (new)
2026/05/08 18:11:45 INFO  : NYSE_without_fees_2026-04-13_to_2026-04-15/work_dir/backtests_eiie_20260413_165222_job74120_idnmrt72/runs/run_002/Visualization_valid.png: Copied (new)
2026/05/08 18:11:45 INFO  : PSE_without_fees_2026-04-13_to_2026-04-15/work_dir/backtests_eiie_20260414_045947_job74140_h8ucwjhj/runs/run_004/checkpoints/checkpoint-00001.pth: Copied (new)
2026/05/08 18:11:45 INFO  : NYSE_without_fees_2026-04-13_to_2026-04-15/work_dir/backtests_eiie_20260413_165222_job74120_idnmrt72/runs/run_002/equity_curve.png: Copied (new)
2026/05/08 18:11:47 INFO  : PSE_without_fees_2026-04-13_to_2026-04-15/work_dir/backtests_eiie_20260414_045947_job74140_h8ucwjhj/runs/run_004/checkpoints/checkpoint-00006.pth: Copied (new)
2026/05/08 18:11:47 INFO  : PSE_without_fees_2026-04-13_to_2026-04-15/work_dir/backtests_eiie_20260414_045947_job74140_h8ucwjhj/runs/run_004/checkpoints/checkpoint-00004.pth: Copied (new)
2026/05/08 18:11:47 INFO  : PSE_without_fees_2026-04-13_to_2026-04-15/work_dir/backtests_eiie_20260414_045947_job74140_h8ucwjhj/runs/run_004/checkpoints/checkpoint-00002.pth: Copied (new)
2026/05/08 18:11:47 INFO  : PSE_without_fees_2026-04-13_to_2026-04-15/work_dir/backtests_eiie_20260414_045947_job74140_h8ucwjhj/runs/run_004/checkpoints/checkpoint-00003.pth: Copied (new)
2026/05/08 18:11:47 INFO  : PSE_without_fees_2026-04-13_to_2026-04-15/work_dir/backtests_eiie_20260414_045947_job74140_h8ucwjhj/runs/run_004/checkpoints/checkpoint-00005.pth: Copied (new)
2026/05/08 18:11:47 INFO  : PSE_without_fees_2026-04-13_to_2026-04-15/work_dir/backtests_eiie_20260414_045947_job74140_h8ucwjhj/runs/run_004/checkpoints/checkpoint-00007.pth: Copied (new)
2026/05/08 18:11:48 INFO  : PSE_without_fees_2026-04-13_to_2026-04-15/work_dir/backtests_eiie_20260414_045947_job74140_h8ucwjhj/runs/run_004/checkpoints/checkpoint-00009.pth: Copied (new)
2026/05/08 18:11:49 INFO  : PSE_without_fees_2026-04-13_to_2026-04-15/work_dir/backtests_eiie_20260414_045947_job74140_h8ucwjhj/runs/run_004/checkpoints/checkpoint-00008.pth: Copied (new)
2026/05/08 18:11:52 INFO  : PSE_without_fees_2026-04-13_to_2026-04-15/work_dir/backtests_eiie_20260414_045947_job74140_h8ucwjhj/runs/run_004/checkpoints/checkpoint-00010.pth: Copied (new)
2026/05/08 18:11:52 INFO  : PSE_without_fees_2026-04-13_to_2026-04-15/work_dir/backtests_eiie_20260415_110513_job74150_f5h5w0n8/runs/run_004/Visualization_test.png: Copied (new)
2026/05/08 18:11:55 INFO  : PSE_without_fees_2026-04-13_to_2026-04-15/work_dir/backtests_eiie_20260415_080216_job74149_0mddw9l9/runs/run_003/checkpoints/best.pth: Copied (new)
2026/05/08 18:11:55 INFO  : PSE_without_fees_2026-04-13_to_2026-04-15/work_dir/backtests_eiie_20260415_110513_job74150_f5h5w0n8/runs/run_004/daily_trades.json: Copied (new)
2026/05/08 18:11:55 INFO  : PSE_without_fees_2026-04-13_to_2026-04-15/work_dir/backtests_eiie_20260415_110513_job74150_f5h5w0n8/runs/run_004/daily_turnover.json: Copied (new)
2026/05/08 18:11:55 INFO  : PSE_without_fees_2026-04-13_to_2026-04-15/work_dir/backtests_eiie_20260415_080216_job74149_0mddw9l9/runs/run_003/checkpoints/checkpoint-00001.pth: Copied (new)
2026/05/08 18:11:55 INFO  : PSE_without_fees_2026-04-13_to_2026-04-15/work_dir/backtests_eiie_20260415_080216_job74149_0mddw9l9/runs/run_003/checkpoints/checkpoint-00002.pth: Copied (new)
2026/05/08 18:11:55 INFO  : PSE_without_fees_2026-04-13_to_2026-04-15/work_dir/backtests_eiie_20260415_080216_job74149_0mddw9l9/runs/run_003/checkpoints/checkpoint-00004.pth: Copied (new)
2026/05/08 18:11:55 INFO  : PSE_without_fees_2026-04-13_to_2026-04-15/work_dir/backtests_eiie_20260415_080216_job74149_0mddw9l9/runs/run_003/checkpoints/checkpoint-00003.pth: Copied (new)
2026/05/08 18:11:55 INFO  : PSE_without_fees_2026-04-13_to_2026-04-15/work_dir/backtests_eiie_20260415_110513_job74150_f5h5w0n8/runs/run_004/Visualization_valid.png: Copied (new)
2026/05/08 18:11:57 INFO  : PSE_without_fees_2026-04-13_to_2026-04-15/work_dir/backtests_eiie_20260415_080216_job74149_0mddw9l9/runs/run_003/checkpoints/checkpoint-00009.pth: Copied (new)
2026/05/08 18:11:57 INFO  : PSE_without_fees_2026-04-13_to_2026-04-15/work_dir/backtests_eiie_20260415_080216_job74149_0mddw9l9/runs/run_003/checkpoints/checkpoint-00005.pth: Copied (new)
2026/05/08 18:11:57 INFO  : PSE_without_fees_2026-04-13_to_2026-04-15/work_dir/backtests_eiie_20260415_080216_job74149_0mddw9l9/runs/run_003/checkpoints/checkpoint-00007.pth: Copied (new)
2026/05/08 18:11:57 INFO  : PSE_without_fees_2026-04-13_to_2026-04-15/work_dir/backtests_eiie_20260415_080216_job74149_0mddw9l9/runs/run_003/checkpoints/checkpoint-00006.pth: Copied (new)
2026/05/08 18:11:57 INFO  : PSE_without_fees_2026-04-13_to_2026-04-15/work_dir/backtests_eiie_20260415_080216_job74149_0mddw9l9/runs/run_003/checkpoints/checkpoint-00008.pth: Copied (new)
2026/05/08 18:11:58 INFO  : PSE_without_fees_2026-04-13_to_2026-04-15/work_dir/backtests_eiie_20260415_110513_job74150_f5h5w0n8/runs/run_004/equity_curve.csv: Copied (new)
2026/05/08 18:11:58 INFO  : PSE_without_fees_2026-04-13_to_2026-04-15/work_dir/backtests_eiie_20260415_080216_job74149_0mddw9l9/runs/run_003/checkpoints/checkpoint-00010.pth: Copied (new)
2026/05/08 18:11:58 INFO  : PSE_without_fees_2026-04-13_to_2026-04-15/work_dir/backtests_eiie_20260415_110513_job74150_f5h5w0n8/runs/run_004/equity_curve.png: Copied (new)
2026/05/08 18:12:01 INFO  : PSE_without_fees_2026-04-13_to_2026-04-15/work_dir/backtests_eiie_20260415_110513_job74150_f5h5w0n8/runs/run_004/metrics.json: Copied (new)
2026/05/08 18:12:01 INFO  : PSE_without_fees_2026-04-13_to_2026-04-15/work_dir/backtests_eiie_20260413_195251_job74137_dvcd7s8x/runs/run_005/checkpoints/best.pth: Copied (new)
2026/05/08 18:12:01 INFO  : PSE_without_fees_2026-04-13_to_2026-04-15/work_dir/backtests_eiie_20260413_195251_job74137_dvcd7s8x/runs/run_005/checkpoints/checkpoint-00005.pth: Copied (new)
2026/05/08 18:12:38 INFO  : PSE_without_fees_2026-04-13_to_2026-04-15/work_dir/backtests_eiie_20260413_195251_job74137_dvcd7s8x/runs/run_005/checkpoints/checkpoint-00001.pth: Copied (new)
2026/05/08 18:12:40 INFO  : PSE_without_fees_2026-04-13_to_2026-04-15/work_dir/backtests_eiie_20260413_195251_job74137_dvcd7s8x/runs/run_005/checkpoints/checkpoint-00008.pth: Copied (new)
2026/05/08 18:12:40 INFO  : PSE_without_fees_2026-04-13_to_2026-04-15/work_dir/backtests_eiie_20260413_195251_job74137_dvcd7s8x/runs/run_005/checkpoints/checkpoint-00009.pth: Copied (new)
2026/05/08 18:12:40 INFO  : PSE_without_fees_2026-04-13_to_2026-04-15/work_dir/backtests_eiie_20260413_195251_job74137_dvcd7s8x/runs/run_005/checkpoints/checkpoint-00004.pth: Copied (new)
2026/05/08 18:12:40 INFO  : PSE_without_fees_2026-04-13_to_2026-04-15/work_dir/backtests_eiie_20260413_195251_job74137_dvcd7s8x/runs/run_005/checkpoints/checkpoint-00006.pth: Copied (new)
2026/05/08 18:12:40 INFO  : PSE_without_fees_2026-04-13_to_2026-04-15/work_dir/backtests_eiie_20260413_195251_job74137_dvcd7s8x/runs/run_005/checkpoints/checkpoint-00003.pth: Copied (new)
2026/05/08 18:12:40 INFO  : PSE_without_fees_2026-04-13_to_2026-04-15/work_dir/backtests_eiie_20260413_195251_job74137_dvcd7s8x/runs/run_005/checkpoints/checkpoint-00007.pth: Copied (new)
2026/05/08 18:12:40 INFO  : PSE_without_fees_2026-04-13_to_2026-04-15/work_dir/backtests_eiie_20260413_195251_job74137_dvcd7s8x/runs/run_005/checkpoints/checkpoint-00002.pth: Copied (new)
2026/05/08 18:12:41 INFO  : PSE_without_fees_2026-04-13_to_2026-04-15/work_dir/backtests_eiie_20260413_195251_job74137_dvcd7s8x/runs/run_005/checkpoints/checkpoint-00010.pth: Copied (new)
2026/05/08 18:12:44 INFO  : PSE_without_fees_2026-04-13_to_2026-04-15/work_dir/backtests_eiie_20260415_140329_job74151_2odpu3ez/runs/run_004/Visualization_test.png: Copied (new)
2026/05/08 18:12:45 INFO  : PSE_without_fees_2026-04-13_to_2026-04-15/work_dir/backtests_eiie_20260415_140329_job74151_2odpu3ez/runs/run_004/metrics.json: Copied (new)
2026/05/08 18:12:45 INFO  : PSE_without_fees_2026-04-13_to_2026-04-15/work_dir/backtests_eiie_20260415_140329_job74151_2odpu3ez/runs/run_004/equity_curve.csv: Copied (new)
2026/05/08 18:12:45 INFO  : PSE_without_fees_2026-04-13_to_2026-04-15/work_dir/backtests_eiie_20260414_195953_job74145__xmyv0fz/runs/run_004/checkpoints/best.pth: Copied (new)
2026/05/08 18:12:46 INFO  : PSE_without_fees_2026-04-13_to_2026-04-15/work_dir/backtests_eiie_20260415_140329_job74151_2odpu3ez/runs/run_004/daily_trades.json: Copied (new)
2026/05/08 18:12:46 INFO  : PSE_without_fees_2026-04-13_to_2026-04-15/work_dir/backtests_eiie_20260415_140329_job74151_2odpu3ez/runs/run_004/daily_turnover.json: Copied (new)
2026/05/08 18:12:46 INFO  : PSE_without_fees_2026-04-13_to_2026-04-15/work_dir/backtests_eiie_20260415_140329_job74151_2odpu3ez/runs/run_004/equity_curve.png: Copied (new)
2026/05/08 18:12:46 INFO  : PSE_without_fees_2026-04-13_to_2026-04-15/work_dir/backtests_eiie_20260415_140329_job74151_2odpu3ez/runs/run_004/Visualization_valid.png: Copied (new)
2026/05/08 18:12:47 INFO  : PSE_without_fees_2026-04-13_to_2026-04-15/work_dir/backtests_eiie_20260414_195953_job74145__xmyv0fz/runs/run_004/checkpoints/checkpoint-00001.pth: Copied (new)
2026/05/08 18:12:48 INFO  : PSE_without_fees_2026-04-13_to_2026-04-15/work_dir/backtests_eiie_20260414_195953_job74145__xmyv0fz/runs/run_004/checkpoints/checkpoint-00002.pth: Copied (new)
2026/05/08 18:12:48 INFO  : PSE_without_fees_2026-04-13_to_2026-04-15/work_dir/backtests_eiie_20260414_195953_job74145__xmyv0fz/runs/run_004/checkpoints/checkpoint-00005.pth: Copied (new)
2026/05/08 18:12:48 INFO  : PSE_without_fees_2026-04-13_to_2026-04-15/work_dir/backtests_eiie_20260414_195953_job74145__xmyv0fz/runs/run_004/checkpoints/checkpoint-00003.pth: Copied (new)
2026/05/08 18:12:48 INFO  : PSE_without_fees_2026-04-13_to_2026-04-15/work_dir/backtests_eiie_20260414_195953_job74145__xmyv0fz/runs/run_004/checkpoints/checkpoint-00006.pth: Copied (new)
2026/05/08 18:12:48 INFO  : PSE_without_fees_2026-04-13_to_2026-04-15/work_dir/backtests_eiie_20260414_195953_job74145__xmyv0fz/runs/run_004/checkpoints/checkpoint-00007.pth: Copied (new)
2026/05/08 18:12:49 INFO  : PSE_without_fees_2026-04-13_to_2026-04-15/work_dir/backtests_eiie_20260414_195953_job74145__xmyv0fz/runs/run_004/checkpoints/checkpoint-00008.pth: Copied (new)
2026/05/08 18:12:49 INFO  : PSE_without_fees_2026-04-13_to_2026-04-15/work_dir/backtests_eiie_20260414_195953_job74145__xmyv0fz/runs/run_004/checkpoints/checkpoint-00009.pth: Copied (new)
2026/05/08 18:12:52 INFO  : PSE_without_fees_2026-04-13_to_2026-04-15/work_dir/backtests_eiie_20260414_195953_job74145__xmyv0fz/runs/run_004/checkpoints/checkpoint-00010.pth: Copied (new)
2026/05/08 18:12:52 INFO  : PSE_without_fees_2026-04-13_to_2026-04-15/work_dir/backtests_eiie_20260415_110513_job74150_f5h5w0n8/runs/run_003/checkpoints/best.pth: Copied (new)
2026/05/08 18:12:52 INFO  : PSE_without_fees_2026-04-13_to_2026-04-15/work_dir/backtests_eiie_20260415_110513_job74150_f5h5w0n8/runs/run_003/checkpoints/checkpoint-00001.pth: Copied (new)
2026/05/08 18:12:52 INFO  : PSE_without_fees_2026-04-13_to_2026-04-15/work_dir/backtests_eiie_20260415_110513_job74150_f5h5w0n8/runs/run_003/checkpoints/checkpoint-00003.pth: Copied (new)
2026/05/08 18:12:52 INFO  : PSE_without_fees_2026-04-13_to_2026-04-15/work_dir/backtests_eiie_20260415_110513_job74150_f5h5w0n8/runs/run_003/checkpoints/checkpoint-00004.pth: Copied (new)
2026/05/08 18:12:52 INFO  : PSE_without_fees_2026-04-13_to_2026-04-15/work_dir/backtests_eiie_20260415_110513_job74150_f5h5w0n8/runs/run_003/checkpoints/checkpoint-00005.pth: Copied (new)
2026/05/08 18:12:52 INFO  : PSE_without_fees_2026-04-13_to_2026-04-15/work_dir/backtests_eiie_20260415_110513_job74150_f5h5w0n8/runs/run_003/checkpoints/checkpoint-00002.pth: Copied (new)
2026/05/08 18:12:56 INFO  : NYSE_without_fees_2026-04-13_to_2026-04-15/work_dir/backtests_eiie_20260415_091734_job74132_bow7t52g/runs/run_005/checkpoints/best.pth: Copied (new)
2026/05/08 18:12:56 INFO  : PSE_without_fees_2026-04-13_to_2026-04-15/work_dir/backtests_eiie_20260415_110513_job74150_f5h5w0n8/runs/run_003/checkpoints/checkpoint-00009.pth: Copied (new)
2026/05/08 18:12:56 INFO  : PSE_without_fees_2026-04-13_to_2026-04-15/work_dir/backtests_eiie_20260415_110513_job74150_f5h5w0n8/runs/run_003/checkpoints/checkpoint-00010.pth: Copied (new)
2026/05/08 18:12:56 INFO  : PSE_without_fees_2026-04-13_to_2026-04-15/work_dir/backtests_eiie_20260415_110513_job74150_f5h5w0n8/runs/run_003/checkpoints/checkpoint-00008.pth: Copied (new)
2026/05/08 18:12:56 INFO  : PSE_without_fees_2026-04-13_to_2026-04-15/work_dir/backtests_eiie_20260415_110513_job74150_f5h5w0n8/runs/run_003/checkpoints/checkpoint-00007.pth: Copied (new)
2026/05/08 18:12:56 INFO  : PSE_without_fees_2026-04-13_to_2026-04-15/work_dir/backtests_eiie_20260415_110513_job74150_f5h5w0n8/runs/run_003/checkpoints/checkpoint-00006.pth: Copied (new)
2026/05/08 18:12:56 INFO  : NYSE_without_fees_2026-04-13_to_2026-04-15/work_dir/backtests_eiie_20260415_091734_job74132_bow7t52g/runs/run_005/checkpoints/checkpoint-00001.pth: Copied (new)
2026/05/08 18:12:58 INFO  : NYSE_without_fees_2026-04-13_to_2026-04-15/work_dir/backtests_eiie_20260415_091734_job74132_bow7t52g/runs/run_005/checkpoints/checkpoint-00002.pth: Copied (new)
2026/05/08 18:12:58 INFO  : NYSE_without_fees_2026-04-13_to_2026-04-15/work_dir/backtests_eiie_20260415_091734_job74132_bow7t52g/runs/run_005/checkpoints/checkpoint-00003.pth: Copied (new)
2026/05/08 18:12:58 INFO  : NYSE_without_fees_2026-04-13_to_2026-04-15/work_dir/backtests_eiie_20260415_091734_job74132_bow7t52g/runs/run_005/checkpoints/checkpoint-00004.pth: Copied (new)
2026/05/08 18:12:58 INFO  : NYSE_without_fees_2026-04-13_to_2026-04-15/work_dir/backtests_eiie_20260415_091734_job74132_bow7t52g/runs/run_005/checkpoints/checkpoint-00005.pth: Copied (new)
2026/05/08 18:12:59 INFO  : NYSE_without_fees_2026-04-13_to_2026-04-15/work_dir/backtests_eiie_20260415_091734_job74132_bow7t52g/runs/run_005/checkpoints/checkpoint-00007.pth: Copied (new)
2026/05/08 18:12:59 INFO  : NYSE_without_fees_2026-04-13_to_2026-04-15/work_dir/backtests_eiie_20260415_091734_job74132_bow7t52g/runs/run_005/checkpoints/checkpoint-00008.pth: Copied (new)
2026/05/08 18:12:59 INFO  : NYSE_without_fees_2026-04-13_to_2026-04-15/work_dir/backtests_eiie_20260415_091734_job74132_bow7t52g/runs/run_005/checkpoints/checkpoint-00006.pth: Copied (new)
2026/05/08 18:13:02 INFO  : NYSE_without_fees_2026-04-13_to_2026-04-15/work_dir/backtests_eiie_20260415_091734_job74132_bow7t52g/runs/run_005/checkpoints/checkpoint-00009.pth: Copied (new)
2026/05/08 18:13:02 INFO  : NYSE_without_fees_2026-04-13_to_2026-04-15/work_dir/backtests_eiie_20260415_091734_job74132_bow7t52g/runs/run_005/checkpoints/checkpoint-00010.pth: Copied (new)
2026/05/08 18:13:02 INFO  : PSE_without_fees_2026-04-13_to_2026-04-15/work_dir/backtests_eiie_20260414_015729_job74139_46bfn538/runs/run_005/checkpoints/best.pth: Copied (new)
2026/05/08 18:13:02 INFO  : PSE_without_fees_2026-04-13_to_2026-04-15/work_dir/backtests_eiie_20260414_015729_job74139_46bfn538/runs/run_005/checkpoints/checkpoint-00003.pth: Copied (new)
2026/05/08 18:13:02 INFO  : PSE_without_fees_2026-04-13_to_2026-04-15/work_dir/backtests_eiie_20260414_015729_job74139_46bfn538/runs/run_005/checkpoints/checkpoint-00002.pth: Copied (new)
2026/05/08 18:13:02 INFO  : PSE_without_fees_2026-04-13_to_2026-04-15/work_dir/backtests_eiie_20260414_015729_job74139_46bfn538/runs/run_005/checkpoints/checkpoint-00004.pth: Copied (new)
2026/05/08 18:13:02 INFO  : PSE_without_fees_2026-04-13_to_2026-04-15/work_dir/backtests_eiie_20260414_015729_job74139_46bfn538/runs/run_005/checkpoints/checkpoint-00001.pth: Copied (new)
2026/05/08 18:13:04 INFO  : PSE_without_fees_2026-04-13_to_2026-04-15/work_dir/backtests_eiie_20260414_015729_job74139_46bfn538/runs/run_005/checkpoints/checkpoint-00005.pth: Copied (new)
2026/05/08 18:13:04 INFO  : PSE_without_fees_2026-04-13_to_2026-04-15/work_dir/backtests_eiie_20260414_015729_job74139_46bfn538/runs/run_005/checkpoints/checkpoint-00006.pth: Copied (new)
2026/05/08 18:13:04 INFO  : PSE_without_fees_2026-04-13_to_2026-04-15/work_dir/backtests_eiie_20260414_015729_job74139_46bfn538/runs/run_005/checkpoints/checkpoint-00007.pth: Copied (new)
2026/05/08 18:13:06 INFO  : PSE_without_fees_2026-04-13_to_2026-04-15/work_dir/backtests_eiie_20260414_015729_job74139_46bfn538/runs/run_005/checkpoints/checkpoint-00008.pth: Copied (new)
2026/05/08 18:13:07 INFO  : PSE_without_fees_2026-04-13_to_2026-04-15/work_dir/backtests_eiie_20260414_015729_job74139_46bfn538/runs/run_005/checkpoints/checkpoint-00010.pth: Copied (new)
2026/05/08 18:13:07 INFO  : PSE_without_fees_2026-04-13_to_2026-04-15/work_dir/backtests_eiie_20260415_045928_job74148_9gausy9d/runs/run_005/Visualization_test.png: Copied (new)
2026/05/08 18:13:07 INFO  : PSE_without_fees_2026-04-13_to_2026-04-15/work_dir/backtests_eiie_20260415_045928_job74148_9gausy9d/runs/run_005/daily_trades.json: Copied (new)
2026/05/08 18:13:32 INFO  : PSE_without_fees_2026-04-13_to_2026-04-15/work_dir/backtests_eiie_20260415_045928_job74148_9gausy9d/runs/run_005/equity_curve.csv: Copied (new)
2026/05/08 18:13:32 INFO  : PSE_without_fees_2026-04-13_to_2026-04-15/work_dir/backtests_eiie_20260415_045928_job74148_9gausy9d/runs/run_005/daily_turnover.json: Copied (new)
2026/05/08 18:13:32 INFO  : PSE_without_fees_2026-04-13_to_2026-04-15/work_dir/backtests_eiie_20260415_045928_job74148_9gausy9d/runs/run_005/metrics.json: Copied (new)
2026/05/08 18:13:33 INFO  : PSE_without_fees_2026-04-13_to_2026-04-15/work_dir/backtests_eiie_20260414_195953_job74145__xmyv0fz/runs/run_004/checkpoints/checkpoint-00004.pth: Copied (new)
2026/05/08 18:13:33 INFO  : PSE_without_fees_2026-04-13_to_2026-04-15/work_dir/backtests_eiie_20260414_015729_job74139_46bfn538/runs/run_005/checkpoints/checkpoint-00009.pth: Copied (new)
2026/05/08 18:13:33 INFO  : PSE_without_fees_2026-04-13_to_2026-04-15/work_dir/backtests_eiie_20260415_080216_job74149_0mddw9l9/runs/run_005/Visualization_test.png: Copied (new)
2026/05/08 18:13:33 INFO  : PSE_without_fees_2026-04-13_to_2026-04-15/work_dir/backtests_eiie_20260415_045928_job74148_9gausy9d/runs/run_005/Visualization_valid.png: Copied (new)
2026/05/08 18:13:33 INFO  : PSE_without_fees_2026-04-13_to_2026-04-15/work_dir/backtests_eiie_20260415_045928_job74148_9gausy9d/runs/run_005/equity_curve.png: Copied (new)
2026/05/08 18:13:35 INFO  : PSE_without_fees_2026-04-13_to_2026-04-15/work_dir/backtests_eiie_20260415_080216_job74149_0mddw9l9/runs/run_005/daily_turnover.json: Copied (new)
2026/05/08 18:13:35 INFO  : PSE_without_fees_2026-04-13_to_2026-04-15/work_dir/backtests_eiie_20260415_080216_job74149_0mddw9l9/runs/run_005/daily_trades.json: Copied (new)
2026/05/08 18:13:35 INFO  : PSE_without_fees_2026-04-13_to_2026-04-15/work_dir/backtests_eiie_20260415_080216_job74149_0mddw9l9/runs/run_005/equity_curve.csv: Copied (new)
2026/05/08 18:13:35 INFO  : PSE_without_fees_2026-04-13_to_2026-04-15/work_dir/backtests_eiie_20260415_080216_job74149_0mddw9l9/runs/run_005/Visualization_valid.png: Copied (new)
2026/05/08 18:13:37 INFO  : PSE_without_fees_2026-04-13_to_2026-04-15/work_dir/backtests_eiie_20260415_080216_job74149_0mddw9l9/runs/run_005/metrics.json: Copied (new)
2026/05/08 18:13:37 INFO  : PSE_without_fees_2026-04-13_to_2026-04-15/work_dir/backtests_eiie_20260414_165644_job74144_dbwdzdc8/runs/run_004/checkpoints/best.pth: Copied (new)
2026/05/08 18:13:37 INFO  : PSE_without_fees_2026-04-13_to_2026-04-15/work_dir/backtests_eiie_20260414_165644_job74144_dbwdzdc8/runs/run_004/checkpoints/checkpoint-00003.pth: Copied (new)
2026/05/08 18:13:37 INFO  : PSE_without_fees_2026-04-13_to_2026-04-15/work_dir/backtests_eiie_20260414_165644_job74144_dbwdzdc8/runs/run_004/checkpoints/checkpoint-00001.pth: Copied (new)
2026/05/08 18:13:38 INFO  : PSE_without_fees_2026-04-13_to_2026-04-15/work_dir/backtests_eiie_20260414_165644_job74144_dbwdzdc8/runs/run_004/checkpoints/checkpoint-00004.pth: Copied (new)
2026/05/08 18:13:38 INFO  : PSE_without_fees_2026-04-13_to_2026-04-15/work_dir/backtests_eiie_20260415_080216_job74149_0mddw9l9/runs/run_005/equity_curve.png: Copied (new)
2026/05/08 18:13:38 INFO  : PSE_without_fees_2026-04-13_to_2026-04-15/work_dir/backtests_eiie_20260414_165644_job74144_dbwdzdc8/runs/run_004/checkpoints/checkpoint-00002.pth: Copied (new)
2026/05/08 18:13:39 INFO  : PSE_without_fees_2026-04-13_to_2026-04-15/work_dir/backtests_eiie_20260414_165644_job74144_dbwdzdc8/runs/run_004/checkpoints/checkpoint-00007.pth: Copied (new)
2026/05/08 18:13:40 INFO  : PSE_without_fees_2026-04-13_to_2026-04-15/work_dir/backtests_eiie_20260414_165644_job74144_dbwdzdc8/runs/run_004/checkpoints/checkpoint-00006.pth: Copied (new)
2026/05/08 18:13:42 INFO  : PSE_without_fees_2026-04-13_to_2026-04-15/work_dir/backtests_eiie_20260414_165644_job74144_dbwdzdc8/runs/run_004/checkpoints/checkpoint-00008.pth: Copied (new)
2026/05/08 18:13:42 INFO  : NYSE_without_fees_2026-04-13_to_2026-04-15/work_dir/backtests_eiie_20260415_155439_job74134_d24w3yak/runs/run_005/checkpoints/best.pth: Copied (new)
2026/05/08 18:13:42 INFO  : PSE_without_fees_2026-04-13_to_2026-04-15/work_dir/backtests_eiie_20260414_165644_job74144_dbwdzdc8/runs/run_004/checkpoints/checkpoint-00009.pth: Copied (new)
2026/05/08 18:13:42 INFO  : PSE_without_fees_2026-04-13_to_2026-04-15/work_dir/backtests_eiie_20260414_165644_job74144_dbwdzdc8/runs/run_004/checkpoints/checkpoint-00010.pth: Copied (new)
2026/05/08 18:13:42 INFO  : PSE_without_fees_2026-04-13_to_2026-04-15/work_dir/backtests_eiie_20260414_165644_job74144_dbwdzdc8/runs/run_004/checkpoints/checkpoint-00005.pth: Copied (new)
2026/05/08 18:13:42 INFO  : NYSE_without_fees_2026-04-13_to_2026-04-15/work_dir/backtests_eiie_20260415_155439_job74134_d24w3yak/runs/run_005/checkpoints/checkpoint-00003.pth: Copied (new)
2026/05/08 18:13:42 INFO  : NYSE_without_fees_2026-04-13_to_2026-04-15/work_dir/backtests_eiie_20260415_155439_job74134_d24w3yak/runs/run_005/checkpoints/checkpoint-00001.pth: Copied (new)
2026/05/08 18:13:42 INFO  : NYSE_without_fees_2026-04-13_to_2026-04-15/work_dir/backtests_eiie_20260415_155439_job74134_d24w3yak/runs/run_005/checkpoints/checkpoint-00002.pth: Copied (new)
2026/05/08 18:13:44 INFO  : NYSE_without_fees_2026-04-13_to_2026-04-15/work_dir/backtests_eiie_20260415_155439_job74134_d24w3yak/runs/run_005/checkpoints/checkpoint-00005.pth: Copied (new)
2026/05/08 18:13:44 INFO  : NYSE_without_fees_2026-04-13_to_2026-04-15/work_dir/backtests_eiie_20260415_155439_job74134_d24w3yak/runs/run_005/checkpoints/checkpoint-00007.pth: Copied (new)
2026/05/08 18:13:44 INFO  : NYSE_without_fees_2026-04-13_to_2026-04-15/work_dir/backtests_eiie_20260415_155439_job74134_d24w3yak/runs/run_005/checkpoints/checkpoint-00006.pth: Copied (new)
2026/05/08 18:13:44 INFO  : NYSE_without_fees_2026-04-13_to_2026-04-15/work_dir/backtests_eiie_20260415_155439_job74134_d24w3yak/runs/run_005/checkpoints/checkpoint-00008.pth: Copied (new)
2026/05/08 18:13:48 INFO  : NYSE_without_fees_2026-04-13_to_2026-04-15/work_dir/backtests_eiie_20260415_155439_job74134_d24w3yak/runs/run_005/checkpoints/checkpoint-00009.pth: Copied (new)
2026/05/08 18:13:48 INFO  : PSE_without_fees_2026-04-13_to_2026-04-15/work_dir/backtests_eiie_20260415_045928_job74148_9gausy9d/runs/run_003/checkpoints/best.pth: Copied (new)
2026/05/08 18:13:48 INFO  : NYSE_without_fees_2026-04-13_to_2026-04-15/work_dir/backtests_eiie_20260415_155439_job74134_d24w3yak/runs/run_005/checkpoints/checkpoint-00010.pth: Copied (new)
2026/05/08 18:13:48 INFO  : NYSE_without_fees_2026-04-13_to_2026-04-15/work_dir/backtests_eiie_20260415_155439_job74134_d24w3yak/runs/run_005/checkpoints/checkpoint-00004.pth: Copied (new)
2026/05/08 18:13:48 INFO  : PSE_without_fees_2026-04-13_to_2026-04-15/work_dir/backtests_eiie_20260415_045928_job74148_9gausy9d/runs/run_003/checkpoints/checkpoint-00003.pth: Copied (new)
2026/05/08 18:13:48 INFO  : PSE_without_fees_2026-04-13_to_2026-04-15/work_dir/backtests_eiie_20260415_045928_job74148_9gausy9d/runs/run_003/checkpoints/checkpoint-00002.pth: Copied (new)
2026/05/08 18:13:48 INFO  : PSE_without_fees_2026-04-13_to_2026-04-15/work_dir/backtests_eiie_20260415_045928_job74148_9gausy9d/runs/run_003/checkpoints/checkpoint-00004.pth: Copied (new)
2026/05/08 18:13:49 INFO  : PSE_without_fees_2026-04-13_to_2026-04-15/work_dir/backtests_eiie_20260415_045928_job74148_9gausy9d/runs/run_003/checkpoints/checkpoint-00001.pth: Copied (new)
2026/05/08 18:13:50 INFO  : PSE_without_fees_2026-04-13_to_2026-04-15/work_dir/backtests_eiie_20260415_045928_job74148_9gausy9d/runs/run_003/checkpoints/checkpoint-00005.pth: Copied (new)
2026/05/08 18:13:50 INFO  : PSE_without_fees_2026-04-13_to_2026-04-15/work_dir/backtests_eiie_20260415_045928_job74148_9gausy9d/runs/run_003/checkpoints/checkpoint-00006.pth: Copied (new)
2026/05/08 18:13:52 INFO  : PSE_without_fees_2026-04-13_to_2026-04-15/work_dir/backtests_eiie_20260415_045928_job74148_9gausy9d/runs/run_003/checkpoints/checkpoint-00008.pth: Copied (new)
2026/05/08 18:13:52 INFO  : PSE_without_fees_2026-04-13_to_2026-04-15/work_dir/backtests_eiie_20260415_045928_job74148_9gausy9d/runs/run_003/checkpoints/checkpoint-00009.pth: Copied (new)
2026/05/08 18:13:52 INFO  : PSE_without_fees_2026-04-13_to_2026-04-15/work_dir/backtests_eiie_20260415_045928_job74148_9gausy9d/runs/run_003/checkpoints/checkpoint-00010.pth: Copied (new)
2026/05/08 18:13:52 INFO  : PSE_without_fees_2026-04-13_to_2026-04-15/work_dir/backtests_eiie_20260415_045928_job74148_9gausy9d/runs/run_003/checkpoints/checkpoint-00007.pth: Copied (new)
2026/05/08 18:13:53 INFO  : PSE_without_fees_2026-04-13_to_2026-04-15/work_dir/backtests_eiie_20260415_110513_job74150_f5h5w0n8/runs/run_005/daily_trades.json: Copied (new)
2026/05/08 18:13:53 INFO  : PSE_without_fees_2026-04-13_to_2026-04-15/work_dir/backtests_eiie_20260415_110513_job74150_f5h5w0n8/runs/run_005/Visualization_test.png: Copied (new)
2026/05/08 18:13:53 INFO  : PSE_without_fees_2026-04-13_to_2026-04-15/work_dir/backtests_eiie_20260415_110513_job74150_f5h5w0n8/runs/run_005/Visualization_valid.png: Copied (new)
2026/05/08 18:13:54 INFO  : PSE_without_fees_2026-04-13_to_2026-04-15/work_dir/backtests_eiie_20260415_110513_job74150_f5h5w0n8/runs/run_005/daily_turnover.json: Copied (new)
2026/05/08 18:13:56 INFO  : PSE_without_fees_2026-04-13_to_2026-04-15/work_dir/backtests_eiie_20260415_110513_job74150_f5h5w0n8/runs/run_005/equity_curve.csv: Copied (new)
2026/05/08 18:13:56 INFO  : PSE_without_fees_2026-04-13_to_2026-04-15/work_dir/backtests_eiie_20260415_110513_job74150_f5h5w0n8/runs/run_005/metrics.json: Copied (new)
2026/05/08 18:13:56 INFO  : NYSE_without_fees_2026-04-13_to_2026-04-15/work_dir/backtests_eiie_20260413_233931_job74122_rnnteafq/runs/run_003/Visualization_test.png: Copied (new)
2026/05/08 18:13:56 INFO  : NYSE_without_fees_2026-04-13_to_2026-04-15/work_dir/backtests_eiie_20260413_233931_job74122_rnnteafq/runs/run_003/equity_curve.csv: Copied (new)
2026/05/08 18:13:56 INFO  : NYSE_without_fees_2026-04-13_to_2026-04-15/work_dir/backtests_eiie_20260413_233931_job74122_rnnteafq/runs/run_003/daily_trades.json: Copied (new)
2026/05/08 18:13:57 INFO  : NYSE_without_fees_2026-04-13_to_2026-04-15/work_dir/backtests_eiie_20260413_233931_job74122_rnnteafq/runs/run_003/daily_turnover.json: Copied (new)
2026/05/08 18:13:57 INFO  : PSE_without_fees_2026-04-13_to_2026-04-15/work_dir/backtests_eiie_20260415_110513_job74150_f5h5w0n8/runs/run_005/equity_curve.png: Copied (new)
2026/05/08 18:13:57 INFO  : NYSE_without_fees_2026-04-13_to_2026-04-15/work_dir/backtests_eiie_20260413_233931_job74122_rnnteafq/runs/run_003/Visualization_valid.png: Copied (new)
2026/05/08 18:14:00 INFO  : PSE_without_fees_2026-04-13_to_2026-04-15/work_dir/backtests_eiie_20260414_105331_job74142_ufplj8k7/runs/run_005/checkpoints/best.pth: Copied (new)
2026/05/08 18:14:00 INFO  : NYSE_without_fees_2026-04-13_to_2026-04-15/work_dir/backtests_eiie_20260413_233931_job74122_rnnteafq/runs/run_003/metrics.json: Copied (new)
2026/05/08 18:14:00 INFO  : PSE_without_fees_2026-04-13_to_2026-04-15/work_dir/backtests_eiie_20260414_105331_job74142_ufplj8k7/runs/run_005/checkpoints/checkpoint-00001.pth: Copied (new)
2026/05/08 18:14:00 INFO  : PSE_without_fees_2026-04-13_to_2026-04-15/work_dir/backtests_eiie_20260414_105331_job74142_ufplj8k7/runs/run_005/checkpoints/checkpoint-00003.pth: Copied (new)
2026/05/08 18:14:00 INFO  : PSE_without_fees_2026-04-13_to_2026-04-15/work_dir/backtests_eiie_20260414_105331_job74142_ufplj8k7/runs/run_005/checkpoints/checkpoint-00002.pth: Copied (new)
2026/05/08 18:14:00 INFO  : PSE_without_fees_2026-04-13_to_2026-04-15/work_dir/backtests_eiie_20260414_105331_job74142_ufplj8k7/runs/run_005/checkpoints/checkpoint-00005.pth: Copied (new)
2026/05/08 18:14:01 INFO  : NYSE_without_fees_2026-04-13_to_2026-04-15/work_dir/backtests_eiie_20260413_233931_job74122_rnnteafq/runs/run_003/equity_curve.png: Copied (new)
2026/05/08 18:14:01 INFO  : PSE_without_fees_2026-04-13_to_2026-04-15/work_dir/backtests_eiie_20260414_105331_job74142_ufplj8k7/runs/run_005/checkpoints/checkpoint-00004.pth: Copied (new)
2026/05/08 18:14:04 INFO  : PSE_without_fees_2026-04-13_to_2026-04-15/work_dir/backtests_eiie_20260413_225636_job74138_97ly951i/runs/run_005/checkpoints/best.pth: Copied (new)
2026/05/08 18:14:04 INFO  : PSE_without_fees_2026-04-13_to_2026-04-15/work_dir/backtests_eiie_20260414_105331_job74142_ufplj8k7/runs/run_005/checkpoints/checkpoint-00007.pth: Copied (new)
2026/05/08 18:14:32 INFO  : PSE_without_fees_2026-04-13_to_2026-04-15/work_dir/backtests_eiie_20260414_105331_job74142_ufplj8k7/runs/run_005/checkpoints/checkpoint-00009.pth: Copied (new)
2026/05/08 18:14:33 INFO  : PSE_without_fees_2026-04-13_to_2026-04-15/work_dir/backtests_eiie_20260414_105331_job74142_ufplj8k7/runs/run_005/checkpoints/checkpoint-00008.pth: Copied (new)
2026/05/08 18:14:33 INFO  : PSE_without_fees_2026-04-13_to_2026-04-15/work_dir/backtests_eiie_20260414_105331_job74142_ufplj8k7/runs/run_005/checkpoints/checkpoint-00010.pth: Copied (new)
2026/05/08 18:14:33 INFO  : PSE_without_fees_2026-04-13_to_2026-04-15/work_dir/backtests_eiie_20260414_105331_job74142_ufplj8k7/runs/run_005/checkpoints/checkpoint-00006.pth: Copied (new)
2026/05/08 18:14:34 INFO  : PSE_without_fees_2026-04-13_to_2026-04-15/work_dir/backtests_eiie_20260413_225636_job74138_97ly951i/runs/run_005/checkpoints/checkpoint-00004.pth: Copied (new)
2026/05/08 18:14:34 INFO  : PSE_without_fees_2026-04-13_to_2026-04-15/work_dir/backtests_eiie_20260413_225636_job74138_97ly951i/runs/run_005/checkpoints/checkpoint-00002.pth: Copied (new)
2026/05/08 18:14:34 INFO  : PSE_without_fees_2026-04-13_to_2026-04-15/work_dir/backtests_eiie_20260413_225636_job74138_97ly951i/runs/run_005/checkpoints/checkpoint-00003.pth: Copied (new)
2026/05/08 18:14:36 INFO  : PSE_without_fees_2026-04-13_to_2026-04-15/work_dir/backtests_eiie_20260413_225636_job74138_97ly951i/runs/run_005/checkpoints/checkpoint-00008.pth: Copied (new)
2026/05/08 18:14:36 INFO  : PSE_without_fees_2026-04-13_to_2026-04-15/work_dir/backtests_eiie_20260413_225636_job74138_97ly951i/runs/run_005/checkpoints/checkpoint-00007.pth: Copied (new)
2026/05/08 18:14:36 INFO  : PSE_without_fees_2026-04-13_to_2026-04-15/work_dir/backtests_eiie_20260413_225636_job74138_97ly951i/runs/run_005/checkpoints/checkpoint-00006.pth: Copied (new)
2026/05/08 18:14:37 INFO  : PSE_without_fees_2026-04-13_to_2026-04-15/work_dir/backtests_eiie_20260413_225636_job74138_97ly951i/runs/run_005/checkpoints/checkpoint-00009.pth: Copied (new)
2026/05/08 18:14:37 INFO  : PSE_without_fees_2026-04-13_to_2026-04-15/work_dir/backtests_eiie_20260413_225636_job74138_97ly951i/runs/run_005/checkpoints/checkpoint-00010.pth: Copied (new)
2026/05/08 18:14:37 INFO  : PSE_without_fees_2026-04-13_to_2026-04-15/work_dir/backtests_eiie_20260413_225636_job74138_97ly951i/runs/run_005/checkpoints/checkpoint-00005.pth: Copied (new)
2026/05/08 18:14:37 INFO  : PSE_without_fees_2026-04-13_to_2026-04-15/work_dir/backtests_eiie_20260414_135115_job74143_q08j1hi1/runs/run_005/checkpoints/best.pth: Copied (new)
2026/05/08 18:14:38 INFO  : PSE_without_fees_2026-04-13_to_2026-04-15/work_dir/backtests_eiie_20260413_225636_job74138_97ly951i/runs/run_005/checkpoints/checkpoint-00001.pth: Copied (new)
2026/05/08 18:14:38 INFO  : PSE_without_fees_2026-04-13_to_2026-04-15/work_dir/backtests_eiie_20260414_135115_job74143_q08j1hi1/runs/run_005/checkpoints/checkpoint-00001.pth: Copied (new)
2026/05/08 18:14:38 INFO  : PSE_without_fees_2026-04-13_to_2026-04-15/work_dir/backtests_eiie_20260414_135115_job74143_q08j1hi1/runs/run_005/checkpoints/checkpoint-00002.pth: Copied (new)
2026/05/08 18:14:38 INFO  : PSE_without_fees_2026-04-13_to_2026-04-15/work_dir/backtests_eiie_20260414_135115_job74143_q08j1hi1/runs/run_005/checkpoints/checkpoint-00003.pth: Copied (new)
2026/05/08 18:14:40 INFO  : PSE_without_fees_2026-04-13_to_2026-04-15/work_dir/backtests_eiie_20260414_135115_job74143_q08j1hi1/runs/run_005/checkpoints/checkpoint-00007.pth: Copied (new)
2026/05/08 18:14:40 INFO  : PSE_without_fees_2026-04-13_to_2026-04-15/work_dir/backtests_eiie_20260414_135115_job74143_q08j1hi1/runs/run_005/checkpoints/checkpoint-00004.pth: Copied (new)
2026/05/08 18:14:40 INFO  : PSE_without_fees_2026-04-13_to_2026-04-15/work_dir/backtests_eiie_20260414_135115_job74143_q08j1hi1/runs/run_005/checkpoints/checkpoint-00005.pth: Copied (new)
2026/05/08 18:14:40 INFO  : PSE_without_fees_2026-04-13_to_2026-04-15/work_dir/backtests_eiie_20260414_135115_job74143_q08j1hi1/runs/run_005/checkpoints/checkpoint-00006.pth: Copied (new)
2026/05/08 18:14:40 INFO  : PSE_without_fees_2026-04-13_to_2026-04-15/work_dir/backtests_eiie_20260414_135115_job74143_q08j1hi1/runs/run_005/checkpoints/checkpoint-00008.pth: Copied (new)
2026/05/08 18:14:42 INFO  : PSE_without_fees_2026-04-13_to_2026-04-15/work_dir/backtests_eiie_20260414_135115_job74143_q08j1hi1/runs/run_005/checkpoints/checkpoint-00009.pth: Copied (new)
2026/05/08 18:14:42 INFO  : PSE_without_fees_2026-04-13_to_2026-04-15/work_dir/backtests_eiie_20260414_135115_job74143_q08j1hi1/runs/run_005/checkpoints/checkpoint-00010.pth: Copied (new)
2026/05/08 18:14:42 INFO  : NYSE_without_fees_2026-04-13_to_2026-04-15/work_dir/backtests_eiie_20260413_165222_job74120_idnmrt72/runs/run_003/Visualization_test.png: Copied (new)
2026/05/08 18:14:44 INFO  : NYSE_without_fees_2026-04-13_to_2026-04-15/work_dir/backtests_eiie_20260413_165222_job74120_idnmrt72/runs/run_003/Visualization_valid.png: Copied (new)
2026/05/08 18:14:45 INFO  : NYSE_without_fees_2026-04-13_to_2026-04-15/work_dir/backtests_eiie_20260413_233931_job74122_rnnteafq/runs/run_001/checkpoints/checkpoint-00003.pth: Copied (new)
2026/05/08 18:14:45 INFO  : NYSE_without_fees_2026-04-13_to_2026-04-15/work_dir/backtests_eiie_20260413_233931_job74122_rnnteafq/runs/run_001/checkpoints/checkpoint-00001.pth: Copied (new)
2026/05/08 18:14:45 INFO  : NYSE_without_fees_2026-04-13_to_2026-04-15/work_dir/backtests_eiie_20260413_233931_job74122_rnnteafq/runs/run_001/checkpoints/checkpoint-00002.pth: Copied (new)
2026/05/08 18:14:45 INFO  : NYSE_without_fees_2026-04-13_to_2026-04-15/work_dir/backtests_eiie_20260413_233931_job74122_rnnteafq/runs/run_001/checkpoints/best.pth: Copied (new)
2026/05/08 18:14:45 INFO  : NYSE_without_fees_2026-04-13_to_2026-04-15/work_dir/backtests_eiie_20260413_233931_job74122_rnnteafq/runs/run_001/checkpoints/checkpoint-00004.pth: Copied (new)
2026/05/08 18:14:45 INFO  : NYSE_without_fees_2026-04-13_to_2026-04-15/work_dir/backtests_eiie_20260413_233931_job74122_rnnteafq/runs/run_001/checkpoints/checkpoint-00005.pth: Copied (new)
2026/05/08 18:14:46 INFO  : NYSE_without_fees_2026-04-13_to_2026-04-15/work_dir/backtests_eiie_20260413_233931_job74122_rnnteafq/runs/run_001/checkpoints/checkpoint-00006.pth: Copied (new)
2026/05/08 18:14:47 INFO  : NYSE_without_fees_2026-04-13_to_2026-04-15/work_dir/backtests_eiie_20260413_233931_job74122_rnnteafq/runs/run_001/checkpoints/checkpoint-00007.pth: Copied (new)
2026/05/08 18:14:47 INFO  : NYSE_without_fees_2026-04-13_to_2026-04-15/work_dir/backtests_eiie_20260413_233931_job74122_rnnteafq/runs/run_001/checkpoints/checkpoint-00009.pth: Copied (new)
2026/05/08 18:14:47 INFO  : NYSE_without_fees_2026-04-13_to_2026-04-15/work_dir/backtests_eiie_20260413_233931_job74122_rnnteafq/runs/run_001/checkpoints/checkpoint-00008.pth: Copied (new)
2026/05/08 18:14:47 INFO  : NYSE_without_fees_2026-04-13_to_2026-04-15/work_dir/backtests_eiie_20260413_233931_job74122_rnnteafq/runs/run_001/checkpoints/checkpoint-00010.pth: Copied (new)
2026/05/08 18:14:48 INFO  : NYSE_without_fees_2026-04-13_to_2026-04-15/work_dir/backtests_eiie_20260413_165222_job74120_idnmrt72/runs/run_003/daily_trades.json: Copied (new)
2026/05/08 18:14:48 INFO  : NYSE_without_fees_2026-04-13_to_2026-04-15/work_dir/backtests_eiie_20260413_165222_job74120_idnmrt72/runs/run_003/equity_curve.csv: Copied (new)
2026/05/08 18:14:48 INFO  : NYSE_without_fees_2026-04-13_to_2026-04-15/work_dir/backtests_eiie_20260413_165222_job74120_idnmrt72/runs/run_003/daily_turnover.json: Copied (new)
2026/05/08 18:14:49 INFO  : NYSE_without_fees_2026-04-13_to_2026-04-15/work_dir/backtests_eiie_20260413_165222_job74120_idnmrt72/runs/run_003/equity_curve.png: Copied (new)
2026/05/08 18:14:51 INFO  : NYSE_without_fees_2026-04-13_to_2026-04-15/work_dir/backtests_eiie_20260413_165222_job74120_idnmrt72/runs/run_003/metrics.json: Copied (new)
2026/05/08 18:14:51 INFO  : PSE_without_fees_2026-04-13_to_2026-04-15/work_dir/backtests_eiie_20260415_140329_job74151_2odpu3ez/runs/run_005/daily_turnover.json: Copied (new)
2026/05/08 18:14:51 INFO  : PSE_without_fees_2026-04-13_to_2026-04-15/work_dir/backtests_eiie_20260415_140329_job74151_2odpu3ez/runs/run_005/metrics.json: Copied (new)
2026/05/08 18:14:51 INFO  : PSE_without_fees_2026-04-13_to_2026-04-15/work_dir/backtests_eiie_20260415_140329_job74151_2odpu3ez/runs/run_005/equity_curve.csv: Copied (new)
2026/05/08 18:14:51 INFO  : PSE_without_fees_2026-04-13_to_2026-04-15/work_dir/backtests_eiie_20260415_140329_job74151_2odpu3ez/runs/run_005/daily_trades.json: Copied (new)
2026/05/08 18:14:52 INFO  : PSE_without_fees_2026-04-13_to_2026-04-15/work_dir/backtests_eiie_20260415_140329_job74151_2odpu3ez/runs/run_005/Visualization_test.png: Copied (new)
2026/05/08 18:14:52 INFO  : PSE_without_fees_2026-04-13_to_2026-04-15/work_dir/backtests_eiie_20260415_140329_job74151_2odpu3ez/runs/run_005/equity_curve.png: Copied (new)
2026/05/08 18:14:52 INFO  : PSE_without_fees_2026-04-13_to_2026-04-15/work_dir/backtests_eiie_20260415_140329_job74151_2odpu3ez/runs/run_005/Visualization_valid.png: Copied (new)
2026/05/08 18:14:55 INFO  : PSE_without_fees_2026-04-13_to_2026-04-15/work_dir/backtests_eiie_20260415_020042_job74147_86qdx6pe/runs/run_004/checkpoints/best.pth: Copied (new)
2026/05/08 18:14:55 INFO  : PSE_without_fees_2026-04-13_to_2026-04-15/work_dir/backtests_eiie_20260415_020042_job74147_86qdx6pe/runs/run_004/checkpoints/checkpoint-00007.pth: Copied (new)
2026/05/08 18:14:55 INFO  : PSE_without_fees_2026-04-13_to_2026-04-15/work_dir/backtests_eiie_20260415_020042_job74147_86qdx6pe/runs/run_004/checkpoints/checkpoint-00006.pth: Copied (new)
2026/05/08 18:14:55 INFO  : PSE_without_fees_2026-04-13_to_2026-04-15/work_dir/backtests_eiie_20260415_020042_job74147_86qdx6pe/runs/run_004/checkpoints/checkpoint-00001.pth: Copied (new)
2026/05/08 18:14:55 INFO  : PSE_without_fees_2026-04-13_to_2026-04-15/work_dir/backtests_eiie_20260415_020042_job74147_86qdx6pe/runs/run_004/checkpoints/checkpoint-00005.pth: Copied (new)
2026/05/08 18:14:55 INFO  : PSE_without_fees_2026-04-13_to_2026-04-15/work_dir/backtests_eiie_20260415_020042_job74147_86qdx6pe/runs/run_004/checkpoints/checkpoint-00004.pth: Copied (new)
2026/05/08 18:14:55 INFO  : PSE_without_fees_2026-04-13_to_2026-04-15/work_dir/backtests_eiie_20260415_020042_job74147_86qdx6pe/runs/run_004/checkpoints/checkpoint-00003.pth: Copied (new)
2026/05/08 18:14:55 INFO  : PSE_without_fees_2026-04-13_to_2026-04-15/work_dir/backtests_eiie_20260415_020042_job74147_86qdx6pe/runs/run_004/checkpoints/checkpoint-00002.pth: Copied (new)
2026/05/08 18:14:59 INFO  : PSE_without_fees_2026-04-13_to_2026-04-15/work_dir/backtests_eiie_20260415_020042_job74147_86qdx6pe/runs/run_004/checkpoints/checkpoint-00010.pth: Copied (new)
2026/05/08 18:14:59 INFO  : PSE_without_fees_2026-04-13_to_2026-04-15/work_dir/backtests_eiie_20260415_020042_job74147_86qdx6pe/runs/run_004/checkpoints/checkpoint-00009.pth: Copied (new)
2026/05/08 18:14:59 INFO  : PSE_without_fees_2026-04-13_to_2026-04-15/work_dir/backtests_eiie_20260414_225950_job74146_ur5evt9d/runs/run_005/checkpoints/best.pth: Copied (new)
2026/05/08 18:14:59 INFO  : PSE_without_fees_2026-04-13_to_2026-04-15/work_dir/backtests_eiie_20260414_225950_job74146_ur5evt9d/runs/run_005/checkpoints/checkpoint-00004.pth: Copied (new)
2026/05/08 18:14:59 INFO  : PSE_without_fees_2026-04-13_to_2026-04-15/work_dir/backtests_eiie_20260415_020042_job74147_86qdx6pe/runs/run_004/checkpoints/checkpoint-00008.pth: Copied (new)
2026/05/08 18:14:59 INFO  : PSE_without_fees_2026-04-13_to_2026-04-15/work_dir/backtests_eiie_20260414_225950_job74146_ur5evt9d/runs/run_005/checkpoints/checkpoint-00002.pth: Copied (new)
2026/05/08 18:15:00 INFO  : PSE_without_fees_2026-04-13_to_2026-04-15/work_dir/backtests_eiie_20260414_225950_job74146_ur5evt9d/runs/run_005/checkpoints/checkpoint-00001.pth: Copied (new)
2026/05/08 18:15:01 INFO  : PSE_without_fees_2026-04-13_to_2026-04-15/work_dir/backtests_eiie_20260414_225950_job74146_ur5evt9d/runs/run_005/checkpoints/checkpoint-00003.pth: Copied (new)
2026/05/08 18:15:01 INFO  : PSE_without_fees_2026-04-13_to_2026-04-15/work_dir/backtests_eiie_20260414_225950_job74146_ur5evt9d/runs/run_005/checkpoints/checkpoint-00006.pth: Copied (new)
2026/05/08 18:15:01 INFO  : PSE_without_fees_2026-04-13_to_2026-04-15/work_dir/backtests_eiie_20260414_225950_job74146_ur5evt9d/runs/run_005/checkpoints/checkpoint-00005.pth: Copied (new)
2026/05/08 18:15:02 INFO  : PSE_without_fees_2026-04-13_to_2026-04-15/work_dir/backtests_eiie_20260414_225950_job74146_ur5evt9d/runs/run_005/checkpoints/checkpoint-00007.pth: Copied (new)
2026/05/08 18:15:04 INFO  : PSE_without_fees_2026-04-13_to_2026-04-15/work_dir/backtests_eiie_20260414_225950_job74146_ur5evt9d/runs/run_005/checkpoints/checkpoint-00009.pth: Copied (new)
2026/05/08 18:15:04 INFO  : PSE_without_fees_2026-04-13_to_2026-04-15/work_dir/backtests_eiie_20260414_225950_job74146_ur5evt9d/runs/run_005/checkpoints/checkpoint-00010.pth: Copied (new)
2026/05/08 18:15:28 INFO  : PSE_without_fees_2026-04-13_to_2026-04-15/work_dir/backtests_eiie_20260415_080216_job74149_0mddw9l9/runs/run_004/checkpoints/checkpoint-00004.pth: Copied (new)
2026/05/08 18:15:29 INFO  : PSE_without_fees_2026-04-13_to_2026-04-15/work_dir/backtests_eiie_20260415_080216_job74149_0mddw9l9/runs/run_004/checkpoints/checkpoint-00001.pth: Copied (new)
2026/05/08 18:15:29 INFO  : PSE_without_fees_2026-04-13_to_2026-04-15/work_dir/backtests_eiie_20260415_080216_job74149_0mddw9l9/runs/run_004/checkpoints/checkpoint-00002.pth: Copied (new)
2026/05/08 18:15:29 INFO  : PSE_without_fees_2026-04-13_to_2026-04-15/work_dir/backtests_eiie_20260415_080216_job74149_0mddw9l9/runs/run_004/checkpoints/checkpoint-00003.pth: Copied (new)
2026/05/08 18:15:29 INFO  : PSE_without_fees_2026-04-13_to_2026-04-15/work_dir/backtests_eiie_20260415_080216_job74149_0mddw9l9/runs/run_004/checkpoints/checkpoint-00006.pth: Copied (new)
2026/05/08 18:15:29 INFO  : PSE_without_fees_2026-04-13_to_2026-04-15/work_dir/backtests_eiie_20260414_225950_job74146_ur5evt9d/runs/run_005/checkpoints/checkpoint-00008.pth: Copied (new)
2026/05/08 18:15:29 INFO  : PSE_without_fees_2026-04-13_to_2026-04-15/work_dir/backtests_eiie_20260415_080216_job74149_0mddw9l9/runs/run_004/checkpoints/best.pth: Copied (new)
2026/05/08 18:15:29 INFO  : PSE_without_fees_2026-04-13_to_2026-04-15/work_dir/backtests_eiie_20260415_080216_job74149_0mddw9l9/runs/run_004/checkpoints/checkpoint-00005.pth: Copied (new)
2026/05/08 18:15:30 INFO  : PSE_without_fees_2026-04-13_to_2026-04-15/work_dir/backtests_eiie_20260415_080216_job74149_0mddw9l9/runs/run_004/checkpoints/checkpoint-00007.pth: Copied (new)
2026/05/08 18:15:33 INFO  : PSE_without_fees_2026-04-13_to_2026-04-15/work_dir/backtests_eiie_20260415_080216_job74149_0mddw9l9/runs/run_004/checkpoints/checkpoint-00009.pth: Copied (new)
2026/05/08 18:15:33 INFO  : PSE_without_fees_2026-04-13_to_2026-04-15/work_dir/backtests_eiie_20260414_075610_job74141_jxq9e3d_/runs/run_005/checkpoints/best.pth: Copied (new)
2026/05/08 18:15:33 INFO  : PSE_without_fees_2026-04-13_to_2026-04-15/work_dir/backtests_eiie_20260415_080216_job74149_0mddw9l9/runs/run_004/checkpoints/checkpoint-00010.pth: Copied (new)
2026/05/08 18:15:33 INFO  : PSE_without_fees_2026-04-13_to_2026-04-15/work_dir/backtests_eiie_20260415_080216_job74149_0mddw9l9/runs/run_004/checkpoints/checkpoint-00008.pth: Copied (new)
2026/05/08 18:15:34 INFO  : PSE_without_fees_2026-04-13_to_2026-04-15/work_dir/backtests_eiie_20260414_075610_job74141_jxq9e3d_/runs/run_005/checkpoints/checkpoint-00002.pth: Copied (new)
2026/05/08 18:15:34 INFO  : PSE_without_fees_2026-04-13_to_2026-04-15/work_dir/backtests_eiie_20260414_075610_job74141_jxq9e3d_/runs/run_005/checkpoints/checkpoint-00003.pth: Copied (new)
2026/05/08 18:15:34 INFO  : PSE_without_fees_2026-04-13_to_2026-04-15/work_dir/backtests_eiie_20260414_075610_job74141_jxq9e3d_/runs/run_005/checkpoints/checkpoint-00004.pth: Copied (new)
2026/05/08 18:15:34 INFO  : PSE_without_fees_2026-04-13_to_2026-04-15/work_dir/backtests_eiie_20260414_075610_job74141_jxq9e3d_/runs/run_005/checkpoints/checkpoint-00001.pth: Copied (new)
2026/05/08 18:15:37 INFO  : PSE_without_fees_2026-04-13_to_2026-04-15/work_dir/backtests_eiie_20260413_165222_job74136_gkc4fhnc/runs/run_005/checkpoints/best.pth: Copied (new)
2026/05/08 18:15:37 INFO  : PSE_without_fees_2026-04-13_to_2026-04-15/work_dir/backtests_eiie_20260414_075610_job74141_jxq9e3d_/runs/run_005/checkpoints/checkpoint-00007.pth: Copied (new)
2026/05/08 18:15:37 INFO  : PSE_without_fees_2026-04-13_to_2026-04-15/work_dir/backtests_eiie_20260414_075610_job74141_jxq9e3d_/runs/run_005/checkpoints/checkpoint-00009.pth: Copied (new)
2026/05/08 18:15:37 INFO  : PSE_without_fees_2026-04-13_to_2026-04-15/work_dir/backtests_eiie_20260414_075610_job74141_jxq9e3d_/runs/run_005/checkpoints/checkpoint-00008.pth: Copied (new)
2026/05/08 18:15:37 INFO  : PSE_without_fees_2026-04-13_to_2026-04-15/work_dir/backtests_eiie_20260414_075610_job74141_jxq9e3d_/runs/run_005/checkpoints/checkpoint-00010.pth: Copied (new)
2026/05/08 18:15:38 INFO  : PSE_without_fees_2026-04-13_to_2026-04-15/work_dir/backtests_eiie_20260414_075610_job74141_jxq9e3d_/runs/run_005/checkpoints/checkpoint-00006.pth: Copied (new)
2026/05/08 18:15:38 INFO  : PSE_without_fees_2026-04-13_to_2026-04-15/work_dir/backtests_eiie_20260414_075610_job74141_jxq9e3d_/runs/run_005/checkpoints/checkpoint-00005.pth: Copied (new)
2026/05/08 18:15:39 INFO  : PSE_without_fees_2026-04-13_to_2026-04-15/work_dir/backtests_eiie_20260413_165222_job74136_gkc4fhnc/runs/run_005/checkpoints/checkpoint-00002.pth: Copied (new)
2026/05/08 18:15:40 INFO  : PSE_without_fees_2026-04-13_to_2026-04-15/work_dir/backtests_eiie_20260413_165222_job74136_gkc4fhnc/runs/run_005/checkpoints/checkpoint-00001.pth: Copied (new)
2026/05/08 18:15:40 INFO  : PSE_without_fees_2026-04-13_to_2026-04-15/work_dir/backtests_eiie_20260413_165222_job74136_gkc4fhnc/runs/run_005/checkpoints/checkpoint-00006.pth: Copied (new)
2026/05/08 18:15:40 INFO  : PSE_without_fees_2026-04-13_to_2026-04-15/work_dir/backtests_eiie_20260413_165222_job74136_gkc4fhnc/runs/run_005/checkpoints/checkpoint-00004.pth: Copied (new)
2026/05/08 18:15:40 INFO  : PSE_without_fees_2026-04-13_to_2026-04-15/work_dir/backtests_eiie_20260413_165222_job74136_gkc4fhnc/runs/run_005/checkpoints/checkpoint-00003.pth: Copied (new)
2026/05/08 18:15:40 INFO  : PSE_without_fees_2026-04-13_to_2026-04-15/work_dir/backtests_eiie_20260413_165222_job74136_gkc4fhnc/runs/run_005/checkpoints/checkpoint-00005.pth: Copied (new)
2026/05/08 18:15:40 INFO  : PSE_without_fees_2026-04-13_to_2026-04-15/work_dir/backtests_eiie_20260413_165222_job74136_gkc4fhnc/runs/run_005/checkpoints/checkpoint-00007.pth: Copied (new)
2026/05/08 18:15:40 INFO  : PSE_without_fees_2026-04-13_to_2026-04-15/work_dir/backtests_eiie_20260413_165222_job74136_gkc4fhnc/runs/run_005/checkpoints/checkpoint-00008.pth: Copied (new)
2026/05/08 18:15:44 INFO  : PSE_without_fees_2026-04-13_to_2026-04-15/work_dir/backtests_eiie_20260413_165222_job74136_gkc4fhnc/runs/run_005/checkpoints/checkpoint-00009.pth: Copied (new)
2026/05/08 18:15:44 INFO  : PSE_without_fees_2026-04-13_to_2026-04-15/work_dir/backtests_eiie_20260413_165222_job74136_gkc4fhnc/runs/run_005/checkpoints/checkpoint-00010.pth: Copied (new)
2026/05/08 18:15:44 INFO  : PSE_without_fees_2026-04-13_to_2026-04-15/work_dir/backtests_eiie_20260415_020042_job74147_86qdx6pe/runs/run_005/checkpoints/checkpoint-00004.pth: Copied (new)
2026/05/08 18:15:44 INFO  : PSE_without_fees_2026-04-13_to_2026-04-15/work_dir/backtests_eiie_20260415_020042_job74147_86qdx6pe/runs/run_005/checkpoints/checkpoint-00001.pth: Copied (new)
2026/05/08 18:15:44 INFO  : PSE_without_fees_2026-04-13_to_2026-04-15/work_dir/backtests_eiie_20260415_020042_job74147_86qdx6pe/runs/run_005/checkpoints/checkpoint-00005.pth: Copied (new)
2026/05/08 18:15:44 INFO  : PSE_without_fees_2026-04-13_to_2026-04-15/work_dir/backtests_eiie_20260415_020042_job74147_86qdx6pe/runs/run_005/checkpoints/checkpoint-00003.pth: Copied (new)
2026/05/08 18:15:44 INFO  : PSE_without_fees_2026-04-13_to_2026-04-15/work_dir/backtests_eiie_20260415_020042_job74147_86qdx6pe/runs/run_005/checkpoints/best.pth: Copied (new)
2026/05/08 18:15:46 INFO  : PSE_without_fees_2026-04-13_to_2026-04-15/work_dir/backtests_eiie_20260415_020042_job74147_86qdx6pe/runs/run_005/checkpoints/checkpoint-00002.pth: Copied (new)
2026/05/08 18:15:46 INFO  : PSE_without_fees_2026-04-13_to_2026-04-15/work_dir/backtests_eiie_20260415_020042_job74147_86qdx6pe/runs/run_005/checkpoints/checkpoint-00006.pth: Copied (new)
2026/05/08 18:15:48 INFO  : PSE_without_fees_2026-04-13_to_2026-04-15/work_dir/backtests_eiie_20260415_020042_job74147_86qdx6pe/runs/run_005/checkpoints/checkpoint-00009.pth: Copied (new)
2026/05/08 18:15:48 INFO  : PSE_without_fees_2026-04-13_to_2026-04-15/work_dir/backtests_eiie_20260415_020042_job74147_86qdx6pe/runs/run_005/checkpoints/checkpoint-00007.pth: Copied (new)
2026/05/08 18:15:48 INFO  : PSE_without_fees_2026-04-13_to_2026-04-15/work_dir/backtests_eiie_20260415_020042_job74147_86qdx6pe/runs/run_005/checkpoints/checkpoint-00010.pth: Copied (new)
2026/05/08 18:15:48 INFO  : PSE_without_fees_2026-04-13_to_2026-04-15/work_dir/backtests_eiie_20260415_020042_job74147_86qdx6pe/runs/run_005/checkpoints/checkpoint-00008.pth: Copied (new)
2026/05/08 18:15:48 INFO  : NYSE_without_fees_2026-04-13_to_2026-04-15/work_dir/backtests_eiie_20260413_165222_job74120_idnmrt72/runs/run_001/checkpoints/best.pth: Copied (new)
2026/05/08 18:15:49 INFO  : NYSE_without_fees_2026-04-13_to_2026-04-15/work_dir/backtests_eiie_20260413_165222_job74120_idnmrt72/runs/run_001/checkpoints/checkpoint-00003.pth: Copied (new)
2026/05/08 18:15:49 INFO  : NYSE_without_fees_2026-04-13_to_2026-04-15/work_dir/backtests_eiie_20260413_165222_job74120_idnmrt72/runs/run_001/checkpoints/checkpoint-00002.pth: Copied (new)
2026/05/08 18:15:49 INFO  : NYSE_without_fees_2026-04-13_to_2026-04-15/work_dir/backtests_eiie_20260413_165222_job74120_idnmrt72/runs/run_001/checkpoints/checkpoint-00001.pth: Copied (new)
2026/05/08 18:15:50 INFO  : NYSE_without_fees_2026-04-13_to_2026-04-15/work_dir/backtests_eiie_20260413_165222_job74120_idnmrt72/runs/run_001/checkpoints/checkpoint-00005.pth: Copied (new)
2026/05/08 18:15:50 INFO  : NYSE_without_fees_2026-04-13_to_2026-04-15/work_dir/backtests_eiie_20260413_165222_job74120_idnmrt72/runs/run_001/checkpoints/checkpoint-00004.pth: Copied (new)
2026/05/08 18:15:51 INFO  : NYSE_without_fees_2026-04-13_to_2026-04-15/work_dir/backtests_eiie_20260413_165222_job74120_idnmrt72/runs/run_001/checkpoints/checkpoint-00007.pth: Copied (new)
2026/05/08 18:15:51 INFO  : NYSE_without_fees_2026-04-13_to_2026-04-15/work_dir/backtests_eiie_20260413_165222_job74120_idnmrt72/runs/run_001/checkpoints/checkpoint-00008.pth: Copied (new)
2026/05/08 18:15:51 INFO  : NYSE_without_fees_2026-04-13_to_2026-04-15/work_dir/backtests_eiie_20260413_165222_job74120_idnmrt72/runs/run_001/checkpoints/checkpoint-00009.pth: Copied (new)
2026/05/08 18:15:51 INFO  : NYSE_without_fees_2026-04-13_to_2026-04-15/work_dir/backtests_eiie_20260413_165222_job74120_idnmrt72/runs/run_001/checkpoints/checkpoint-00010.pth: Copied (new)
2026/05/08 18:15:53 INFO  : NYSE_without_fees_2026-04-13_to_2026-04-15/work_dir/backtests_eiie_20260413_165222_job74120_idnmrt72/runs/run_001/checkpoints/checkpoint-00006.pth: Copied (new)
2026/05/08 18:15:53 INFO  : PSE_without_fees_2026-04-13_to_2026-04-15/work_dir/backtests_eiie_20260414_165644_job74144_dbwdzdc8/runs/run_005/checkpoints/best.pth: Copied (new)
2026/05/08 18:15:53 INFO  : PSE_without_fees_2026-04-13_to_2026-04-15/work_dir/backtests_eiie_20260414_165644_job74144_dbwdzdc8/runs/run_005/checkpoints/checkpoint-00006.pth: Copied (new)
2026/05/08 18:15:53 INFO  : PSE_without_fees_2026-04-13_to_2026-04-15/work_dir/backtests_eiie_20260414_165644_job74144_dbwdzdc8/runs/run_005/checkpoints/checkpoint-00004.pth: Copied (new)
2026/05/08 18:15:53 INFO  : PSE_without_fees_2026-04-13_to_2026-04-15/work_dir/backtests_eiie_20260414_165644_job74144_dbwdzdc8/runs/run_005/checkpoints/checkpoint-00003.pth: Copied (new)
2026/05/08 18:15:53 INFO  : PSE_without_fees_2026-04-13_to_2026-04-15/work_dir/backtests_eiie_20260414_165644_job74144_dbwdzdc8/runs/run_005/checkpoints/checkpoint-00001.pth: Copied (new)
2026/05/08 18:15:53 INFO  : PSE_without_fees_2026-04-13_to_2026-04-15/work_dir/backtests_eiie_20260414_165644_job74144_dbwdzdc8/runs/run_005/checkpoints/checkpoint-00005.pth: Copied (new)
2026/05/08 18:15:53 INFO  : PSE_without_fees_2026-04-13_to_2026-04-15/work_dir/backtests_eiie_20260414_165644_job74144_dbwdzdc8/runs/run_005/checkpoints/checkpoint-00002.pth: Copied (new)
2026/05/08 18:15:57 INFO  : PSE_without_fees_2026-04-13_to_2026-04-15/work_dir/backtests_eiie_20260414_045947_job74140_h8ucwjhj/runs/run_005/checkpoints/best.pth: Copied (new)
2026/05/08 18:15:57 INFO  : PSE_without_fees_2026-04-13_to_2026-04-15/work_dir/backtests_eiie_20260414_165644_job74144_dbwdzdc8/runs/run_005/checkpoints/checkpoint-00009.pth: Copied (new)
2026/05/08 18:15:57 INFO  : PSE_without_fees_2026-04-13_to_2026-04-15/work_dir/backtests_eiie_20260414_165644_job74144_dbwdzdc8/runs/run_005/checkpoints/checkpoint-00010.pth: Copied (new)
2026/05/08 18:15:57 INFO  : PSE_without_fees_2026-04-13_to_2026-04-15/work_dir/backtests_eiie_20260414_165644_job74144_dbwdzdc8/runs/run_005/checkpoints/checkpoint-00007.pth: Copied (new)
2026/05/08 18:15:57 INFO  : PSE_without_fees_2026-04-13_to_2026-04-15/work_dir/backtests_eiie_20260414_165644_job74144_dbwdzdc8/runs/run_005/checkpoints/checkpoint-00008.pth: Copied (new)
2026/05/08 18:15:57 INFO  : PSE_without_fees_2026-04-13_to_2026-04-15/work_dir/backtests_eiie_20260414_045947_job74140_h8ucwjhj/runs/run_005/checkpoints/checkpoint-00002.pth: Copied (new)
2026/05/08 18:15:58 INFO  : PSE_without_fees_2026-04-13_to_2026-04-15/work_dir/backtests_eiie_20260414_045947_job74140_h8ucwjhj/runs/run_005/checkpoints/checkpoint-00003.pth: Copied (new)
2026/05/08 18:15:58 INFO  : PSE_without_fees_2026-04-13_to_2026-04-15/work_dir/backtests_eiie_20260414_045947_job74140_h8ucwjhj/runs/run_005/checkpoints/checkpoint-00001.pth: Copied (new)
2026/05/08 18:15:59 INFO  : PSE_without_fees_2026-04-13_to_2026-04-15/work_dir/backtests_eiie_20260414_045947_job74140_h8ucwjhj/runs/run_005/checkpoints/checkpoint-00005.pth: Copied (new)
2026/05/08 18:15:59 INFO  : PSE_without_fees_2026-04-13_to_2026-04-15/work_dir/backtests_eiie_20260414_045947_job74140_h8ucwjhj/runs/run_005/checkpoints/checkpoint-00004.pth: Copied (new)
2026/05/08 18:16:00 INFO  : PSE_without_fees_2026-04-13_to_2026-04-15/work_dir/backtests_eiie_20260414_045947_job74140_h8ucwjhj/runs/run_005/checkpoints/checkpoint-00008.pth: Copied (new)
2026/05/08 18:16:00 INFO  : PSE_without_fees_2026-04-13_to_2026-04-15/work_dir/backtests_eiie_20260414_045947_job74140_h8ucwjhj/runs/run_005/checkpoints/checkpoint-00007.pth: Copied (new)
2026/05/08 18:16:00 INFO  : PSE_without_fees_2026-04-13_to_2026-04-15/work_dir/backtests_eiie_20260414_045947_job74140_h8ucwjhj/runs/run_005/checkpoints/checkpoint-00006.pth: Copied (new)
2026/05/08 18:16:02 INFO  : PSE_without_fees_2026-04-13_to_2026-04-15/work_dir/backtests_eiie_20260414_045947_job74140_h8ucwjhj/runs/run_005/checkpoints/checkpoint-00009.pth: Copied (new)
2026/05/08 18:16:02 INFO  : PSE_without_fees_2026-04-13_to_2026-04-15/work_dir/backtests_eiie_20260414_045947_job74140_h8ucwjhj/runs/run_005/checkpoints/checkpoint-00010.pth: Copied (new)
2026/05/08 18:16:02 INFO  : NYSE_without_fees_2026-04-13_to_2026-04-15/work_dir/backtests_eiie_20260413_233931_job74122_rnnteafq/runs/run_004/daily_turnover.json: Copied (new)
2026/05/08 18:16:02 INFO  : NYSE_without_fees_2026-04-13_to_2026-04-15/work_dir/backtests_eiie_20260413_233931_job74122_rnnteafq/runs/run_004/daily_trades.json: Copied (new)
2026/05/08 18:16:02 INFO  : NYSE_without_fees_2026-04-13_to_2026-04-15/work_dir/backtests_eiie_20260413_233931_job74122_rnnteafq/runs/run_004/equity_curve.csv: Copied (new)
2026/05/08 18:16:02 INFO  : NYSE_without_fees_2026-04-13_to_2026-04-15/work_dir/backtests_eiie_20260413_233931_job74122_rnnteafq/runs/run_004/Visualization_test.png: Copied (new)
2026/05/08 18:16:02 INFO  : NYSE_without_fees_2026-04-13_to_2026-04-15/work_dir/backtests_eiie_20260413_233931_job74122_rnnteafq/runs/run_004/Visualization_valid.png: Copied (new)
2026/05/08 18:16:03 INFO  : NYSE_without_fees_2026-04-13_to_2026-04-15/work_dir/backtests_eiie_20260413_233931_job74122_rnnteafq/runs/run_004/equity_curve.png: Copied (new)
2026/05/08 18:16:41 INFO  : NYSE_without_fees_2026-04-13_to_2026-04-15/work_dir/backtests_eiie_20260413_233931_job74122_rnnteafq/runs/run_004/metrics.json: Copied (new)
2026/05/08 18:16:41 INFO  : NYSE_without_fees_2026-04-13_to_2026-04-15/work_dir/backtests_eiie_20260413_165222_job74120_idnmrt72/runs/run_004/daily_trades.json: Copied (new)
2026/05/08 18:16:41 INFO  : NYSE_without_fees_2026-04-13_to_2026-04-15/work_dir/backtests_eiie_20260413_165222_job74120_idnmrt72/runs/run_004/equity_curve.csv: Copied (new)
2026/05/08 18:16:41 INFO  : NYSE_without_fees_2026-04-13_to_2026-04-15/work_dir/backtests_eiie_20260413_165222_job74120_idnmrt72/runs/run_004/metrics.json: Copied (new)
2026/05/08 18:16:41 INFO  : NYSE_without_fees_2026-04-13_to_2026-04-15/work_dir/backtests_eiie_20260413_165222_job74120_idnmrt72/runs/run_004/Visualization_test.png: Copied (new)
2026/05/08 18:16:42 INFO  : NYSE_without_fees_2026-04-13_to_2026-04-15/work_dir/backtests_eiie_20260413_165222_job74120_idnmrt72/runs/run_004/equity_curve.png: Copied (new)
2026/05/08 18:16:42 INFO  : NYSE_without_fees_2026-04-13_to_2026-04-15/work_dir/backtests_eiie_20260413_165222_job74120_idnmrt72/runs/run_004/Visualization_valid.png: Copied (new)
2026/05/08 18:16:44 INFO  : NYSE_without_fees_2026-04-13_to_2026-04-15/work_dir/backtests_eiie_20260413_165222_job74120_idnmrt72/runs/run_002/checkpoints/best.pth: Copied (new)
2026/05/08 18:16:45 INFO  : NYSE_without_fees_2026-04-13_to_2026-04-15/work_dir/backtests_eiie_20260413_165222_job74120_idnmrt72/runs/run_002/checkpoints/checkpoint-00002.pth: Copied (new)
2026/05/08 18:16:45 INFO  : NYSE_without_fees_2026-04-13_to_2026-04-15/work_dir/backtests_eiie_20260413_165222_job74120_idnmrt72/runs/run_002/checkpoints/checkpoint-00005.pth: Copied (new)
2026/05/08 18:16:45 INFO  : NYSE_without_fees_2026-04-13_to_2026-04-15/work_dir/backtests_eiie_20260413_165222_job74120_idnmrt72/runs/run_002/checkpoints/checkpoint-00006.pth: Copied (new)
2026/05/08 18:16:45 INFO  : NYSE_without_fees_2026-04-13_to_2026-04-15/work_dir/backtests_eiie_20260413_165222_job74120_idnmrt72/runs/run_002/checkpoints/checkpoint-00004.pth: Copied (new)
2026/05/08 18:16:45 INFO  : NYSE_without_fees_2026-04-13_to_2026-04-15/work_dir/backtests_eiie_20260413_165222_job74120_idnmrt72/runs/run_002/checkpoints/checkpoint-00003.pth: Copied (new)
2026/05/08 18:16:46 INFO  : NYSE_without_fees_2026-04-13_to_2026-04-15/work_dir/backtests_eiie_20260413_165222_job74120_idnmrt72/runs/run_002/checkpoints/checkpoint-00001.pth: Copied (new)
2026/05/08 18:16:47 INFO  : NYSE_without_fees_2026-04-13_to_2026-04-15/work_dir/backtests_eiie_20260413_165222_job74120_idnmrt72/runs/run_002/checkpoints/checkpoint-00007.pth: Copied (new)
2026/05/08 18:16:49 INFO  : NYSE_without_fees_2026-04-13_to_2026-04-15/work_dir/backtests_eiie_20260413_165222_job74120_idnmrt72/runs/run_002/checkpoints/checkpoint-00010.pth: Copied (new)
2026/05/08 18:16:49 INFO  : NYSE_without_fees_2026-04-13_to_2026-04-15/work_dir/backtests_eiie_20260413_233931_job74122_rnnteafq/runs/run_002/checkpoints/best.pth: Copied (new)
2026/05/08 18:16:49 INFO  : NYSE_without_fees_2026-04-13_to_2026-04-15/work_dir/backtests_eiie_20260413_165222_job74120_idnmrt72/runs/run_002/checkpoints/checkpoint-00008.pth: Copied (new)
2026/05/08 18:16:49 INFO  : NYSE_without_fees_2026-04-13_to_2026-04-15/work_dir/backtests_eiie_20260413_233931_job74122_rnnteafq/runs/run_002/checkpoints/checkpoint-00002.pth: Copied (new)
2026/05/08 18:16:49 INFO  : NYSE_without_fees_2026-04-13_to_2026-04-15/work_dir/backtests_eiie_20260413_233931_job74122_rnnteafq/runs/run_002/checkpoints/checkpoint-00001.pth: Copied (new)
2026/05/08 18:16:49 INFO  : NYSE_without_fees_2026-04-13_to_2026-04-15/work_dir/backtests_eiie_20260413_233931_job74122_rnnteafq/runs/run_002/checkpoints/checkpoint-00003.pth: Copied (new)
2026/05/08 18:16:51 INFO  : NYSE_without_fees_2026-04-13_to_2026-04-15/work_dir/backtests_eiie_20260413_233931_job74122_rnnteafq/runs/run_002/checkpoints/checkpoint-00005.pth: Copied (new)
2026/05/08 18:16:51 INFO  : NYSE_without_fees_2026-04-13_to_2026-04-15/work_dir/backtests_eiie_20260413_233931_job74122_rnnteafq/runs/run_002/checkpoints/checkpoint-00004.pth: Copied (new)
2026/05/08 18:16:51 INFO  : NYSE_without_fees_2026-04-13_to_2026-04-15/work_dir/backtests_eiie_20260413_233931_job74122_rnnteafq/runs/run_002/checkpoints/checkpoint-00006.pth: Copied (new)
2026/05/08 18:16:51 INFO  : NYSE_without_fees_2026-04-13_to_2026-04-15/work_dir/backtests_eiie_20260413_233931_job74122_rnnteafq/runs/run_002/checkpoints/checkpoint-00007.pth: Copied (new)
2026/05/08 18:16:52 INFO  : NYSE_without_fees_2026-04-13_to_2026-04-15/work_dir/backtests_eiie_20260413_233931_job74122_rnnteafq/runs/run_002/checkpoints/checkpoint-00008.pth: Copied (new)
2026/05/08 18:16:52 INFO  : NYSE_without_fees_2026-04-13_to_2026-04-15/work_dir/backtests_eiie_20260413_233931_job74122_rnnteafq/runs/run_002/checkpoints/checkpoint-00009.pth: Copied (new)
2026/05/08 18:16:55 INFO  : NYSE_without_fees_2026-04-13_to_2026-04-15/work_dir/backtests_eiie_20260413_233931_job74122_rnnteafq/runs/run_002/checkpoints/checkpoint-00010.pth: Copied (new)
2026/05/08 18:16:55 INFO  : PSE_without_fees_2026-04-13_to_2026-04-15/work_dir/backtests_eiie_20260415_045928_job74148_9gausy9d/runs/run_005/checkpoints/best.pth: Copied (new)
2026/05/08 18:16:55 INFO  : PSE_without_fees_2026-04-13_to_2026-04-15/work_dir/backtests_eiie_20260415_045928_job74148_9gausy9d/runs/run_005/checkpoints/checkpoint-00001.pth: Copied (new)
2026/05/08 18:16:56 INFO  : PSE_without_fees_2026-04-13_to_2026-04-15/work_dir/backtests_eiie_20260415_045928_job74148_9gausy9d/runs/run_005/checkpoints/checkpoint-00002.pth: Copied (new)
2026/05/08 18:16:56 INFO  : PSE_without_fees_2026-04-13_to_2026-04-15/work_dir/backtests_eiie_20260415_045928_job74148_9gausy9d/runs/run_005/checkpoints/checkpoint-00003.pth: Copied (new)
2026/05/08 18:16:56 INFO  : PSE_without_fees_2026-04-13_to_2026-04-15/work_dir/backtests_eiie_20260415_045928_job74148_9gausy9d/runs/run_005/checkpoints/checkpoint-00004.pth: Copied (new)
2026/05/08 18:16:56 INFO  : NYSE_without_fees_2026-04-13_to_2026-04-15/work_dir/backtests_eiie_20260413_165222_job74120_idnmrt72/runs/run_004/daily_turnover.json: Copied (new)
2026/05/08 18:16:56 INFO  : NYSE_without_fees_2026-04-13_to_2026-04-15/work_dir/backtests_eiie_20260413_165222_job74120_idnmrt72/runs/run_002/checkpoints/checkpoint-00009.pth: Copied (new)
2026/05/08 18:16:57 INFO  : PSE_without_fees_2026-04-13_to_2026-04-15/work_dir/backtests_eiie_20260415_045928_job74148_9gausy9d/runs/run_005/checkpoints/checkpoint-00005.pth: Copied (new)
2026/05/08 18:16:58 INFO  : PSE_without_fees_2026-04-13_to_2026-04-15/work_dir/backtests_eiie_20260415_045928_job74148_9gausy9d/runs/run_005/checkpoints/checkpoint-00006.pth: Copied (new)
2026/05/08 18:16:58 INFO  : PSE_without_fees_2026-04-13_to_2026-04-15/work_dir/backtests_eiie_20260415_045928_job74148_9gausy9d/runs/run_005/checkpoints/checkpoint-00007.pth: Copied (new)
2026/05/08 18:16:58 INFO  : PSE_without_fees_2026-04-13_to_2026-04-15/work_dir/backtests_eiie_20260415_045928_job74148_9gausy9d/runs/run_005/checkpoints/checkpoint-00008.pth: Copied (new)
2026/05/08 18:16:58 INFO  : PSE_without_fees_2026-04-13_to_2026-04-15/work_dir/backtests_eiie_20260415_045928_job74148_9gausy9d/runs/run_005/checkpoints/checkpoint-00009.pth: Copied (new)
2026/05/08 18:16:58 INFO  : PSE_without_fees_2026-04-13_to_2026-04-15/work_dir/backtests_eiie_20260415_045928_job74148_9gausy9d/runs/run_005/checkpoints/checkpoint-00010.pth: Copied (new)
2026/05/08 18:17:00 INFO  : PSE_without_fees_2026-04-13_to_2026-04-15/work_dir/backtests_eiie_20260415_080216_job74149_0mddw9l9/runs/run_005/checkpoints/best.pth: Copied (new)
2026/05/08 18:17:01 INFO  : PSE_without_fees_2026-04-13_to_2026-04-15/work_dir/backtests_eiie_20260415_080216_job74149_0mddw9l9/runs/run_005/checkpoints/checkpoint-00003.pth: Copied (new)
2026/05/08 18:17:01 INFO  : PSE_without_fees_2026-04-13_to_2026-04-15/work_dir/backtests_eiie_20260415_080216_job74149_0mddw9l9/runs/run_005/checkpoints/checkpoint-00006.pth: Copied (new)
2026/05/08 18:17:01 INFO  : PSE_without_fees_2026-04-13_to_2026-04-15/work_dir/backtests_eiie_20260415_080216_job74149_0mddw9l9/runs/run_005/checkpoints/checkpoint-00002.pth: Copied (new)
2026/05/08 18:17:01 INFO  : PSE_without_fees_2026-04-13_to_2026-04-15/work_dir/backtests_eiie_20260415_080216_job74149_0mddw9l9/runs/run_005/checkpoints/checkpoint-00004.pth: Copied (new)
2026/05/08 18:17:01 INFO  : PSE_without_fees_2026-04-13_to_2026-04-15/work_dir/backtests_eiie_20260415_080216_job74149_0mddw9l9/runs/run_005/checkpoints/checkpoint-00007.pth: Copied (new)
2026/05/08 18:17:01 INFO  : PSE_without_fees_2026-04-13_to_2026-04-15/work_dir/backtests_eiie_20260415_080216_job74149_0mddw9l9/runs/run_005/checkpoints/checkpoint-00005.pth: Copied (new)
2026/05/08 18:17:01 INFO  : PSE_without_fees_2026-04-13_to_2026-04-15/work_dir/backtests_eiie_20260415_080216_job74149_0mddw9l9/runs/run_005/checkpoints/checkpoint-00001.pth: Copied (new)
2026/05/08 18:17:04 INFO  : PSE_without_fees_2026-04-13_to_2026-04-15/work_dir/backtests_eiie_20260415_080216_job74149_0mddw9l9/runs/run_005/checkpoints/checkpoint-00009.pth: Copied (new)
2026/05/08 18:17:05 INFO  : PSE_without_fees_2026-04-13_to_2026-04-15/work_dir/backtests_eiie_20260415_080216_job74149_0mddw9l9/runs/run_005/checkpoints/checkpoint-00008.pth: Copied (new)
2026/05/08 18:17:05 INFO  : PSE_without_fees_2026-04-13_to_2026-04-15/work_dir/backtests_eiie_20260415_080216_job74149_0mddw9l9/runs/run_005/checkpoints/checkpoint-00010.pth: Copied (new)
2026/05/08 18:17:05 INFO  : NYSE_without_fees_2026-04-13_to_2026-04-15/work_dir/backtests_eiie_20260413_165222_job74120_idnmrt72/runs/run_005/Visualization_test.png: Copied (new)
2026/05/08 18:17:05 INFO  : NYSE_without_fees_2026-04-13_to_2026-04-15/work_dir/backtests_eiie_20260413_165222_job74120_idnmrt72/runs/run_005/daily_trades.json: Copied (new)
2026/05/08 18:17:05 INFO  : NYSE_without_fees_2026-04-13_to_2026-04-15/work_dir/backtests_eiie_20260413_165222_job74120_idnmrt72/runs/run_005/daily_turnover.json: Copied (new)
2026/05/08 18:17:05 INFO  : NYSE_without_fees_2026-04-13_to_2026-04-15/work_dir/backtests_eiie_20260413_165222_job74120_idnmrt72/runs/run_005/equity_curve.csv: Copied (new)
2026/05/08 18:17:06 INFO  : NYSE_without_fees_2026-04-13_to_2026-04-15/work_dir/backtests_eiie_20260413_165222_job74120_idnmrt72/runs/run_005/Visualization_valid.png: Copied (new)
2026/05/08 18:17:27 INFO  : PSE_without_fees_2026-04-13_to_2026-04-15/work_dir/backtests_eiie_20260415_110513_job74150_f5h5w0n8/runs/run_004/checkpoints/best.pth: Copied (new)
2026/05/08 18:17:27 INFO  : NYSE_without_fees_2026-04-13_to_2026-04-15/work_dir/backtests_eiie_20260413_165222_job74120_idnmrt72/runs/run_005/metrics.json: Copied (new)
2026/05/08 18:17:27 INFO  : PSE_without_fees_2026-04-13_to_2026-04-15/work_dir/backtests_eiie_20260415_110513_job74150_f5h5w0n8/runs/run_004/checkpoints/checkpoint-00005.pth: Copied (new)
2026/05/08 18:17:27 INFO  : PSE_without_fees_2026-04-13_to_2026-04-15/work_dir/backtests_eiie_20260415_110513_job74150_f5h5w0n8/runs/run_004/checkpoints/checkpoint-00002.pth: Copied (new)
2026/05/08 18:17:27 INFO  : PSE_without_fees_2026-04-13_to_2026-04-15/work_dir/backtests_eiie_20260415_110513_job74150_f5h5w0n8/runs/run_004/checkpoints/checkpoint-00003.pth: Copied (new)
2026/05/08 18:17:27 INFO  : PSE_without_fees_2026-04-13_to_2026-04-15/work_dir/backtests_eiie_20260415_110513_job74150_f5h5w0n8/runs/run_004/checkpoints/checkpoint-00001.pth: Copied (new)
2026/05/08 18:17:27 INFO  : PSE_without_fees_2026-04-13_to_2026-04-15/work_dir/backtests_eiie_20260415_110513_job74150_f5h5w0n8/runs/run_004/checkpoints/checkpoint-00004.pth: Copied (new)
2026/05/08 18:17:27 INFO  : NYSE_without_fees_2026-04-13_to_2026-04-15/work_dir/backtests_eiie_20260413_165222_job74120_idnmrt72/runs/run_005/equity_curve.png: Copied (new)
2026/05/08 18:17:31 INFO  : PSE_without_fees_2026-04-13_to_2026-04-15/work_dir/backtests_eiie_20260415_110513_job74150_f5h5w0n8/runs/run_004/checkpoints/checkpoint-00010.pth: Copied (new)
2026/05/08 18:17:31 INFO  : PSE_without_fees_2026-04-13_to_2026-04-15/work_dir/backtests_eiie_20260415_110513_job74150_f5h5w0n8/runs/run_004/checkpoints/checkpoint-00007.pth: Copied (new)
2026/05/08 18:17:31 INFO  : PSE_without_fees_2026-04-13_to_2026-04-15/work_dir/backtests_eiie_20260415_110513_job74150_f5h5w0n8/runs/run_004/checkpoints/checkpoint-00008.pth: Copied (new)
2026/05/08 18:17:31 INFO  : PSE_without_fees_2026-04-13_to_2026-04-15/work_dir/backtests_eiie_20260415_110513_job74150_f5h5w0n8/runs/run_004/checkpoints/checkpoint-00006.pth: Copied (new)
2026/05/08 18:17:31 INFO  : PSE_without_fees_2026-04-13_to_2026-04-15/work_dir/backtests_eiie_20260415_110513_job74150_f5h5w0n8/runs/run_004/checkpoints/checkpoint-00009.pth: Copied (new)
2026/05/08 18:17:31 INFO  : NYSE_without_fees_2026-04-13_to_2026-04-15/work_dir/backtests_eiie_20260413_165222_job74120_idnmrt72/runs/run_004/checkpoints/checkpoint-00001.pth: Copied (new)
2026/05/08 18:17:31 INFO  : NYSE_without_fees_2026-04-13_to_2026-04-15/work_dir/backtests_eiie_20260413_165222_job74120_idnmrt72/runs/run_004/checkpoints/checkpoint-00002.pth: Copied (new)
2026/05/08 18:17:32 INFO  : NYSE_without_fees_2026-04-13_to_2026-04-15/work_dir/backtests_eiie_20260413_165222_job74120_idnmrt72/runs/run_004/checkpoints/best.pth: Copied (new)
2026/05/08 18:17:33 INFO  : NYSE_without_fees_2026-04-13_to_2026-04-15/work_dir/backtests_eiie_20260413_165222_job74120_idnmrt72/runs/run_004/checkpoints/checkpoint-00004.pth: Copied (new)
2026/05/08 18:17:33 INFO  : NYSE_without_fees_2026-04-13_to_2026-04-15/work_dir/backtests_eiie_20260413_165222_job74120_idnmrt72/runs/run_004/checkpoints/checkpoint-00006.pth: Copied (new)
2026/05/08 18:17:33 INFO  : NYSE_without_fees_2026-04-13_to_2026-04-15/work_dir/backtests_eiie_20260413_165222_job74120_idnmrt72/runs/run_004/checkpoints/checkpoint-00007.pth: Copied (new)
2026/05/08 18:17:33 INFO  : NYSE_without_fees_2026-04-13_to_2026-04-15/work_dir/backtests_eiie_20260413_165222_job74120_idnmrt72/runs/run_004/checkpoints/checkpoint-00005.pth: Copied (new)
2026/05/08 18:17:34 INFO  : NYSE_without_fees_2026-04-13_to_2026-04-15/work_dir/backtests_eiie_20260413_165222_job74120_idnmrt72/runs/run_004/checkpoints/checkpoint-00008.pth: Copied (new)
2026/05/08 18:17:34 INFO  : NYSE_without_fees_2026-04-13_to_2026-04-15/work_dir/backtests_eiie_20260413_165222_job74120_idnmrt72/runs/run_004/checkpoints/checkpoint-00009.pth: Copied (new)
2026/05/08 18:17:34 INFO  : NYSE_without_fees_2026-04-13_to_2026-04-15/work_dir/backtests_eiie_20260413_165222_job74120_idnmrt72/runs/run_004/checkpoints/checkpoint-00010.pth: Copied (new)
2026/05/08 18:17:37 INFO  : NYSE_without_fees_2026-04-13_to_2026-04-15/work_dir/backtests_eiie_20260413_233931_job74122_rnnteafq/runs/run_003/checkpoints/best.pth: Copied (new)
2026/05/08 18:17:38 INFO  : NYSE_without_fees_2026-04-13_to_2026-04-15/work_dir/backtests_eiie_20260413_233931_job74122_rnnteafq/runs/run_003/checkpoints/checkpoint-00001.pth: Copied (new)
2026/05/08 18:17:38 INFO  : NYSE_without_fees_2026-04-13_to_2026-04-15/work_dir/backtests_eiie_20260413_233931_job74122_rnnteafq/runs/run_003/checkpoints/checkpoint-00002.pth: Copied (new)
2026/05/08 18:17:38 INFO  : NYSE_without_fees_2026-04-13_to_2026-04-15/work_dir/backtests_eiie_20260413_233931_job74122_rnnteafq/runs/run_003/checkpoints/checkpoint-00003.pth: Copied (new)
2026/05/08 18:17:40 INFO  : PSE_without_fees_2026-04-13_to_2026-04-15/work_dir/backtests_eiie_20260415_110513_job74150_f5h5w0n8/runs/run_005/checkpoints/checkpoint-00002.pth: Copied (new)
2026/05/08 18:17:40 INFO  : PSE_without_fees_2026-04-13_to_2026-04-15/work_dir/backtests_eiie_20260415_110513_job74150_f5h5w0n8/runs/run_005/checkpoints/checkpoint-00001.pth: Copied (new)
2026/05/08 18:17:40 INFO  : PSE_without_fees_2026-04-13_to_2026-04-15/work_dir/backtests_eiie_20260415_110513_job74150_f5h5w0n8/runs/run_005/checkpoints/best.pth: Copied (new)
2026/05/08 18:17:40 INFO  : PSE_without_fees_2026-04-13_to_2026-04-15/work_dir/backtests_eiie_20260415_110513_job74150_f5h5w0n8/runs/run_005/checkpoints/checkpoint-00003.pth: Copied (new)
2026/05/08 18:17:41 INFO  : PSE_without_fees_2026-04-13_to_2026-04-15/work_dir/backtests_eiie_20260415_110513_job74150_f5h5w0n8/runs/run_005/checkpoints/checkpoint-00006.pth: Copied (new)
2026/05/08 18:17:41 INFO  : PSE_without_fees_2026-04-13_to_2026-04-15/work_dir/backtests_eiie_20260415_110513_job74150_f5h5w0n8/runs/run_005/checkpoints/checkpoint-00004.pth: Copied (new)
2026/05/08 18:17:42 INFO  : PSE_without_fees_2026-04-13_to_2026-04-15/work_dir/backtests_eiie_20260415_110513_job74150_f5h5w0n8/runs/run_005/checkpoints/checkpoint-00005.pth: Copied (new)
2026/05/08 18:17:42 INFO  : PSE_without_fees_2026-04-13_to_2026-04-15/work_dir/backtests_eiie_20260415_110513_job74150_f5h5w0n8/runs/run_005/checkpoints/checkpoint-00007.pth: Copied (new)
2026/05/08 18:17:42 INFO  : PSE_without_fees_2026-04-13_to_2026-04-15/work_dir/backtests_eiie_20260415_110513_job74150_f5h5w0n8/runs/run_005/checkpoints/checkpoint-00008.pth: Copied (new)
2026/05/08 18:17:42 INFO  : PSE_without_fees_2026-04-13_to_2026-04-15/work_dir/backtests_eiie_20260415_110513_job74150_f5h5w0n8/runs/run_005/checkpoints/checkpoint-00010.pth: Copied (new)
2026/05/08 18:17:43 INFO  : PSE_without_fees_2026-04-13_to_2026-04-15/work_dir/backtests_eiie_20260415_110513_job74150_f5h5w0n8/runs/run_005/checkpoints/checkpoint-00009.pth: Copied (new)
2026/05/08 18:17:43 INFO  : NYSE_without_fees_2026-04-13_to_2026-04-15/work_dir/backtests_eiie_20260413_165222_job74120_idnmrt72/runs/run_004/checkpoints/checkpoint-00003.pth: Copied (new)
2026/05/08 18:17:43 INFO  : NYSE_without_fees_2026-04-13_to_2026-04-15/work_dir/backtests_eiie_20260413_233931_job74122_rnnteafq/runs/run_003/checkpoints/checkpoint-00004.pth: Copied (new)
2026/05/08 18:17:43 INFO  : NYSE_without_fees_2026-04-13_to_2026-04-15/work_dir/backtests_eiie_20260413_233931_job74122_rnnteafq/runs/run_003/checkpoints/checkpoint-00005.pth: Copied (new)
2026/05/08 18:17:44 INFO  : NYSE_without_fees_2026-04-13_to_2026-04-15/work_dir/backtests_eiie_20260413_233931_job74122_rnnteafq/runs/run_003/checkpoints/checkpoint-00006.pth: Copied (new)
2026/05/08 18:17:44 INFO  : NYSE_without_fees_2026-04-13_to_2026-04-15/work_dir/backtests_eiie_20260413_233931_job74122_rnnteafq/runs/run_003/checkpoints/checkpoint-00007.pth: Copied (new)
2026/05/08 18:17:45 INFO  : NYSE_without_fees_2026-04-13_to_2026-04-15/work_dir/backtests_eiie_20260413_233931_job74122_rnnteafq/runs/run_003/checkpoints/checkpoint-00008.pth: Copied (new)
2026/05/08 18:17:46 INFO  : NYSE_without_fees_2026-04-13_to_2026-04-15/work_dir/backtests_eiie_20260413_233931_job74122_rnnteafq/runs/run_003/checkpoints/checkpoint-00009.pth: Copied (new)
2026/05/08 18:17:47 INFO  : NYSE_without_fees_2026-04-13_to_2026-04-15/work_dir/backtests_eiie_20260413_233931_job74122_rnnteafq/runs/run_003/checkpoints/checkpoint-00010.pth: Copied (new)
2026/05/08 18:17:47 INFO  : PSE_without_fees_2026-04-13_to_2026-04-15/work_dir/backtests_eiie_20260414_195953_job74145__xmyv0fz/runs/run_005/checkpoints/best.pth: Copied (new)
2026/05/08 18:17:47 INFO  : PSE_without_fees_2026-04-13_to_2026-04-15/work_dir/backtests_eiie_20260414_195953_job74145__xmyv0fz/runs/run_005/checkpoints/checkpoint-00003.pth: Copied (new)
2026/05/08 18:17:47 INFO  : PSE_without_fees_2026-04-13_to_2026-04-15/work_dir/backtests_eiie_20260414_195953_job74145__xmyv0fz/runs/run_005/checkpoints/checkpoint-00004.pth: Copied (new)
2026/05/08 18:17:47 INFO  : PSE_without_fees_2026-04-13_to_2026-04-15/work_dir/backtests_eiie_20260414_195953_job74145__xmyv0fz/runs/run_005/checkpoints/checkpoint-00005.pth: Copied (new)
2026/05/08 18:17:47 INFO  : PSE_without_fees_2026-04-13_to_2026-04-15/work_dir/backtests_eiie_20260414_195953_job74145__xmyv0fz/runs/run_005/checkpoints/checkpoint-00001.pth: Copied (new)
2026/05/08 18:17:47 INFO  : PSE_without_fees_2026-04-13_to_2026-04-15/work_dir/backtests_eiie_20260414_195953_job74145__xmyv0fz/runs/run_005/checkpoints/checkpoint-00002.pth: Copied (new)
2026/05/08 18:17:51 INFO  : PSE_without_fees_2026-04-13_to_2026-04-15/work_dir/backtests_eiie_20260414_195953_job74145__xmyv0fz/runs/run_005/checkpoints/checkpoint-00007.pth: Copied (new)
2026/05/08 18:17:51 INFO  : PSE_without_fees_2026-04-13_to_2026-04-15/work_dir/backtests_eiie_20260414_195953_job74145__xmyv0fz/runs/run_005/checkpoints/checkpoint-00008.pth: Copied (new)
2026/05/08 18:17:51 INFO  : PSE_without_fees_2026-04-13_to_2026-04-15/work_dir/backtests_eiie_20260415_140329_job74151_2odpu3ez/runs/run_005/checkpoints/best.pth: Copied (new)
2026/05/08 18:17:51 INFO  : PSE_without_fees_2026-04-13_to_2026-04-15/work_dir/backtests_eiie_20260414_195953_job74145__xmyv0fz/runs/run_005/checkpoints/checkpoint-00006.pth: Copied (new)
2026/05/08 18:17:51 INFO  : PSE_without_fees_2026-04-13_to_2026-04-15/work_dir/backtests_eiie_20260414_195953_job74145__xmyv0fz/runs/run_005/checkpoints/checkpoint-00009.pth: Copied (new)
2026/05/08 18:17:51 INFO  : PSE_without_fees_2026-04-13_to_2026-04-15/work_dir/backtests_eiie_20260414_195953_job74145__xmyv0fz/runs/run_005/checkpoints/checkpoint-00010.pth: Copied (new)
2026/05/08 18:17:51 INFO  : PSE_without_fees_2026-04-13_to_2026-04-15/work_dir/backtests_eiie_20260415_140329_job74151_2odpu3ez/runs/run_005/checkpoints/checkpoint-00002.pth: Copied (new)
2026/05/08 18:17:51 INFO  : PSE_without_fees_2026-04-13_to_2026-04-15/work_dir/backtests_eiie_20260415_140329_job74151_2odpu3ez/runs/run_005/checkpoints/checkpoint-00001.pth: Copied (new)
2026/05/08 18:17:53 INFO  : PSE_without_fees_2026-04-13_to_2026-04-15/work_dir/backtests_eiie_20260415_140329_job74151_2odpu3ez/runs/run_005/checkpoints/checkpoint-00004.pth: Copied (new)
2026/05/08 18:17:53 INFO  : PSE_without_fees_2026-04-13_to_2026-04-15/work_dir/backtests_eiie_20260415_140329_job74151_2odpu3ez/runs/run_005/checkpoints/checkpoint-00006.pth: Copied (new)
2026/05/08 18:17:53 INFO  : PSE_without_fees_2026-04-13_to_2026-04-15/work_dir/backtests_eiie_20260415_140329_job74151_2odpu3ez/runs/run_005/checkpoints/checkpoint-00007.pth: Copied (new)
2026/05/08 18:17:53 INFO  : PSE_without_fees_2026-04-13_to_2026-04-15/work_dir/backtests_eiie_20260415_140329_job74151_2odpu3ez/runs/run_005/checkpoints/checkpoint-00003.pth: Copied (new)
2026/05/08 18:17:53 INFO  : PSE_without_fees_2026-04-13_to_2026-04-15/work_dir/backtests_eiie_20260415_140329_job74151_2odpu3ez/runs/run_005/checkpoints/checkpoint-00005.pth: Copied (new)
2026/05/08 18:17:53 INFO  : PSE_without_fees_2026-04-13_to_2026-04-15/work_dir/backtests_eiie_20260415_140329_job74151_2odpu3ez/runs/run_005/checkpoints/checkpoint-00009.pth: Copied (new)
2026/05/08 18:17:53 INFO  : PSE_without_fees_2026-04-13_to_2026-04-15/work_dir/backtests_eiie_20260415_140329_job74151_2odpu3ez/runs/run_005/checkpoints/checkpoint-00008.pth: Copied (new)
2026/05/08 18:17:54 INFO  : PSE_without_fees_2026-04-13_to_2026-04-15/work_dir/backtests_eiie_20260415_140329_job74151_2odpu3ez/runs/run_005/checkpoints/checkpoint-00010.pth: Copied (new)
2026/05/08 18:17:57 INFO  : NYSE_without_fees_2026-04-13_to_2026-04-15/work_dir/backtests_eiie_20260413_233931_job74122_rnnteafq/runs/run_005/Visualization_valid.png: Copied (new)
2026/05/08 18:17:58 INFO  : NYSE_without_fees_2026-04-13_to_2026-04-15/work_dir/backtests_eiie_20260413_233931_job74122_rnnteafq/runs/run_005/metrics.json: Copied (new)
2026/05/08 18:17:58 INFO  : NYSE_without_fees_2026-04-13_to_2026-04-15/work_dir/backtests_eiie_20260413_165222_job74120_idnmrt72/runs/run_003/checkpoints/best.pth: Copied (new)
2026/05/08 18:17:58 INFO  : NYSE_without_fees_2026-04-13_to_2026-04-15/work_dir/backtests_eiie_20260413_233931_job74122_rnnteafq/runs/run_005/daily_turnover.json: Copied (new)
2026/05/08 18:17:58 INFO  : NYSE_without_fees_2026-04-13_to_2026-04-15/work_dir/backtests_eiie_20260413_233931_job74122_rnnteafq/runs/run_005/equity_curve.csv: Copied (new)
2026/05/08 18:17:58 INFO  : NYSE_without_fees_2026-04-13_to_2026-04-15/work_dir/backtests_eiie_20260413_233931_job74122_rnnteafq/runs/run_005/daily_trades.json: Copied (new)
2026/05/08 18:17:59 INFO  : NYSE_without_fees_2026-04-13_to_2026-04-15/work_dir/backtests_eiie_20260413_233931_job74122_rnnteafq/runs/run_005/Visualization_test.png: Copied (new)
2026/05/08 18:17:59 INFO  : NYSE_without_fees_2026-04-13_to_2026-04-15/work_dir/backtests_eiie_20260413_233931_job74122_rnnteafq/runs/run_005/equity_curve.png: Copied (new)
2026/05/08 18:17:59 INFO  : NYSE_without_fees_2026-04-13_to_2026-04-15/work_dir/backtests_eiie_20260413_165222_job74120_idnmrt72/runs/run_003/checkpoints/checkpoint-00001.pth: Copied (new)
2026/05/08 18:18:00 INFO  : NYSE_without_fees_2026-04-13_to_2026-04-15/work_dir/backtests_eiie_20260413_165222_job74120_idnmrt72/runs/run_003/checkpoints/checkpoint-00002.pth: Copied (new)
2026/05/08 18:18:00 INFO  : NYSE_without_fees_2026-04-13_to_2026-04-15/work_dir/backtests_eiie_20260413_165222_job74120_idnmrt72/runs/run_003/checkpoints/checkpoint-00005.pth: Copied (new)
2026/05/08 18:18:00 INFO  : NYSE_without_fees_2026-04-13_to_2026-04-15/work_dir/backtests_eiie_20260413_165222_job74120_idnmrt72/runs/run_003/checkpoints/checkpoint-00003.pth: Copied (new)
2026/05/08 18:18:00 INFO  : NYSE_without_fees_2026-04-13_to_2026-04-15/work_dir/backtests_eiie_20260413_165222_job74120_idnmrt72/runs/run_003/checkpoints/checkpoint-00006.pth: Copied (new)
2026/05/08 18:18:28 INFO  : NYSE_without_fees_2026-04-13_to_2026-04-15/work_dir/backtests_eiie_20260413_165222_job74120_idnmrt72/runs/run_003/checkpoints/checkpoint-00008.pth: Copied (new)
2026/05/08 18:18:29 INFO  : NYSE_without_fees_2026-04-13_to_2026-04-15/work_dir/backtests_eiie_20260413_165222_job74120_idnmrt72/runs/run_003/checkpoints/checkpoint-00007.pth: Copied (new)
2026/05/08 18:18:29 INFO  : NYSE_without_fees_2026-04-13_to_2026-04-15/work_dir/backtests_eiie_20260413_233931_job74122_rnnteafq/runs/run_004/checkpoints/best.pth: Copied (new)
2026/05/08 18:18:29 INFO  : NYSE_without_fees_2026-04-13_to_2026-04-15/work_dir/backtests_eiie_20260413_165222_job74120_idnmrt72/runs/run_003/checkpoints/checkpoint-00010.pth: Copied (new)
2026/05/08 18:18:29 INFO  : NYSE_without_fees_2026-04-13_to_2026-04-15/work_dir/backtests_eiie_20260413_165222_job74120_idnmrt72/runs/run_003/checkpoints/checkpoint-00004.pth: Copied (new)
2026/05/08 18:18:29 INFO  : NYSE_without_fees_2026-04-13_to_2026-04-15/work_dir/backtests_eiie_20260413_165222_job74120_idnmrt72/runs/run_003/checkpoints/checkpoint-00009.pth: Copied (new)
2026/05/08 18:18:29 INFO  : NYSE_without_fees_2026-04-13_to_2026-04-15/work_dir/backtests_eiie_20260413_233931_job74122_rnnteafq/runs/run_004/checkpoints/checkpoint-00001.pth: Copied (new)
2026/05/08 18:18:30 INFO  : NYSE_without_fees_2026-04-13_to_2026-04-15/work_dir/backtests_eiie_20260413_233931_job74122_rnnteafq/runs/run_004/checkpoints/checkpoint-00002.pth: Copied (new)
2026/05/08 18:18:31 INFO  : NYSE_without_fees_2026-04-13_to_2026-04-15/work_dir/backtests_eiie_20260413_233931_job74122_rnnteafq/runs/run_004/checkpoints/checkpoint-00003.pth: Copied (new)
2026/05/08 18:18:31 INFO  : NYSE_without_fees_2026-04-13_to_2026-04-15/work_dir/backtests_eiie_20260413_233931_job74122_rnnteafq/runs/run_004/checkpoints/checkpoint-00004.pth: Copied (new)
2026/05/08 18:18:31 INFO  : NYSE_without_fees_2026-04-13_to_2026-04-15/work_dir/backtests_eiie_20260413_233931_job74122_rnnteafq/runs/run_004/checkpoints/checkpoint-00005.pth: Copied (new)
2026/05/08 18:18:31 INFO  : NYSE_without_fees_2026-04-13_to_2026-04-15/work_dir/backtests_eiie_20260413_233931_job74122_rnnteafq/runs/run_004/checkpoints/checkpoint-00007.pth: Copied (new)
2026/05/08 18:18:31 INFO  : NYSE_without_fees_2026-04-13_to_2026-04-15/work_dir/backtests_eiie_20260413_233931_job74122_rnnteafq/runs/run_004/checkpoints/checkpoint-00006.pth: Copied (new)
2026/05/08 18:18:31 INFO  : NYSE_without_fees_2026-04-13_to_2026-04-15/work_dir/backtests_eiie_20260413_233931_job74122_rnnteafq/runs/run_004/checkpoints/checkpoint-00008.pth: Copied (new)
2026/05/08 18:18:31 INFO  : NYSE_without_fees_2026-04-13_to_2026-04-15/work_dir/backtests_eiie_20260413_233931_job74122_rnnteafq/runs/run_004/checkpoints/checkpoint-00009.pth: Copied (new)
2026/05/08 18:18:32 INFO  : NYSE_without_fees_2026-04-13_to_2026-04-15/work_dir/backtests_eiie_20260413_233931_job74122_rnnteafq/runs/run_004/checkpoints/checkpoint-00010.pth: Copied (new)
2026/05/08 18:18:34 INFO  : PSE_without_fees_2026-04-13_to_2026-04-15/work_dir/backtests_eiie_20260415_140329_job74151_2odpu3ez/runs/run_004/checkpoints/best.pth: Copied (new)
2026/05/08 18:18:35 INFO  : PSE_without_fees_2026-04-13_to_2026-04-15/work_dir/backtests_eiie_20260415_140329_job74151_2odpu3ez/runs/run_004/checkpoints/checkpoint-00006.pth: Copied (new)
2026/05/08 18:18:35 INFO  : PSE_without_fees_2026-04-13_to_2026-04-15/work_dir/backtests_eiie_20260415_140329_job74151_2odpu3ez/runs/run_004/checkpoints/checkpoint-00003.pth: Copied (new)
2026/05/08 18:18:35 INFO  : PSE_without_fees_2026-04-13_to_2026-04-15/work_dir/backtests_eiie_20260415_140329_job74151_2odpu3ez/runs/run_004/checkpoints/checkpoint-00005.pth: Copied (new)
2026/05/08 18:18:35 INFO  : PSE_without_fees_2026-04-13_to_2026-04-15/work_dir/backtests_eiie_20260415_140329_job74151_2odpu3ez/runs/run_004/checkpoints/checkpoint-00004.pth: Copied (new)
2026/05/08 18:18:35 INFO  : PSE_without_fees_2026-04-13_to_2026-04-15/work_dir/backtests_eiie_20260415_140329_job74151_2odpu3ez/runs/run_004/checkpoints/checkpoint-00001.pth: Copied (new)
2026/05/08 18:18:35 INFO  : PSE_without_fees_2026-04-13_to_2026-04-15/work_dir/backtests_eiie_20260415_140329_job74151_2odpu3ez/runs/run_004/checkpoints/checkpoint-00007.pth: Copied (new)
2026/05/08 18:18:35 INFO  : PSE_without_fees_2026-04-13_to_2026-04-15/work_dir/backtests_eiie_20260415_140329_job74151_2odpu3ez/runs/run_004/checkpoints/checkpoint-00002.pth: Copied (new)
2026/05/08 18:18:39 INFO  : NYSE_without_fees_2026-04-13_to_2026-04-15/work_dir/backtests_eiie_20260413_165222_job74120_idnmrt72/runs/run_005/checkpoints/best.pth: Copied (new)
2026/05/08 18:18:39 INFO  : PSE_without_fees_2026-04-13_to_2026-04-15/work_dir/backtests_eiie_20260415_140329_job74151_2odpu3ez/runs/run_004/checkpoints/checkpoint-00010.pth: Copied (new)
2026/05/08 18:18:39 INFO  : PSE_without_fees_2026-04-13_to_2026-04-15/work_dir/backtests_eiie_20260415_140329_job74151_2odpu3ez/runs/run_004/checkpoints/checkpoint-00008.pth: Copied (new)
2026/05/08 18:18:39 INFO  : PSE_without_fees_2026-04-13_to_2026-04-15/work_dir/backtests_eiie_20260415_140329_job74151_2odpu3ez/runs/run_004/checkpoints/checkpoint-00009.pth: Copied (new)
2026/05/08 18:18:39 INFO  : NYSE_without_fees_2026-04-13_to_2026-04-15/work_dir/backtests_eiie_20260413_165222_job74120_idnmrt72/runs/run_005/checkpoints/checkpoint-00004.pth: Copied (new)
2026/05/08 18:18:39 INFO  : NYSE_without_fees_2026-04-13_to_2026-04-15/work_dir/backtests_eiie_20260413_165222_job74120_idnmrt72/runs/run_005/checkpoints/checkpoint-00002.pth: Copied (new)
2026/05/08 18:18:39 INFO  : NYSE_without_fees_2026-04-13_to_2026-04-15/work_dir/backtests_eiie_20260413_165222_job74120_idnmrt72/runs/run_005/checkpoints/checkpoint-00003.pth: Copied (new)
2026/05/08 18:18:39 INFO  : NYSE_without_fees_2026-04-13_to_2026-04-15/work_dir/backtests_eiie_20260413_165222_job74120_idnmrt72/runs/run_005/checkpoints/checkpoint-00001.pth: Copied (new)
2026/05/08 18:18:43 INFO  : NYSE_without_fees_2026-04-13_to_2026-04-15/work_dir/backtests_eiie_20260413_165222_job74120_idnmrt72/runs/run_005/checkpoints/checkpoint-00008.pth: Copied (new)
2026/05/08 18:18:43 INFO  : PSE_without_fees_2026-04-13_to_2026-04-15/work_dir/backtests_eiie_20260415_140329_job74151_2odpu3ez/runs/run_003/checkpoints/best.pth: Copied (new)
2026/05/08 18:18:43 INFO  : NYSE_without_fees_2026-04-13_to_2026-04-15/work_dir/backtests_eiie_20260413_165222_job74120_idnmrt72/runs/run_005/checkpoints/checkpoint-00006.pth: Copied (new)
2026/05/08 18:18:43 INFO  : NYSE_without_fees_2026-04-13_to_2026-04-15/work_dir/backtests_eiie_20260413_165222_job74120_idnmrt72/runs/run_005/checkpoints/checkpoint-00005.pth: Copied (new)
2026/05/08 18:18:43 INFO  : NYSE_without_fees_2026-04-13_to_2026-04-15/work_dir/backtests_eiie_20260413_165222_job74120_idnmrt72/runs/run_005/checkpoints/checkpoint-00009.pth: Copied (new)
2026/05/08 18:18:43 INFO  : NYSE_without_fees_2026-04-13_to_2026-04-15/work_dir/backtests_eiie_20260413_165222_job74120_idnmrt72/runs/run_005/checkpoints/checkpoint-00007.pth: Copied (new)
2026/05/08 18:18:43 INFO  : PSE_without_fees_2026-04-13_to_2026-04-15/work_dir/backtests_eiie_20260415_140329_job74151_2odpu3ez/runs/run_003/checkpoints/checkpoint-00001.pth: Copied (new)
2026/05/08 18:18:45 INFO  : NYSE_without_fees_2026-04-13_to_2026-04-15/work_dir/backtests_eiie_20260413_165222_job74120_idnmrt72/runs/run_005/checkpoints/checkpoint-00010.pth: Copied (new)
2026/05/08 18:18:45 INFO  : PSE_without_fees_2026-04-13_to_2026-04-15/work_dir/backtests_eiie_20260415_140329_job74151_2odpu3ez/runs/run_003/checkpoints/checkpoint-00006.pth: Copied (new)
2026/05/08 18:18:45 INFO  : PSE_without_fees_2026-04-13_to_2026-04-15/work_dir/backtests_eiie_20260415_140329_job74151_2odpu3ez/runs/run_003/checkpoints/checkpoint-00002.pth: Copied (new)
2026/05/08 18:18:45 INFO  : PSE_without_fees_2026-04-13_to_2026-04-15/work_dir/backtests_eiie_20260415_140329_job74151_2odpu3ez/runs/run_003/checkpoints/checkpoint-00005.pth: Copied (new)
2026/05/08 18:18:45 INFO  : PSE_without_fees_2026-04-13_to_2026-04-15/work_dir/backtests_eiie_20260415_140329_job74151_2odpu3ez/runs/run_003/checkpoints/checkpoint-00007.pth: Copied (new)
2026/05/08 18:18:45 INFO  : PSE_without_fees_2026-04-13_to_2026-04-15/work_dir/backtests_eiie_20260415_140329_job74151_2odpu3ez/runs/run_003/checkpoints/checkpoint-00004.pth: Copied (new)
2026/05/08 18:18:46 INFO  : PSE_without_fees_2026-04-13_to_2026-04-15/work_dir/backtests_eiie_20260415_140329_job74151_2odpu3ez/runs/run_003/checkpoints/checkpoint-00003.pth: Copied (new)
2026/05/08 18:18:46 INFO  : PSE_without_fees_2026-04-13_to_2026-04-15/work_dir/backtests_eiie_20260415_140329_job74151_2odpu3ez/runs/run_003/checkpoints/checkpoint-00008.pth: Copied (new)
2026/05/08 18:18:47 INFO  : PSE_without_fees_2026-04-13_to_2026-04-15/work_dir/backtests_eiie_20260415_140329_job74151_2odpu3ez/runs/run_003/checkpoints/checkpoint-00009.pth: Copied (new)
2026/05/08 18:18:49 INFO  : NYSE_without_fees_2026-04-13_to_2026-04-15/work_dir/backtests_eiie_20260413_233931_job74122_rnnteafq/runs/run_005/checkpoints/best.pth: Copied (new)
2026/05/08 18:18:49 INFO  : PSE_without_fees_2026-04-13_to_2026-04-15/work_dir/backtests_eiie_20260415_140329_job74151_2odpu3ez/runs/run_003/checkpoints/checkpoint-00010.pth: Copied (new)
2026/05/08 18:18:49 INFO  : NYSE_without_fees_2026-04-13_to_2026-04-15/work_dir/backtests_eiie_20260413_233931_job74122_rnnteafq/runs/run_005/checkpoints/checkpoint-00003.pth: Copied (new)
2026/05/08 18:18:49 INFO  : NYSE_without_fees_2026-04-13_to_2026-04-15/work_dir/backtests_eiie_20260413_233931_job74122_rnnteafq/runs/run_005/checkpoints/checkpoint-00002.pth: Copied (new)
2026/05/08 18:18:49 INFO  : NYSE_without_fees_2026-04-13_to_2026-04-15/work_dir/backtests_eiie_20260413_233931_job74122_rnnteafq/runs/run_005/checkpoints/checkpoint-00001.pth: Copied (new)
2026/05/08 18:18:49 INFO  : NYSE_without_fees_2026-04-13_to_2026-04-15/work_dir/backtests_eiie_20260413_233931_job74122_rnnteafq/runs/run_005/checkpoints/checkpoint-00004.pth: Copied (new)
2026/05/08 18:18:49 INFO  : NYSE_without_fees_2026-04-13_to_2026-04-15/work_dir/backtests_eiie_20260413_233931_job74122_rnnteafq/runs/run_005/checkpoints/checkpoint-00005.pth: Copied (new)
2026/05/08 18:18:50 INFO  : NYSE_without_fees_2026-04-13_to_2026-04-15/work_dir/backtests_eiie_20260413_233931_job74122_rnnteafq/runs/run_005/checkpoints/checkpoint-00006.pth: Copied (new)
2026/05/08 18:18:53 INFO  : NYSE_without_fees_2026-04-13_to_2026-04-15/work_dir/backtests_eiie_20260413_233931_job74122_rnnteafq/runs/run_005/checkpoints/checkpoint-00008.pth: Copied (new)
2026/05/08 18:18:53 INFO  : NYSE_without_fees_2026-04-13_to_2026-04-15/work_dir/backtests_eiie_20260413_233931_job74122_rnnteafq/runs/run_005/checkpoints/checkpoint-00009.pth: Copied (new)
2026/05/08 18:18:53 INFO  : PSE_without_fees_2026-04-13_to_2026-04-15/work_dir/backtests_eiie_20260415_045928_job74148_9gausy9d/runs/run_004/checkpoints/best.pth: Copied (new)
2026/05/08 18:18:53 INFO  : NYSE_without_fees_2026-04-13_to_2026-04-15/work_dir/backtests_eiie_20260413_233931_job74122_rnnteafq/runs/run_005/checkpoints/checkpoint-00007.pth: Copied (new)
2026/05/08 18:18:53 INFO  : NYSE_without_fees_2026-04-13_to_2026-04-15/work_dir/backtests_eiie_20260413_233931_job74122_rnnteafq/runs/run_005/checkpoints/checkpoint-00010.pth: Copied (new)
2026/05/08 18:18:53 INFO  : PSE_without_fees_2026-04-13_to_2026-04-15/work_dir/backtests_eiie_20260415_045928_job74148_9gausy9d/runs/run_004/checkpoints/checkpoint-00001.pth: Copied (new)
2026/05/08 18:18:53 INFO  : PSE_without_fees_2026-04-13_to_2026-04-15/work_dir/backtests_eiie_20260415_045928_job74148_9gausy9d/runs/run_004/checkpoints/checkpoint-00002.pth: Copied (new)
2026/05/08 18:18:53 INFO  : PSE_without_fees_2026-04-13_to_2026-04-15/work_dir/backtests_eiie_20260415_045928_job74148_9gausy9d/runs/run_004/checkpoints/checkpoint-00003.pth: Copied (new)
2026/05/08 18:18:55 INFO  : PSE_without_fees_2026-04-13_to_2026-04-15/work_dir/backtests_eiie_20260415_045928_job74148_9gausy9d/runs/run_004/checkpoints/checkpoint-00006.pth: Copied (new)
2026/05/08 18:18:55 INFO  : PSE_without_fees_2026-04-13_to_2026-04-15/work_dir/backtests_eiie_20260415_045928_job74148_9gausy9d/runs/run_004/checkpoints/checkpoint-00004.pth: Copied (new)
2026/05/08 18:18:55 INFO  : PSE_without_fees_2026-04-13_to_2026-04-15/work_dir/backtests_eiie_20260415_045928_job74148_9gausy9d/runs/run_004/checkpoints/checkpoint-00008.pth: Copied (new)
2026/05/08 18:18:55 INFO  : PSE_without_fees_2026-04-13_to_2026-04-15/work_dir/backtests_eiie_20260415_045928_job74148_9gausy9d/runs/run_004/checkpoints/checkpoint-00007.pth: Copied (new)
2026/05/08 18:18:55 INFO  : PSE_without_fees_2026-04-13_to_2026-04-15/work_dir/backtests_eiie_20260415_045928_job74148_9gausy9d/runs/run_004/checkpoints/checkpoint-00005.pth: Copied (new)
2026/05/08 18:18:56 INFO  : PSE_without_fees_2026-04-13_to_2026-04-15/work_dir/backtests_eiie_20260415_045928_job74148_9gausy9d/runs/run_004/checkpoints/checkpoint-00010.pth: Copied (new)
2026/05/08 18:18:56 INFO  : PSE_without_fees_2026-04-13_to_2026-04-15/work_dir/backtests_eiie_20260415_045928_job74148_9gausy9d/runs/run_004/checkpoints/checkpoint-00009.pth: Copied (new)
2026/05/08 18:18:57 INFO  : NYSE_without_fees_2026-04-13_to_2026-04-15/work_dir/backtests_eiie_20260414_062011_job74124_5nwqr3ja/runs/run_002/checkpoints: Set directory modification time (using DirSetModTime)
2026/05/08 18:18:57 INFO  : NYSE_without_fees_2026-04-13_to_2026-04-15/work_dir/backtests_eiie_20260414_231549_job74129_qj7ppkrx/runs/run_003/checkpoints: Set directory modification time (using DirSetModTime)
2026/05/08 18:18:57 INFO  : NYSE_without_fees_2026-04-13_to_2026-04-15/work_dir/backtests_eiie_20260414_231549_job74129_qj7ppkrx/runs/run_001/checkpoints: Set directory modification time (using DirSetModTime)
2026/05/08 18:18:57 INFO  : NYSE_without_fees_2026-04-13_to_2026-04-15/work_dir/backtests_eiie_20260414_094321_job74125_jbo5sdvx/runs/run_002/checkpoints: Set directory modification time (using DirSetModTime)
2026/05/08 18:18:57 INFO  : NYSE_without_fees_2026-04-13_to_2026-04-15/work_dir/backtests_eiie_20260414_195750_job74128_o_ywey2v/runs/run_001/checkpoints: Set directory modification time (using DirSetModTime)
2026/05/08 18:18:57 INFO  : NYSE_without_fees_2026-04-13_to_2026-04-15/work_dir/backtests_eiie_20260414_030122_job74123_eryaem4m/runs/run_001/checkpoints: Set directory modification time (using DirSetModTime)
2026/05/08 18:18:57 INFO  : NYSE_without_fees_2026-04-13_to_2026-04-15/work_dir/backtests_eiie_20260414_163153_job74127_5c1ikwkh/runs/run_003/checkpoints: Set directory modification time (using DirSetModTime)
2026/05/08 18:18:57 INFO  : NYSE_without_fees_2026-04-13_to_2026-04-15/work_dir/backtests_eiie_20260414_163153_job74127_5c1ikwkh/runs/run_002/checkpoints: Set directory modification time (using DirSetModTime)
2026/05/08 18:18:57 INFO  : NYSE_without_fees_2026-04-13_to_2026-04-15/work_dir/backtests_eiie_20260414_062011_job74124_5nwqr3ja/runs/run_001/checkpoints: Set directory modification time (using DirSetModTime)
2026/05/08 18:18:57 INFO  : NYSE_without_fees_2026-04-13_to_2026-04-15/work_dir/backtests_eiie_20260414_231549_job74129_qj7ppkrx/runs/run_002/checkpoints: Set directory modification time (using DirSetModTime)
2026/05/08 18:18:57 INFO  : NYSE_without_fees_2026-04-13_to_2026-04-15/work_dir/backtests_eiie_20260413_201351_job74121_gzd7n48c/runs/run_001/checkpoints: Set directory modification time (using DirSetModTime)
2026/05/08 18:18:57 INFO  : NYSE_without_fees_2026-04-13_to_2026-04-15/work_dir/backtests_eiie_20260414_094321_job74125_jbo5sdvx/runs/run_001/checkpoints: Set directory modification time (using DirSetModTime)
2026/05/08 18:18:57 INFO  : NYSE_without_fees_2026-04-13_to_2026-04-15/work_dir/backtests_eiie_20260414_130918_job74126_62nqsn3t/runs/run_001/checkpoints: Set directory modification time (using DirSetModTime)
2026/05/08 18:18:57 INFO  : NYSE_without_fees_2026-04-13_to_2026-04-15/work_dir/backtests_eiie_20260415_023409_job74130_ujrrbycv/runs/run_001/checkpoints: Set directory modification time (using DirSetModTime)
2026/05/08 18:18:57 INFO  : NYSE_without_fees_2026-04-13_to_2026-04-15/work_dir/backtests_eiie_20260414_163153_job74127_5c1ikwkh/runs/run_001/checkpoints: Set directory modification time (using DirSetModTime)
2026/05/08 18:18:57 INFO  : NYSE_without_fees_2026-04-13_to_2026-04-15/work_dir/backtests_eiie_20260414_062011_job74124_5nwqr3ja/runs/run_003/checkpoints: Set directory modification time (using DirSetModTime)
2026/05/08 18:18:57 INFO  : NYSE_without_fees_2026-04-13_to_2026-04-15/work_dir/backtests_eiie_20260414_130918_job74126_62nqsn3t/runs/run_002/checkpoints: Set directory modification time (using DirSetModTime)
2026/05/08 18:18:57 INFO  : NYSE_without_fees_2026-04-13_to_2026-04-15/work_dir/backtests_eiie_20260414_030122_job74123_eryaem4m/runs/run_002/checkpoints: Set directory modification time (using DirSetModTime)
2026/05/08 18:18:57 INFO  : NYSE_without_fees_2026-04-13_to_2026-04-15/work_dir/backtests_eiie_20260414_231549_job74129_qj7ppkrx/runs/run_004/checkpoints: Set directory modification time (using DirSetModTime)
2026/05/08 18:18:57 INFO  : NYSE_without_fees_2026-04-13_to_2026-04-15/work_dir/backtests_eiie_20260414_163153_job74127_5c1ikwkh/runs/run_004/checkpoints: Set directory modification time (using DirSetModTime)
2026/05/08 18:18:57 INFO  : NYSE_without_fees_2026-04-13_to_2026-04-15/work_dir/backtests_eiie_20260415_191636_job74135_ysebkrl3/runs/run_001/checkpoints: Set directory modification time (using DirSetModTime)
2026/05/08 18:18:57 INFO  : NYSE_without_fees_2026-04-13_to_2026-04-15/work_dir/backtests_eiie_20260415_123453_job74133_kzz71nh_/runs/run_001/checkpoints: Set directory modification time (using DirSetModTime)
2026/05/08 18:18:58 INFO  : NYSE_without_fees_2026-04-13_to_2026-04-15/work_dir/backtests_eiie_20260415_055739_job74131_tpjgyzkc/runs/run_001/checkpoints: Set directory modification time (using DirSetModTime)
2026/05/08 18:18:58 INFO  : PSE_without_fees_2026-04-13_to_2026-04-15/work_dir/backtests_eiie_20260414_015729_job74139_46bfn538/runs/run_001/checkpoints: Set directory modification time (using DirSetModTime)
2026/05/08 18:18:58 INFO  : NYSE_without_fees_2026-04-13_to_2026-04-15/work_dir/backtests_eiie_20260415_155439_job74134_d24w3yak/runs/run_001/checkpoints: Set directory modification time (using DirSetModTime)
2026/05/08 18:18:58 INFO  : NYSE_without_fees_2026-04-13_to_2026-04-15/work_dir/backtests_eiie_20260413_201351_job74121_gzd7n48c/runs/run_002/checkpoints: Set directory modification time (using DirSetModTime)
2026/05/08 18:18:58 INFO  : NYSE_without_fees_2026-04-13_to_2026-04-15/work_dir/backtests_eiie_20260414_062011_job74124_5nwqr3ja/runs/run_004/checkpoints: Set directory modification time (using DirSetModTime)
2026/05/08 18:18:58 INFO  : NYSE_without_fees_2026-04-13_to_2026-04-15/work_dir/backtests_eiie_20260415_091734_job74132_bow7t52g/runs/run_001/checkpoints: Set directory modification time (using DirSetModTime)
2026/05/08 18:18:58 INFO  : PSE_without_fees_2026-04-13_to_2026-04-15/work_dir/backtests_eiie_20260414_135115_job74143_q08j1hi1/runs/run_001/checkpoints: Set directory modification time (using DirSetModTime)
2026/05/08 18:18:58 INFO  : NYSE_without_fees_2026-04-13_to_2026-04-15/work_dir/backtests_eiie_20260414_094321_job74125_jbo5sdvx/runs/run_003/checkpoints: Set directory modification time (using DirSetModTime)
2026/05/08 18:18:58 INFO  : NYSE_without_fees_2026-04-13_to_2026-04-15/work_dir/backtests_eiie_20260415_023409_job74130_ujrrbycv/runs/run_002/checkpoints: Set directory modification time (using DirSetModTime)
2026/05/08 18:18:58 INFO  : NYSE_without_fees_2026-04-13_to_2026-04-15/work_dir/backtests_eiie_20260414_195750_job74128_o_ywey2v/runs/run_002/checkpoints: Set directory modification time (using DirSetModTime)
2026/05/08 18:18:58 INFO  : PSE_without_fees_2026-04-13_to_2026-04-15/work_dir/backtests_eiie_20260414_105331_job74142_ufplj8k7/runs/run_001/checkpoints: Set directory modification time (using DirSetModTime)
2026/05/08 18:18:58 INFO  : NYSE_without_fees_2026-04-13_to_2026-04-15/work_dir/backtests_eiie_20260414_030122_job74123_eryaem4m/runs/run_003/checkpoints: Set directory modification time (using DirSetModTime)
2026/05/08 18:18:58 INFO  : NYSE_without_fees_2026-04-13_to_2026-04-15/work_dir/backtests_eiie_20260415_191636_job74135_ysebkrl3/runs/run_002/checkpoints: Set directory modification time (using DirSetModTime)
2026/05/08 18:18:58 INFO  : NYSE_without_fees_2026-04-13_to_2026-04-15/work_dir/backtests_eiie_20260414_130918_job74126_62nqsn3t/runs/run_003/checkpoints: Set directory modification time (using DirSetModTime)
2026/05/08 18:18:58 INFO  : NYSE_without_fees_2026-04-13_to_2026-04-15/work_dir/backtests_eiie_20260415_055739_job74131_tpjgyzkc/runs/run_002/checkpoints: Set directory modification time (using DirSetModTime)
2026/05/08 18:18:58 INFO  : NYSE_without_fees_2026-04-13_to_2026-04-15/work_dir/backtests_eiie_20260414_163153_job74127_5c1ikwkh/runs/run_005/checkpoints: Set directory modification time (using DirSetModTime)
2026/05/08 18:18:58 INFO  : PSE_without_fees_2026-04-13_to_2026-04-15/work_dir/backtests_eiie_20260413_165222_job74136_gkc4fhnc/runs/run_001/checkpoints: Set directory modification time (using DirSetModTime)
2026/05/08 18:18:58 INFO  : PSE_without_fees_2026-04-13_to_2026-04-15/work_dir/backtests_eiie_20260414_225950_job74146_ur5evt9d/runs/run_001/checkpoints: Set directory modification time (using DirSetModTime)
2026/05/08 18:18:58 INFO  : PSE_without_fees_2026-04-13_to_2026-04-15/work_dir/backtests_eiie_20260414_045947_job74140_h8ucwjhj/runs/run_001/checkpoints: Set directory modification time (using DirSetModTime)
2026/05/08 18:18:58 INFO  : NYSE_without_fees_2026-04-13_to_2026-04-15/work_dir/backtests_eiie_20260413_201351_job74121_gzd7n48c/runs/run_003/checkpoints: Set directory modification time (using DirSetModTime)
2026/05/08 18:18:58 INFO  : PSE_without_fees_2026-04-13_to_2026-04-15/work_dir/backtests_eiie_20260413_195251_job74137_dvcd7s8x/runs/run_001/checkpoints: Set directory modification time (using DirSetModTime)
2026/05/08 18:18:58 INFO  : NYSE_without_fees_2026-04-13_to_2026-04-15/work_dir/backtests_eiie_20260414_062011_job74124_5nwqr3ja/runs/run_005/checkpoints: Set directory modification time (using DirSetModTime)
2026/05/08 18:18:58 INFO  : NYSE_without_fees_2026-04-13_to_2026-04-15/work_dir/backtests_eiie_20260415_091734_job74132_bow7t52g/runs/run_002/checkpoints: Set directory modification time (using DirSetModTime)
2026/05/08 18:18:58 INFO  : PSE_without_fees_2026-04-13_to_2026-04-15/work_dir/backtests_eiie_20260414_075610_job74141_jxq9e3d_/runs/run_001/checkpoints: Set directory modification time (using DirSetModTime)
2026/05/08 18:18:59 INFO  : NYSE_without_fees_2026-04-13_to_2026-04-15/work_dir/backtests_eiie_20260414_231549_job74129_qj7ppkrx/runs/run_005/checkpoints: Set directory modification time (using DirSetModTime)
2026/05/08 18:18:59 INFO  : NYSE_without_fees_2026-04-13_to_2026-04-15/work_dir/backtests_eiie_20260415_123453_job74133_kzz71nh_/runs/run_002/checkpoints: Set directory modification time (using DirSetModTime)
2026/05/08 18:18:59 INFO  : PSE_without_fees_2026-04-13_to_2026-04-15/work_dir/backtests_eiie_20260414_165644_job74144_dbwdzdc8/runs/run_001/checkpoints: Set directory modification time (using DirSetModTime)
2026/05/08 18:18:59 INFO  : NYSE_without_fees_2026-04-13_to_2026-04-15/work_dir/backtests_eiie_20260415_023409_job74130_ujrrbycv/runs/run_003/checkpoints: Set directory modification time (using DirSetModTime)
2026/05/08 18:18:59 INFO  : PSE_without_fees_2026-04-13_to_2026-04-15/work_dir/backtests_eiie_20260414_195953_job74145__xmyv0fz/runs/run_001/checkpoints: Set directory modification time (using DirSetModTime)
2026/05/08 18:18:59 INFO  : NYSE_without_fees_2026-04-13_to_2026-04-15/work_dir/backtests_eiie_20260414_195750_job74128_o_ywey2v/runs/run_003/checkpoints: Set directory modification time (using DirSetModTime)
2026/05/08 18:18:59 INFO  : PSE_without_fees_2026-04-13_to_2026-04-15/work_dir/backtests_eiie_20260415_020042_job74147_86qdx6pe/runs/run_001/checkpoints: Set directory modification time (using DirSetModTime)
2026/05/08 18:18:59 INFO  : PSE_without_fees_2026-04-13_to_2026-04-15/work_dir/backtests_eiie_20260413_165222_job74136_gkc4fhnc/runs/run_002/checkpoints: Set directory modification time (using DirSetModTime)
2026/05/08 18:18:59 INFO  : PSE_without_fees_2026-04-13_to_2026-04-15/work_dir/backtests_eiie_20260414_015729_job74139_46bfn538/runs/run_002/checkpoints: Set directory modification time (using DirSetModTime)
2026/05/08 18:18:59 INFO  : NYSE_without_fees_2026-04-13_to_2026-04-15/work_dir/backtests_eiie_20260414_030122_job74123_eryaem4m/runs/run_004/checkpoints: Set directory modification time (using DirSetModTime)
2026/05/08 18:18:59 INFO  : NYSE_without_fees_2026-04-13_to_2026-04-15/work_dir/backtests_eiie_20260415_191636_job74135_ysebkrl3/runs/run_003/checkpoints: Set directory modification time (using DirSetModTime)
2026/05/08 18:18:59 INFO  : NYSE_without_fees_2026-04-13_to_2026-04-15/work_dir/backtests_eiie_20260415_155439_job74134_d24w3yak/runs/run_002/checkpoints: Set directory modification time (using DirSetModTime)
2026/05/08 18:18:59 INFO  : PSE_without_fees_2026-04-13_to_2026-04-15/work_dir/backtests_eiie_20260413_195251_job74137_dvcd7s8x/runs/run_002/checkpoints: Set directory modification time (using DirSetModTime)
2026/05/08 18:18:59 INFO  : PSE_without_fees_2026-04-13_to_2026-04-15/work_dir/backtests_eiie_20260414_105331_job74142_ufplj8k7/runs/run_002/checkpoints: Set directory modification time (using DirSetModTime)
2026/05/08 18:18:59 INFO  : PSE_without_fees_2026-04-13_to_2026-04-15/work_dir/backtests_eiie_20260413_225636_job74138_97ly951i/runs/run_002/checkpoints: Set directory modification time (using DirSetModTime)
2026/05/08 18:18:59 INFO  : NYSE_without_fees_2026-04-13_to_2026-04-15/work_dir/backtests_eiie_20260415_055739_job74131_tpjgyzkc/runs/run_003/checkpoints: Set directory modification time (using DirSetModTime)
2026/05/08 18:18:59 INFO  : PSE_without_fees_2026-04-13_to_2026-04-15/work_dir/backtests_eiie_20260414_135115_job74143_q08j1hi1/runs/run_002/checkpoints: Set directory modification time (using DirSetModTime)
2026/05/08 18:18:59 INFO  : PSE_without_fees_2026-04-13_to_2026-04-15/work_dir/backtests_eiie_20260414_225950_job74146_ur5evt9d/runs/run_002/checkpoints: Set directory modification time (using DirSetModTime)
2026/05/08 18:19:00 INFO  : PSE_without_fees_2026-04-13_to_2026-04-15/work_dir/backtests_eiie_20260415_080216_job74149_0mddw9l9/runs/run_001/checkpoints: Set directory modification time (using DirSetModTime)
2026/05/08 18:19:00 INFO  : NYSE_without_fees_2026-04-13_to_2026-04-15/work_dir/backtests_eiie_20260414_130918_job74126_62nqsn3t/runs/run_004/checkpoints: Set directory modification time (using DirSetModTime)
2026/05/08 18:19:00 INFO  : PSE_without_fees_2026-04-13_to_2026-04-15/work_dir/backtests_eiie_20260413_225636_job74138_97ly951i/runs/run_001/checkpoints: Set directory modification time (using DirSetModTime)
2026/05/08 18:19:00 INFO  : NYSE_without_fees_2026-04-13_to_2026-04-15/work_dir/backtests_eiie_20260413_201351_job74121_gzd7n48c/runs/run_004/checkpoints: Set directory modification time (using DirSetModTime)
2026/05/08 18:19:00 INFO  : PSE_without_fees_2026-04-13_to_2026-04-15/work_dir/backtests_eiie_20260414_075610_job74141_jxq9e3d_/runs/run_002/checkpoints: Set directory modification time (using DirSetModTime)
2026/05/08 18:19:00 INFO  : PSE_without_fees_2026-04-13_to_2026-04-15/work_dir/backtests_eiie_20260414_045947_job74140_h8ucwjhj/runs/run_002/checkpoints: Set directory modification time (using DirSetModTime)
2026/05/08 18:19:00 INFO  : NYSE_without_fees_2026-04-13_to_2026-04-15/work_dir/backtests_eiie_20260415_123453_job74133_kzz71nh_/runs/run_003/checkpoints: Set directory modification time (using DirSetModTime)
2026/05/08 18:19:00 INFO  : PSE_without_fees_2026-04-13_to_2026-04-15/work_dir/backtests_eiie_20260414_165644_job74144_dbwdzdc8/runs/run_002/checkpoints: Set directory modification time (using DirSetModTime)
2026/05/08 18:19:00 INFO  : NYSE_without_fees_2026-04-13_to_2026-04-15/work_dir/backtests_eiie_20260414_195750_job74128_o_ywey2v/runs/run_004/checkpoints: Set directory modification time (using DirSetModTime)
2026/05/08 18:19:00 INFO  : PSE_without_fees_2026-04-13_to_2026-04-15/work_dir/backtests_eiie_20260414_195953_job74145__xmyv0fz/runs/run_002/checkpoints: Set directory modification time (using DirSetModTime)
2026/05/08 18:19:00 INFO  : NYSE_without_fees_2026-04-13_to_2026-04-15/work_dir/backtests_eiie_20260414_094321_job74125_jbo5sdvx/runs/run_004/checkpoints: Set directory modification time (using DirSetModTime)
2026/05/08 18:19:00 INFO  : NYSE_without_fees_2026-04-13_to_2026-04-15/work_dir/backtests_eiie_20260415_091734_job74132_bow7t52g/runs/run_003/checkpoints: Set directory modification time (using DirSetModTime)
2026/05/08 18:19:00 INFO  : NYSE_without_fees_2026-04-13_to_2026-04-15/work_dir/backtests_eiie_20260415_023409_job74130_ujrrbycv/runs/run_004/checkpoints: Set directory modification time (using DirSetModTime)
2026/05/08 18:19:00 INFO  : PSE_without_fees_2026-04-13_to_2026-04-15/work_dir/backtests_eiie_20260415_045928_job74148_9gausy9d/runs/run_001/checkpoints: Set directory modification time (using DirSetModTime)
2026/05/08 18:19:00 INFO  : NYSE_without_fees_2026-04-13_to_2026-04-15/work_dir/backtests_eiie_20260414_094321_job74125_jbo5sdvx/runs/run_005/checkpoints: Set directory modification time (using DirSetModTime)
2026/05/08 18:19:00 INFO  : PSE_without_fees_2026-04-13_to_2026-04-15/work_dir/backtests_eiie_20260414_015729_job74139_46bfn538/runs/run_003/checkpoints: Set directory modification time (using DirSetModTime)
2026/05/08 18:19:00 INFO  : NYSE_without_fees_2026-04-13_to_2026-04-15/work_dir/backtests_eiie_20260414_030122_job74123_eryaem4m/runs/run_005/checkpoints: Set directory modification time (using DirSetModTime)
2026/05/08 18:19:00 INFO  : PSE_without_fees_2026-04-13_to_2026-04-15/work_dir/backtests_eiie_20260415_020042_job74147_86qdx6pe/runs/run_002/checkpoints: Set directory modification time (using DirSetModTime)
2026/05/08 18:19:01 INFO  : NYSE_without_fees_2026-04-13_to_2026-04-15/work_dir/backtests_eiie_20260415_155439_job74134_d24w3yak/runs/run_003/checkpoints: Set directory modification time (using DirSetModTime)
2026/05/08 18:19:01 INFO  : PSE_without_fees_2026-04-13_to_2026-04-15/work_dir/backtests_eiie_20260414_135115_job74143_q08j1hi1/runs/run_003/checkpoints: Set directory modification time (using DirSetModTime)
2026/05/08 18:19:01 INFO  : PSE_without_fees_2026-04-13_to_2026-04-15/work_dir/backtests_eiie_20260413_195251_job74137_dvcd7s8x/runs/run_003/checkpoints: Set directory modification time (using DirSetModTime)
2026/05/08 18:19:01 INFO  : NYSE_without_fees_2026-04-13_to_2026-04-15/work_dir/backtests_eiie_20260415_191636_job74135_ysebkrl3/runs/run_004/checkpoints: Set directory modification time (using DirSetModTime)
2026/05/08 18:19:01 INFO  : PSE_without_fees_2026-04-13_to_2026-04-15/work_dir/backtests_eiie_20260415_110513_job74150_f5h5w0n8/runs/run_001/checkpoints: Set directory modification time (using DirSetModTime)
2026/05/08 18:19:01 INFO  : PSE_without_fees_2026-04-13_to_2026-04-15/work_dir/backtests_eiie_20260414_225950_job74146_ur5evt9d/runs/run_003/checkpoints: Set directory modification time (using DirSetModTime)
2026/05/08 18:19:01 INFO  : NYSE_without_fees_2026-04-13_to_2026-04-15/work_dir/backtests_eiie_20260414_130918_job74126_62nqsn3t/runs/run_005/checkpoints: Set directory modification time (using DirSetModTime)
2026/05/08 18:19:01 INFO  : PSE_without_fees_2026-04-13_to_2026-04-15/work_dir/backtests_eiie_20260414_105331_job74142_ufplj8k7/runs/run_003/checkpoints: Set directory modification time (using DirSetModTime)
2026/05/08 18:19:01 INFO  : NYSE_without_fees_2026-04-13_to_2026-04-15/work_dir/backtests_eiie_20260415_055739_job74131_tpjgyzkc/runs/run_004/checkpoints: Set directory modification time (using DirSetModTime)
2026/05/08 18:19:01 INFO  : PSE_without_fees_2026-04-13_to_2026-04-15/work_dir/backtests_eiie_20260415_080216_job74149_0mddw9l9/runs/run_002/checkpoints: Set directory modification time (using DirSetModTime)
2026/05/08 18:19:01 INFO  : PSE_without_fees_2026-04-13_to_2026-04-15/work_dir/backtests_eiie_20260413_225636_job74138_97ly951i/runs/run_003/checkpoints: Set directory modification time (using DirSetModTime)
2026/05/08 18:19:01 INFO  : NYSE_without_fees_2026-04-13_to_2026-04-15/work_dir/backtests_eiie_20260413_201351_job74121_gzd7n48c/runs/run_005/checkpoints: Set directory modification time (using DirSetModTime)
2026/05/08 18:19:01 INFO  : PSE_without_fees_2026-04-13_to_2026-04-15/work_dir/backtests_eiie_20260413_165222_job74136_gkc4fhnc/runs/run_003/checkpoints: Set directory modification time (using DirSetModTime)
2026/05/08 18:19:01 INFO  : PSE_without_fees_2026-04-13_to_2026-04-15/work_dir/backtests_eiie_20260414_045947_job74140_h8ucwjhj/runs/run_003/checkpoints: Set directory modification time (using DirSetModTime)
2026/05/08 18:19:01 INFO  : PSE_without_fees_2026-04-13_to_2026-04-15/work_dir/backtests_eiie_20260414_165644_job74144_dbwdzdc8/runs/run_003/checkpoints: Set directory modification time (using DirSetModTime)
2026/05/08 18:19:01 INFO  : PSE_without_fees_2026-04-13_to_2026-04-15/work_dir/backtests_eiie_20260414_075610_job74141_jxq9e3d_/runs/run_003/checkpoints: Set directory modification time (using DirSetModTime)
2026/05/08 18:19:01 INFO  : NYSE_without_fees_2026-04-13_to_2026-04-15/work_dir/backtests_eiie_20260415_091734_job74132_bow7t52g/runs/run_004/checkpoints: Set directory modification time (using DirSetModTime)
2026/05/08 18:19:01 INFO  : PSE_without_fees_2026-04-13_to_2026-04-15/work_dir/backtests_eiie_20260415_140329_job74151_2odpu3ez/runs/run_001/checkpoints: Set directory modification time (using DirSetModTime)
2026/05/08 18:19:02 INFO  : PSE_without_fees_2026-04-13_to_2026-04-15/work_dir/backtests_eiie_20260414_195953_job74145__xmyv0fz/runs/run_003/checkpoints: Set directory modification time (using DirSetModTime)
2026/05/08 18:19:02 INFO  : NYSE_without_fees_2026-04-13_to_2026-04-15/work_dir/backtests_eiie_20260415_123453_job74133_kzz71nh_/runs/run_004/checkpoints: Set directory modification time (using DirSetModTime)
2026/05/08 18:19:02 INFO  : NYSE_without_fees_2026-04-13_to_2026-04-15/work_dir/backtests_eiie_20260414_195750_job74128_o_ywey2v/runs/run_005/checkpoints: Set directory modification time (using DirSetModTime)
2026/05/08 18:19:02 INFO  : NYSE_without_fees_2026-04-13_to_2026-04-15/work_dir/backtests_eiie_20260415_023409_job74130_ujrrbycv/runs/run_005/checkpoints: Set directory modification time (using DirSetModTime)
2026/05/08 18:19:02 INFO  : PSE_without_fees_2026-04-13_to_2026-04-15/work_dir/backtests_eiie_20260415_045928_job74148_9gausy9d/runs/run_002/checkpoints: Set directory modification time (using DirSetModTime)
2026/05/08 18:19:02 INFO  : PSE_without_fees_2026-04-13_to_2026-04-15/work_dir/backtests_eiie_20260415_020042_job74147_86qdx6pe/runs/run_003/checkpoints: Set directory modification time (using DirSetModTime)
2026/05/08 18:19:02 INFO  : PSE_without_fees_2026-04-13_to_2026-04-15/work_dir/backtests_eiie_20260415_110513_job74150_f5h5w0n8/runs/run_002/checkpoints: Set directory modification time (using DirSetModTime)
2026/05/08 18:19:02 INFO  : PSE_without_fees_2026-04-13_to_2026-04-15/work_dir/backtests_eiie_20260413_195251_job74137_dvcd7s8x/runs/run_004/checkpoints: Set directory modification time (using DirSetModTime)
2026/05/08 18:19:02 INFO  : PSE_without_fees_2026-04-13_to_2026-04-15/work_dir/backtests_eiie_20260414_135115_job74143_q08j1hi1/runs/run_004/checkpoints: Set directory modification time (using DirSetModTime)
2026/05/08 18:19:02 INFO  : NYSE_without_fees_2026-04-13_to_2026-04-15/work_dir/backtests_eiie_20260415_191636_job74135_ysebkrl3/runs/run_005/checkpoints: Set directory modification time (using DirSetModTime)
2026/05/08 18:19:02 INFO  : PSE_without_fees_2026-04-13_to_2026-04-15/work_dir/backtests_eiie_20260414_105331_job74142_ufplj8k7/runs/run_004/checkpoints: Set directory modification time (using DirSetModTime)
2026/05/08 18:19:02 INFO  : PSE_without_fees_2026-04-13_to_2026-04-15/work_dir/backtests_eiie_20260414_225950_job74146_ur5evt9d/runs/run_004/checkpoints: Set directory modification time (using DirSetModTime)
2026/05/08 18:19:02 INFO  : PSE_without_fees_2026-04-13_to_2026-04-15/work_dir/backtests_eiie_20260413_165222_job74136_gkc4fhnc/runs/run_004/checkpoints: Set directory modification time (using DirSetModTime)
2026/05/08 18:19:02 INFO  : PSE_without_fees_2026-04-13_to_2026-04-15/work_dir/backtests_eiie_20260413_225636_job74138_97ly951i/runs/run_004/checkpoints: Set directory modification time (using DirSetModTime)
2026/05/08 18:19:02 INFO  : PSE_without_fees_2026-04-13_to_2026-04-15/work_dir/backtests_eiie_20260414_015729_job74139_46bfn538/runs/run_004/checkpoints: Set directory modification time (using DirSetModTime)
2026/05/08 18:19:02 INFO  : NYSE_without_fees_2026-04-13_to_2026-04-15/work_dir/backtests_eiie_20260415_055739_job74131_tpjgyzkc/runs/run_005/checkpoints: Set directory modification time (using DirSetModTime)
2026/05/08 18:19:02 INFO  : PSE_without_fees_2026-04-13_to_2026-04-15/work_dir/backtests_eiie_20260415_140329_job74151_2odpu3ez/runs/run_002/checkpoints: Set directory modification time (using DirSetModTime)
2026/05/08 18:19:02 INFO  : PSE_without_fees_2026-04-13_to_2026-04-15/work_dir/backtests_eiie_20260414_075610_job74141_jxq9e3d_/runs/run_004/checkpoints: Set directory modification time (using DirSetModTime)
2026/05/08 18:19:02 INFO  : NYSE_without_fees_2026-04-13_to_2026-04-15/work_dir/backtests_eiie_20260415_155439_job74134_d24w3yak/runs/run_004/checkpoints: Set directory modification time (using DirSetModTime)
2026/05/08 18:19:03 INFO  : PSE_without_fees_2026-04-13_to_2026-04-15/work_dir/backtests_eiie_20260414_045947_job74140_h8ucwjhj/runs/run_004/checkpoints: Set directory modification time (using DirSetModTime)
2026/05/08 18:19:03 INFO  : NYSE_without_fees_2026-04-13_to_2026-04-15/work_dir/backtests_eiie_20260415_123453_job74133_kzz71nh_/runs/run_005/checkpoints: Set directory modification time (using DirSetModTime)
2026/05/08 18:19:03 INFO  : PSE_without_fees_2026-04-13_to_2026-04-15/work_dir/backtests_eiie_20260415_080216_job74149_0mddw9l9/runs/run_003/checkpoints: Set directory modification time (using DirSetModTime)
2026/05/08 18:19:03 INFO  : NYSE_without_fees_2026-04-13_to_2026-04-15/work_dir/backtests_eiie_20260415_091734_job74132_bow7t52g/runs/run_005/checkpoints: Set directory modification time (using DirSetModTime)
2026/05/08 18:19:03 INFO  : NYSE_without_fees_2026-04-13_to_2026-04-15/work_dir/backtests_eiie_20260415_155439_job74134_d24w3yak/runs/run_005/checkpoints: Set directory modification time (using DirSetModTime)
2026/05/08 18:19:03 INFO  : PSE_without_fees_2026-04-13_to_2026-04-15/work_dir/backtests_eiie_20260414_195953_job74145__xmyv0fz/runs/run_004/checkpoints: Set directory modification time (using DirSetModTime)
2026/05/08 18:19:03 INFO  : PSE_without_fees_2026-04-13_to_2026-04-15/work_dir/backtests_eiie_20260414_165644_job74144_dbwdzdc8/runs/run_004/checkpoints: Set directory modification time (using DirSetModTime)
2026/05/08 18:19:03 INFO  : PSE_without_fees_2026-04-13_to_2026-04-15/work_dir/backtests_eiie_20260414_015729_job74139_46bfn538/runs/run_005/checkpoints: Set directory modification time (using DirSetModTime)
2026/05/08 18:19:03 INFO  : PSE_without_fees_2026-04-13_to_2026-04-15/work_dir/backtests_eiie_20260415_020042_job74147_86qdx6pe/runs/run_004/checkpoints: Set directory modification time (using DirSetModTime)
2026/05/08 18:19:03 INFO  : PSE_without_fees_2026-04-13_to_2026-04-15/work_dir/backtests_eiie_20260413_195251_job74137_dvcd7s8x/runs/run_005/checkpoints: Set directory modification time (using DirSetModTime)
2026/05/08 18:19:03 INFO  : PSE_without_fees_2026-04-13_to_2026-04-15/work_dir/backtests_eiie_20260415_110513_job74150_f5h5w0n8/runs/run_003/checkpoints: Set directory modification time (using DirSetModTime)
2026/05/08 18:19:03 INFO  : NYSE_without_fees_2026-04-13_to_2026-04-15/work_dir/backtests_eiie_20260413_233931_job74122_rnnteafq/runs/run_001/checkpoints: Set directory modification time (using DirSetModTime)
2026/05/08 18:19:03 INFO  : PSE_without_fees_2026-04-13_to_2026-04-15/work_dir/backtests_eiie_20260414_135115_job74143_q08j1hi1/runs/run_005/checkpoints: Set directory modification time (using DirSetModTime)
2026/05/08 18:19:03 INFO  : PSE_without_fees_2026-04-13_to_2026-04-15/work_dir/backtests_eiie_20260415_045928_job74148_9gausy9d/runs/run_003/checkpoints: Set directory modification time (using DirSetModTime)
2026/05/08 18:19:03 INFO  : PSE_without_fees_2026-04-13_to_2026-04-15/work_dir/backtests_eiie_20260413_165222_job74136_gkc4fhnc/runs/run_005/checkpoints: Set directory modification time (using DirSetModTime)
2026/05/08 18:19:03 INFO  : PSE_without_fees_2026-04-13_to_2026-04-15/work_dir/backtests_eiie_20260414_105331_job74142_ufplj8k7/runs/run_005/checkpoints: Set directory modification time (using DirSetModTime)
2026/05/08 18:19:03 INFO  : PSE_without_fees_2026-04-13_to_2026-04-15/work_dir/backtests_eiie_20260414_225950_job74146_ur5evt9d/runs/run_005/checkpoints: Set directory modification time (using DirSetModTime)
2026/05/08 18:19:03 INFO  : PSE_without_fees_2026-04-13_to_2026-04-15/work_dir/backtests_eiie_20260413_225636_job74138_97ly951i/runs/run_005/checkpoints: Set directory modification time (using DirSetModTime)
2026/05/08 18:19:03 INFO  : NYSE_without_fees_2026-04-13_to_2026-04-15/work_dir/backtests_eiie_20260413_165222_job74120_idnmrt72/runs/run_001/checkpoints: Set directory modification time (using DirSetModTime)
2026/05/08 18:19:03 INFO  : PSE_without_fees_2026-04-13_to_2026-04-15/work_dir/backtests_eiie_20260414_045947_job74140_h8ucwjhj/runs/run_005/checkpoints: Set directory modification time (using DirSetModTime)
2026/05/08 18:19:03 INFO  : PSE_without_fees_2026-04-13_to_2026-04-15/work_dir/backtests_eiie_20260415_140329_job74151_2odpu3ez/runs/run_003/checkpoints: Set directory modification time (using DirSetModTime)
2026/05/08 18:19:04 INFO  : PSE_without_fees_2026-04-13_to_2026-04-15/work_dir/backtests_eiie_20260414_165644_job74144_dbwdzdc8/runs/run_005/checkpoints: Set directory modification time (using DirSetModTime)
2026/05/08 18:19:04 INFO  : PSE_without_fees_2026-04-13_to_2026-04-15/work_dir/backtests_eiie_20260414_195953_job74145__xmyv0fz/runs/run_005/checkpoints: Set directory modification time (using DirSetModTime)
2026/05/08 18:19:04 INFO  : PSE_without_fees_2026-04-13_to_2026-04-15/work_dir/backtests_eiie_20260415_080216_job74149_0mddw9l9/runs/run_004/checkpoints: Set directory modification time (using DirSetModTime)
2026/05/08 18:19:04 INFO  : PSE_without_fees_2026-04-13_to_2026-04-15/work_dir/backtests_eiie_20260414_075610_job74141_jxq9e3d_/runs/run_005/checkpoints: Set directory modification time (using DirSetModTime)
2026/05/08 18:19:04 INFO  : PSE_without_fees_2026-04-13_to_2026-04-15/work_dir/backtests_eiie_20260415_045928_job74148_9gausy9d/runs/run_004/checkpoints: Set directory modification time (using DirSetModTime)
2026/05/08 18:19:04 INFO  : PSE_without_fees_2026-04-13_to_2026-04-15/work_dir/backtests_eiie_20260415_020042_job74147_86qdx6pe/runs/run_005/checkpoints: Set directory modification time (using DirSetModTime)
2026/05/08 18:19:04 INFO  : NYSE_without_fees_2026-04-13_to_2026-04-15/work_dir/backtests_eiie_20260413_233931_job74122_rnnteafq/runs/run_002/checkpoints: Set directory modification time (using DirSetModTime)
2026/05/08 18:19:04 INFO  : NYSE_without_fees_2026-04-13_to_2026-04-15/work_dir/backtests_eiie_20260413_165222_job74120_idnmrt72/runs/run_002/checkpoints: Set directory modification time (using DirSetModTime)
2026/05/08 18:19:04 INFO  : PSE_without_fees_2026-04-13_to_2026-04-15/work_dir/backtests_eiie_20260415_140329_job74151_2odpu3ez/runs/run_004/checkpoints: Set directory modification time (using DirSetModTime)
2026/05/08 18:19:04 INFO  : PSE_without_fees_2026-04-13_to_2026-04-15/work_dir/backtests_eiie_20260415_110513_job74150_f5h5w0n8/runs/run_004/checkpoints: Set directory modification time (using DirSetModTime)
2026/05/08 18:19:04 INFO  : PSE_without_fees_2026-04-13_to_2026-04-15/work_dir/backtests_eiie_20260415_045928_job74148_9gausy9d/runs/run_005/checkpoints: Set directory modification time (using DirSetModTime)
2026/05/08 18:19:04 INFO  : PSE_without_fees_2026-04-13_to_2026-04-15/work_dir/backtests_eiie_20260415_080216_job74149_0mddw9l9/runs/run_005/checkpoints: Set directory modification time (using DirSetModTime)
2026/05/08 18:19:04 INFO  : PSE_without_fees_2026-04-13_to_2026-04-15/work_dir/backtests_eiie_20260415_110513_job74150_f5h5w0n8/runs/run_005/checkpoints: Set directory modification time (using DirSetModTime)
2026/05/08 18:19:04 INFO  : PSE_without_fees_2026-04-13_to_2026-04-15/work_dir/backtests_eiie_20260415_140329_job74151_2odpu3ez/runs/run_005/checkpoints: Set directory modification time (using DirSetModTime)
2026/05/08 18:19:04 INFO  : NYSE_without_fees_2026-04-13_to_2026-04-15/work_dir/backtests_eiie_20260413_165222_job74120_idnmrt72/runs/run_003/checkpoints: Set directory modification time (using DirSetModTime)
2026/05/08 18:19:04 INFO  : NYSE_without_fees_2026-04-13_to_2026-04-15/work_dir/backtests_eiie_20260413_165222_job74120_idnmrt72/runs/run_004/checkpoints: Set directory modification time (using DirSetModTime)
2026/05/08 18:19:04 INFO  : NYSE_without_fees_2026-04-13_to_2026-04-15/work_dir/backtests_eiie_20260413_165222_job74120_idnmrt72/runs/run_005/checkpoints: Set directory modification time (using DirSetModTime)
2026/05/08 18:19:04 INFO  : NYSE_without_fees_2026-04-13_to_2026-04-15/work_dir/backtests_eiie_20260413_233931_job74122_rnnteafq/runs/run_004/checkpoints: Set directory modification time (using DirSetModTime)
2026/05/08 18:19:04 INFO  : NYSE_without_fees_2026-04-13_to_2026-04-15/work_dir/backtests_eiie_20260413_233931_job74122_rnnteafq/runs/run_003/checkpoints: Set directory modification time (using DirSetModTime)
2026/05/08 18:19:05 INFO  : NYSE_without_fees_2026-04-13_to_2026-04-15/work_dir/backtests_eiie_20260413_233931_job74122_rnnteafq/runs/run_005/checkpoints: Set directory modification time (using DirSetModTime)
2026/05/08 18:19:05 INFO  : NYSE_without_fees_2026-04-13_to_2026-04-15/work_dir/backtests_eiie_20260414_231549_job74129_qj7ppkrx/runs/run_003: Set directory modification time (using DirSetModTime)
2026/05/08 18:19:05 INFO  : NYSE_without_fees_2026-04-13_to_2026-04-15/work_dir/backtests_eiie_20260414_062011_job74124_5nwqr3ja/prepared_data/clean_csv: Set directory modification time (using DirSetModTime)
2026/05/08 18:19:05 INFO  : NYSE_without_fees_2026-04-13_to_2026-04-15/work_dir/backtests_eiie_20260414_062011_job74124_5nwqr3ja/runs/run_002: Set directory modification time (using DirSetModTime)
2026/05/08 18:19:05 INFO  : NYSE_without_fees_2026-04-13_to_2026-04-15/work_dir/backtests_eiie_20260414_163153_job74127_5c1ikwkh/runs/run_001: Set directory modification time (using DirSetModTime)
2026/05/08 18:19:05 INFO  : NYSE_without_fees_2026-04-13_to_2026-04-15/work_dir/backtests_eiie_20260414_163153_job74127_5c1ikwkh/prepared_data/clean_csv: Set directory modification time (using DirSetModTime)
2026/05/08 18:19:05 INFO  : NYSE_without_fees_2026-04-13_to_2026-04-15/work_dir/backtests_eiie_20260414_231549_job74129_qj7ppkrx/runs/run_001: Set directory modification time (using DirSetModTime)
2026/05/08 18:19:05 INFO  : NYSE_without_fees_2026-04-13_to_2026-04-15/work_dir/backtests_eiie_20260414_163153_job74127_5c1ikwkh/runs/run_002: Set directory modification time (using DirSetModTime)
2026/05/08 18:19:05 INFO  : NYSE_without_fees_2026-04-13_to_2026-04-15/work_dir/backtests_eiie_20260414_062011_job74124_5nwqr3ja/runs/run_001: Set directory modification time (using DirSetModTime)
2026/05/08 18:19:05 INFO  : NYSE_without_fees_2026-04-13_to_2026-04-15/work_dir/backtests_eiie_20260414_062011_job74124_5nwqr3ja/runs/run_003: Set directory modification time (using DirSetModTime)
2026/05/08 18:19:05 INFO  : NYSE_without_fees_2026-04-13_to_2026-04-15/work_dir/backtests_eiie_20260414_062011_job74124_5nwqr3ja/runs/run_004: Set directory modification time (using DirSetModTime)
2026/05/08 18:19:05 INFO  : NYSE_without_fees_2026-04-13_to_2026-04-15/work_dir/backtests_eiie_20260414_163153_job74127_5c1ikwkh/runs/run_003: Set directory modification time (using DirSetModTime)
2026/05/08 18:19:05 INFO  : NYSE_without_fees_2026-04-13_to_2026-04-15/work_dir/backtests_eiie_20260414_163153_job74127_5c1ikwkh/runs/run_004: Set directory modification time (using DirSetModTime)
2026/05/08 18:19:06 INFO  : NYSE_without_fees_2026-04-13_to_2026-04-15/work_dir/backtests_eiie_20260414_163153_job74127_5c1ikwkh/runs/run_005: Set directory modification time (using DirSetModTime)
2026/05/08 18:19:06 INFO  : NYSE_without_fees_2026-04-13_to_2026-04-15/work_dir/backtests_eiie_20260414_094321_job74125_jbo5sdvx/runs/run_003: Set directory modification time (using DirSetModTime)
2026/05/08 18:19:06 INFO  : NYSE_without_fees_2026-04-13_to_2026-04-15/work_dir/backtests_eiie_20260414_094321_job74125_jbo5sdvx/runs/run_001: Set directory modification time (using DirSetModTime)
2026/05/08 18:19:06 INFO  : NYSE_without_fees_2026-04-13_to_2026-04-15/work_dir/backtests_eiie_20260414_094321_job74125_jbo5sdvx/runs/run_002: Set directory modification time (using DirSetModTime)
2026/05/08 18:19:06 INFO  : NYSE_without_fees_2026-04-13_to_2026-04-15/work_dir/backtests_eiie_20260414_030122_job74123_eryaem4m/runs/run_002: Set directory modification time (using DirSetModTime)
2026/05/08 18:19:06 INFO  : NYSE_without_fees_2026-04-13_to_2026-04-15/work_dir/backtests_eiie_20260414_030122_job74123_eryaem4m/runs/run_003: Set directory modification time (using DirSetModTime)
2026/05/08 18:19:06 INFO  : NYSE_without_fees_2026-04-13_to_2026-04-15/work_dir/backtests_eiie_20260414_030122_job74123_eryaem4m/runs/run_004: Set directory modification time (using DirSetModTime)
2026/05/08 18:19:07 INFO  : NYSE_without_fees_2026-04-13_to_2026-04-15/work_dir/backtests_eiie_20260414_094321_job74125_jbo5sdvx/prepared_data/clean_csv: Set directory modification time (using DirSetModTime)
2026/05/08 18:19:07 INFO  : NYSE_without_fees_2026-04-13_to_2026-04-15/work_dir/backtests_eiie_20260414_130918_job74126_62nqsn3t/runs/run_001: Set directory modification time (using DirSetModTime)
2026/05/08 18:19:07 INFO  : NYSE_without_fees_2026-04-13_to_2026-04-15/work_dir/backtests_eiie_20260415_023409_job74130_ujrrbycv/prepared_data/clean_csv: Set directory modification time (using DirSetModTime)
2026/05/08 18:19:07 INFO  : NYSE_without_fees_2026-04-13_to_2026-04-15/work_dir/backtests_eiie_20260414_062011_job74124_5nwqr3ja/runs/run_005: Set directory modification time (using DirSetModTime)
2026/05/08 18:19:08 INFO  : NYSE_without_fees_2026-04-13_to_2026-04-15/work_dir/backtests_eiie_20260414_130918_job74126_62nqsn3t/runs/run_002: Set directory modification time (using DirSetModTime)
2026/05/08 18:19:08 INFO  : NYSE_without_fees_2026-04-13_to_2026-04-15/work_dir/backtests_eiie_20260414_130918_job74126_62nqsn3t/runs/run_003: Set directory modification time (using DirSetModTime)
2026/05/08 18:19:08 INFO  : NYSE_without_fees_2026-04-13_to_2026-04-15/work_dir/backtests_eiie_20260414_130918_job74126_62nqsn3t/runs/run_005: Set directory modification time (using DirSetModTime)
2026/05/08 18:19:09 INFO  : NYSE_without_fees_2026-04-13_to_2026-04-15/work_dir/backtests_eiie_20260413_201351_job74121_gzd7n48c/runs/run_001: Set directory modification time (using DirSetModTime)
2026/05/08 18:19:09 INFO  : NYSE_without_fees_2026-04-13_to_2026-04-15/work_dir/backtests_eiie_20260413_201351_job74121_gzd7n48c/runs/run_003: Set directory modification time (using DirSetModTime)
2026/05/08 18:19:14 INFO  : NYSE_without_fees_2026-04-13_to_2026-04-15/work_dir/backtests_eiie_20260414_231549_job74129_qj7ppkrx/runs/run_004: Set directory modification time (using DirSetModTime)
2026/05/08 18:19:15 INFO  : NYSE_without_fees_2026-04-13_to_2026-04-15/work_dir/backtests_eiie_20260413_201351_job74121_gzd7n48c/prepared_data/clean_csv: Set directory modification time (using DirSetModTime)
2026/05/08 18:19:28 INFO  : NYSE_without_fees_2026-04-13_to_2026-04-15/work_dir/backtests_eiie_20260414_094321_job74125_jbo5sdvx/runs/run_005: Set directory modification time (using DirSetModTime)
2026/05/08 18:19:29 INFO  : NYSE_without_fees_2026-04-13_to_2026-04-15/work_dir/backtests_eiie_20260414_195750_job74128_o_ywey2v/runs/run_002: Set directory modification time (using DirSetModTime)
2026/05/08 18:19:29 INFO  : NYSE_without_fees_2026-04-13_to_2026-04-15/work_dir/backtests_eiie_20260414_195750_job74128_o_ywey2v/runs/run_003: Set directory modification time (using DirSetModTime)
2026/05/08 18:19:30 INFO  : NYSE_without_fees_2026-04-13_to_2026-04-15/work_dir/backtests_eiie_20260414_195750_job74128_o_ywey2v/runs/run_004: Set directory modification time (using DirSetModTime)
2026/05/08 18:19:31 INFO  : NYSE_without_fees_2026-04-13_to_2026-04-15/work_dir/backtests_eiie_20260414_195750_job74128_o_ywey2v/runs/run_005: Set directory modification time (using DirSetModTime)
2026/05/08 18:19:32 INFO  : NYSE_without_fees_2026-04-13_to_2026-04-15/work_dir/backtests_eiie_20260415_055739_job74131_tpjgyzkc/prepared_data/clean_csv: Set directory modification time (using DirSetModTime)
2026/05/08 18:19:33 INFO  : NYSE_without_fees_2026-04-13_to_2026-04-15/work_dir/backtests_eiie_20260415_023409_job74130_ujrrbycv/runs/run_001: Set directory modification time (using DirSetModTime)
2026/05/08 18:19:34 INFO  : NYSE_without_fees_2026-04-13_to_2026-04-15/work_dir/backtests_eiie_20260415_023409_job74130_ujrrbycv/runs/run_002: Set directory modification time (using DirSetModTime)
2026/05/08 18:19:34 INFO  : NYSE_without_fees_2026-04-13_to_2026-04-15/work_dir/backtests_eiie_20260415_023409_job74130_ujrrbycv/runs/run_003: Set directory modification time (using DirSetModTime)
2026/05/08 18:19:37 INFO  : NYSE_without_fees_2026-04-13_to_2026-04-15/work_dir/backtests_eiie_20260414_030122_job74123_eryaem4m/runs/run_005: Set directory modification time (using DirSetModTime)
2026/05/08 18:19:38 INFO  : NYSE_without_fees_2026-04-13_to_2026-04-15/work_dir/backtests_eiie_20260415_023409_job74130_ujrrbycv/runs/run_005: Set directory modification time (using DirSetModTime)
2026/05/08 18:19:39 INFO  : NYSE_without_fees_2026-04-13_to_2026-04-15/work_dir/backtests_eiie_20260414_030122_job74123_eryaem4m/prepared_data/clean_csv: Set directory modification time (using DirSetModTime)
2026/05/08 18:19:39 INFO  : NYSE_without_fees_2026-04-13_to_2026-04-15/work_dir/backtests_eiie_20260414_231549_job74129_qj7ppkrx/runs/run_002: Set directory modification time (using DirSetModTime)
2026/05/08 18:19:39 INFO  : NYSE_without_fees_2026-04-13_to_2026-04-15/work_dir/backtests_eiie_20260413_201351_job74121_gzd7n48c/runs/run_002: Set directory modification time (using DirSetModTime)
2026/05/08 18:19:39 INFO  : NYSE_without_fees_2026-04-13_to_2026-04-15/work_dir/backtests_eiie_20260414_030122_job74123_eryaem4m/runs/run_001: Set directory modification time (using DirSetModTime)
2026/05/08 18:19:39 INFO  : NYSE_without_fees_2026-04-13_to_2026-04-15/work_dir/backtests_eiie_20260414_231549_job74129_qj7ppkrx/prepared_data/clean_csv: Set directory modification time (using DirSetModTime)
2026/05/08 18:19:39 INFO  : NYSE_without_fees_2026-04-13_to_2026-04-15/work_dir/backtests_eiie_20260415_091734_job74132_bow7t52g/prepared_data/clean_csv: Set directory modification time (using DirSetModTime)
2026/05/08 18:19:39 INFO  : NYSE_without_fees_2026-04-13_to_2026-04-15/work_dir/backtests_eiie_20260414_195750_job74128_o_ywey2v/prepared_data/clean_csv: Set directory modification time (using DirSetModTime)
2026/05/08 18:19:39 INFO  : NYSE_without_fees_2026-04-13_to_2026-04-15/work_dir/backtests_eiie_20260415_191636_job74135_ysebkrl3/prepared_data/clean_csv: Set directory modification time (using DirSetModTime)
2026/05/08 18:19:39 INFO  : NYSE_without_fees_2026-04-13_to_2026-04-15/work_dir/backtests_eiie_20260415_023409_job74130_ujrrbycv/runs/run_004: Set directory modification time (using DirSetModTime)
2026/05/08 18:19:39 INFO  : NYSE_without_fees_2026-04-13_to_2026-04-15/work_dir/backtests_eiie_20260414_094321_job74125_jbo5sdvx/runs/run_004: Set directory modification time (using DirSetModTime)
2026/05/08 18:19:39 INFO  : NYSE_without_fees_2026-04-13_to_2026-04-15/work_dir/backtests_eiie_20260413_201351_job74121_gzd7n48c/runs/run_004: Set directory modification time (using DirSetModTime)
2026/05/08 18:19:39 INFO  : NYSE_without_fees_2026-04-13_to_2026-04-15/work_dir/backtests_eiie_20260414_231549_job74129_qj7ppkrx/runs/run_005: Set directory modification time (using DirSetModTime)
2026/05/08 18:19:39 INFO  : NYSE_without_fees_2026-04-13_to_2026-04-15/work_dir/backtests_eiie_20260413_201351_job74121_gzd7n48c/runs/run_005: Set directory modification time (using DirSetModTime)
2026/05/08 18:19:40 INFO  : NYSE_without_fees_2026-04-13_to_2026-04-15/work_dir/backtests_eiie_20260415_191636_job74135_ysebkrl3/runs/run_001: Set directory modification time (using DirSetModTime)
2026/05/08 18:19:40 INFO  : NYSE_without_fees_2026-04-13_to_2026-04-15/work_dir/backtests_eiie_20260415_123453_job74133_kzz71nh_/prepared_data/clean_csv: Set directory modification time (using DirSetModTime)
2026/05/08 18:19:40 INFO  : NYSE_without_fees_2026-04-13_to_2026-04-15/work_dir/backtests_eiie_20260415_191636_job74135_ysebkrl3/runs/run_002: Set directory modification time (using DirSetModTime)
2026/05/08 18:19:40 INFO  : NYSE_without_fees_2026-04-13_to_2026-04-15/work_dir/backtests_eiie_20260415_191636_job74135_ysebkrl3/runs/run_003: Set directory modification time (using DirSetModTime)
2026/05/08 18:19:40 INFO  : NYSE_without_fees_2026-04-13_to_2026-04-15/work_dir/backtests_eiie_20260415_191636_job74135_ysebkrl3/runs/run_004: Set directory modification time (using DirSetModTime)
2026/05/08 18:19:40 INFO  : NYSE_without_fees_2026-04-13_to_2026-04-15/work_dir/backtests_eiie_20260415_191636_job74135_ysebkrl3/runs/run_005: Set directory modification time (using DirSetModTime)
2026/05/08 18:19:40 INFO  : NYSE_without_fees_2026-04-13_to_2026-04-15/work_dir/backtests_eiie_20260415_055739_job74131_tpjgyzkc/runs/run_001: Set directory modification time (using DirSetModTime)
2026/05/08 18:19:40 INFO  : PSE_without_fees_2026-04-13_to_2026-04-15/work_dir/backtests_eiie_20260413_225636_job74138_97ly951i/prepared_data/clean_csv: Set directory modification time (using DirSetModTime)
2026/05/08 18:19:40 INFO  : PSE_without_fees_2026-04-13_to_2026-04-15/work_dir/backtests_eiie_20260414_015729_job74139_46bfn538/prepared_data/clean_csv: Set directory modification time (using DirSetModTime)
2026/05/08 18:19:40 INFO  : PSE_without_fees_2026-04-13_to_2026-04-15/work_dir/backtests_eiie_20260414_105331_job74142_ufplj8k7/prepared_data/clean_csv: Set directory modification time (using DirSetModTime)
2026/05/08 18:19:40 INFO  : NYSE_without_fees_2026-04-13_to_2026-04-15/work_dir/backtests_eiie_20260415_055739_job74131_tpjgyzkc/runs/run_002: Set directory modification time (using DirSetModTime)
2026/05/08 18:19:40 INFO  : NYSE_without_fees_2026-04-13_to_2026-04-15/work_dir/backtests_eiie_20260415_155439_job74134_d24w3yak/prepared_data/clean_csv: Set directory modification time (using DirSetModTime)
2026/05/08 18:19:40 INFO  : NYSE_without_fees_2026-04-13_to_2026-04-15/work_dir/backtests_eiie_20260415_055739_job74131_tpjgyzkc/runs/run_003: Set directory modification time (using DirSetModTime)
2026/05/08 18:19:41 INFO  : NYSE_without_fees_2026-04-13_to_2026-04-15/work_dir/backtests_eiie_20260415_055739_job74131_tpjgyzkc/runs/run_005: Set directory modification time (using DirSetModTime)
2026/05/08 18:19:41 INFO  : PSE_without_fees_2026-04-13_to_2026-04-15/work_dir/backtests_eiie_20260414_225950_job74146_ur5evt9d/prepared_data/clean_csv: Set directory modification time (using DirSetModTime)
2026/05/08 18:19:41 INFO  : PSE_without_fees_2026-04-13_to_2026-04-15/work_dir/backtests_eiie_20260414_135115_job74143_q08j1hi1/prepared_data/clean_csv: Set directory modification time (using DirSetModTime)
2026/05/08 18:19:41 INFO  : PSE_without_fees_2026-04-13_to_2026-04-15/work_dir/backtests_eiie_20260414_075610_job74141_jxq9e3d_/prepared_data/clean_csv: Set directory modification time (using DirSetModTime)
2026/05/08 18:19:41 INFO  : NYSE_without_fees_2026-04-13_to_2026-04-15/work_dir/backtests_eiie_20260415_091734_job74132_bow7t52g/runs/run_002: Set directory modification time (using DirSetModTime)
2026/05/08 18:19:41 INFO  : NYSE_without_fees_2026-04-13_to_2026-04-15/work_dir/backtests_eiie_20260415_091734_job74132_bow7t52g/runs/run_004: Set directory modification time (using DirSetModTime)
2026/05/08 18:19:41 INFO  : NYSE_without_fees_2026-04-13_to_2026-04-15/work_dir/backtests_eiie_20260415_091734_job74132_bow7t52g/runs/run_003: Set directory modification time (using DirSetModTime)
2026/05/08 18:19:41 INFO  : NYSE_without_fees_2026-04-13_to_2026-04-15/work_dir/backtests_eiie_20260414_130918_job74126_62nqsn3t/prepared_data/clean_csv: Set directory modification time (using DirSetModTime)
2026/05/08 18:19:41 INFO  : NYSE_without_fees_2026-04-13_to_2026-04-15/work_dir/backtests_eiie_20260415_123453_job74133_kzz71nh_/runs/run_002: Set directory modification time (using DirSetModTime)
2026/05/08 18:19:42 INFO  : NYSE_without_fees_2026-04-13_to_2026-04-15/work_dir/backtests_eiie_20260415_123453_job74133_kzz71nh_/runs/run_005: Set directory modification time (using DirSetModTime)
2026/05/08 18:19:42 INFO  : NYSE_without_fees_2026-04-13_to_2026-04-15/work_dir/backtests_eiie_20260415_123453_job74133_kzz71nh_/runs/run_001: Set directory modification time (using DirSetModTime)
2026/05/08 18:19:42 INFO  : PSE_without_fees_2026-04-13_to_2026-04-15/work_dir/backtests_eiie_20260414_165644_job74144_dbwdzdc8/prepared_data/clean_csv: Set directory modification time (using DirSetModTime)
2026/05/08 18:19:42 INFO  : NYSE_without_fees_2026-04-13_to_2026-04-15/work_dir/backtests_eiie_20260415_123453_job74133_kzz71nh_/runs/run_004: Set directory modification time (using DirSetModTime)
2026/05/08 18:19:42 INFO  : PSE_without_fees_2026-04-13_to_2026-04-15/work_dir/backtests_eiie_20260414_045947_job74140_h8ucwjhj/prepared_data/clean_csv: Set directory modification time (using DirSetModTime)
2026/05/08 18:19:42 INFO  : PSE_without_fees_2026-04-13_to_2026-04-15/work_dir/backtests_eiie_20260414_015729_job74139_46bfn538/runs/run_001: Set directory modification time (using DirSetModTime)
2026/05/08 18:19:42 INFO  : PSE_without_fees_2026-04-13_to_2026-04-15/work_dir/backtests_eiie_20260414_195953_job74145__xmyv0fz/prepared_data/clean_csv: Set directory modification time (using DirSetModTime)
2026/05/08 18:19:42 INFO  : PSE_without_fees_2026-04-13_to_2026-04-15/work_dir/backtests_eiie_20260414_015729_job74139_46bfn538/runs/run_002: Set directory modification time (using DirSetModTime)
2026/05/08 18:19:42 INFO  : PSE_without_fees_2026-04-13_to_2026-04-15/work_dir/backtests_eiie_20260414_015729_job74139_46bfn538/runs/run_003: Set directory modification time (using DirSetModTime)
2026/05/08 18:19:43 INFO  : NYSE_without_fees_2026-04-13_to_2026-04-15/work_dir/backtests_eiie_20260415_155439_job74134_d24w3yak/runs/run_003: Set directory modification time (using DirSetModTime)
2026/05/08 18:19:43 INFO  : NYSE_without_fees_2026-04-13_to_2026-04-15/work_dir/backtests_eiie_20260415_155439_job74134_d24w3yak/runs/run_002: Set directory modification time (using DirSetModTime)
2026/05/08 18:19:43 INFO  : NYSE_without_fees_2026-04-13_to_2026-04-15/work_dir/backtests_eiie_20260415_155439_job74134_d24w3yak/runs/run_004: Set directory modification time (using DirSetModTime)
2026/05/08 18:19:43 INFO  : NYSE_without_fees_2026-04-13_to_2026-04-15/work_dir/backtests_eiie_20260415_155439_job74134_d24w3yak/runs/run_005: Set directory modification time (using DirSetModTime)
2026/05/08 18:19:43 INFO  : NYSE_without_fees_2026-04-13_to_2026-04-15/work_dir/backtests_eiie_20260415_055739_job74131_tpjgyzkc/runs/run_004: Set directory modification time (using DirSetModTime)
2026/05/08 18:19:43 INFO  : PSE_without_fees_2026-04-13_to_2026-04-15/work_dir/backtests_eiie_20260413_195251_job74137_dvcd7s8x/prepared_data/clean_csv: Set directory modification time (using DirSetModTime)
2026/05/08 18:19:43 INFO  : PSE_without_fees_2026-04-13_to_2026-04-15/work_dir/backtests_eiie_20260414_135115_job74143_q08j1hi1/runs/run_001: Set directory modification time (using DirSetModTime)
2026/05/08 18:19:43 INFO  : NYSE_without_fees_2026-04-13_to_2026-04-15/work_dir/backtests_eiie_20260415_091734_job74132_bow7t52g/runs/run_005: Set directory modification time (using DirSetModTime)
2026/05/08 18:19:43 INFO  : NYSE_without_fees_2026-04-13_to_2026-04-15/work_dir/backtests_eiie_20260415_123453_job74133_kzz71nh_/runs/run_003: Set directory modification time (using DirSetModTime)
2026/05/08 18:19:43 INFO  : NYSE_without_fees_2026-04-13_to_2026-04-15/work_dir/backtests_eiie_20260414_130918_job74126_62nqsn3t/runs/run_004: Set directory modification time (using DirSetModTime)
2026/05/08 18:19:43 INFO  : NYSE_without_fees_2026-04-13_to_2026-04-15/work_dir/backtests_eiie_20260415_155439_job74134_d24w3yak/runs/run_001: Set directory modification time (using DirSetModTime)
2026/05/08 18:19:43 INFO  : PSE_without_fees_2026-04-13_to_2026-04-15/work_dir/backtests_eiie_20260413_165222_job74136_gkc4fhnc/prepared_data/clean_csv: Set directory modification time (using DirSetModTime)
2026/05/08 18:19:43 INFO  : PSE_without_fees_2026-04-13_to_2026-04-15/work_dir/backtests_eiie_20260414_135115_job74143_q08j1hi1/runs/run_002: Set directory modification time (using DirSetModTime)
2026/05/08 18:19:44 INFO  : PSE_without_fees_2026-04-13_to_2026-04-15/work_dir/backtests_eiie_20260414_015729_job74139_46bfn538/runs/run_005: Set directory modification time (using DirSetModTime)
2026/05/08 18:19:44 INFO  : PSE_without_fees_2026-04-13_to_2026-04-15/work_dir/backtests_eiie_20260414_135115_job74143_q08j1hi1/runs/run_003: Set directory modification time (using DirSetModTime)
2026/05/08 18:19:44 INFO  : PSE_without_fees_2026-04-13_to_2026-04-15/work_dir/backtests_eiie_20260414_135115_job74143_q08j1hi1/runs/run_004: Set directory modification time (using DirSetModTime)
2026/05/08 18:19:44 INFO  : PSE_without_fees_2026-04-13_to_2026-04-15/work_dir/backtests_eiie_20260414_135115_job74143_q08j1hi1/runs/run_005: Set directory modification time (using DirSetModTime)
2026/05/08 18:19:44 INFO  : PSE_without_fees_2026-04-13_to_2026-04-15/work_dir/backtests_eiie_20260413_195251_job74137_dvcd7s8x/runs/run_002: Set directory modification time (using DirSetModTime)
2026/05/08 18:19:44 INFO  : PSE_without_fees_2026-04-13_to_2026-04-15/work_dir/backtests_eiie_20260413_195251_job74137_dvcd7s8x/runs/run_003: Set directory modification time (using DirSetModTime)
2026/05/08 18:19:44 INFO  : PSE_without_fees_2026-04-13_to_2026-04-15/work_dir/backtests_eiie_20260413_195251_job74137_dvcd7s8x/runs/run_004: Set directory modification time (using DirSetModTime)
2026/05/08 18:19:44 INFO  : PSE_without_fees_2026-04-13_to_2026-04-15/work_dir/backtests_eiie_20260414_105331_job74142_ufplj8k7/runs/run_002: Set directory modification time (using DirSetModTime)
2026/05/08 18:19:44 INFO  : PSE_without_fees_2026-04-13_to_2026-04-15/work_dir/backtests_eiie_20260413_195251_job74137_dvcd7s8x/runs/run_005: Set directory modification time (using DirSetModTime)
2026/05/08 18:19:44 INFO  : PSE_without_fees_2026-04-13_to_2026-04-15/work_dir/backtests_eiie_20260414_105331_job74142_ufplj8k7/runs/run_001: Set directory modification time (using DirSetModTime)
2026/05/08 18:19:44 INFO  : PSE_without_fees_2026-04-13_to_2026-04-15/work_dir/backtests_eiie_20260414_105331_job74142_ufplj8k7/runs/run_005: Set directory modification time (using DirSetModTime)
2026/05/08 18:19:44 INFO  : PSE_without_fees_2026-04-13_to_2026-04-15/work_dir/backtests_eiie_20260414_105331_job74142_ufplj8k7/runs/run_004: Set directory modification time (using DirSetModTime)
2026/05/08 18:19:45 INFO  : PSE_without_fees_2026-04-13_to_2026-04-15/work_dir/backtests_eiie_20260413_165222_job74136_gkc4fhnc/runs/run_003: Set directory modification time (using DirSetModTime)
2026/05/08 18:19:45 INFO  : PSE_without_fees_2026-04-13_to_2026-04-15/work_dir/backtests_eiie_20260413_165222_job74136_gkc4fhnc/runs/run_002: Set directory modification time (using DirSetModTime)
2026/05/08 18:19:45 INFO  : PSE_without_fees_2026-04-13_to_2026-04-15/work_dir/backtests_eiie_20260413_165222_job74136_gkc4fhnc/runs/run_005: Set directory modification time (using DirSetModTime)
2026/05/08 18:19:45 INFO  : PSE_without_fees_2026-04-13_to_2026-04-15/work_dir/backtests_eiie_20260413_165222_job74136_gkc4fhnc/runs/run_004: Set directory modification time (using DirSetModTime)
2026/05/08 18:19:45 INFO  : PSE_without_fees_2026-04-13_to_2026-04-15/work_dir/backtests_eiie_20260415_020042_job74147_86qdx6pe/prepared_data/clean_csv: Set directory modification time (using DirSetModTime)
2026/05/08 18:19:45 INFO  : NYSE_without_fees_2026-04-13_to_2026-04-15/work_dir/backtests_eiie_20260415_091734_job74132_bow7t52g/runs/run_001: Set directory modification time (using DirSetModTime)
2026/05/08 18:19:45 INFO  : PSE_without_fees_2026-04-13_to_2026-04-15/work_dir/backtests_eiie_20260414_225950_job74146_ur5evt9d/runs/run_003: Set directory modification time (using DirSetModTime)
2026/05/08 18:19:45 INFO  : PSE_without_fees_2026-04-13_to_2026-04-15/work_dir/backtests_eiie_20260414_225950_job74146_ur5evt9d/runs/run_001: Set directory modification time (using DirSetModTime)
2026/05/08 18:19:45 INFO  : PSE_without_fees_2026-04-13_to_2026-04-15/work_dir/backtests_eiie_20260414_105331_job74142_ufplj8k7/runs/run_003: Set directory modification time (using DirSetModTime)
2026/05/08 18:19:45 INFO  : PSE_without_fees_2026-04-13_to_2026-04-15/work_dir/backtests_eiie_20260414_225950_job74146_ur5evt9d/runs/run_004: Set directory modification time (using DirSetModTime)
2026/05/08 18:19:45 INFO  : PSE_without_fees_2026-04-13_to_2026-04-15/work_dir/backtests_eiie_20260414_225950_job74146_ur5evt9d/runs/run_005: Set directory modification time (using DirSetModTime)
2026/05/08 18:19:45 INFO  : PSE_without_fees_2026-04-13_to_2026-04-15/work_dir/backtests_eiie_20260413_165222_job74136_gkc4fhnc/runs/run_001: Set directory modification time (using DirSetModTime)
2026/05/08 18:19:45 INFO  : PSE_without_fees_2026-04-13_to_2026-04-15/work_dir/backtests_eiie_20260413_195251_job74137_dvcd7s8x/runs/run_001: Set directory modification time (using DirSetModTime)
2026/05/08 18:19:45 INFO  : PSE_without_fees_2026-04-13_to_2026-04-15/work_dir/backtests_eiie_20260414_225950_job74146_ur5evt9d/runs/run_002: Set directory modification time (using DirSetModTime)
2026/05/08 18:19:45 INFO  : PSE_without_fees_2026-04-13_to_2026-04-15/work_dir/backtests_eiie_20260413_225636_job74138_97ly951i/runs/run_001: Set directory modification time (using DirSetModTime)
2026/05/08 18:19:46 INFO  : PSE_without_fees_2026-04-13_to_2026-04-15/work_dir/backtests_eiie_20260413_225636_job74138_97ly951i/runs/run_004: Set directory modification time (using DirSetModTime)
2026/05/08 18:19:46 INFO  : PSE_without_fees_2026-04-13_to_2026-04-15/work_dir/backtests_eiie_20260413_225636_job74138_97ly951i/runs/run_002: Set directory modification time (using DirSetModTime)
2026/05/08 18:19:46 INFO  : PSE_without_fees_2026-04-13_to_2026-04-15/work_dir/backtests_eiie_20260413_225636_job74138_97ly951i/runs/run_003: Set directory modification time (using DirSetModTime)
2026/05/08 18:19:46 INFO  : PSE_without_fees_2026-04-13_to_2026-04-15/work_dir/backtests_eiie_20260413_225636_job74138_97ly951i/runs/run_005: Set directory modification time (using DirSetModTime)
2026/05/08 18:19:46 INFO  : PSE_without_fees_2026-04-13_to_2026-04-15/work_dir/backtests_eiie_20260414_045947_job74140_h8ucwjhj/runs/run_003: Set directory modification time (using DirSetModTime)
2026/05/08 18:19:46 INFO  : PSE_without_fees_2026-04-13_to_2026-04-15/work_dir/backtests_eiie_20260414_045947_job74140_h8ucwjhj/runs/run_002: Set directory modification time (using DirSetModTime)
2026/05/08 18:19:46 INFO  : PSE_without_fees_2026-04-13_to_2026-04-15/work_dir/backtests_eiie_20260414_075610_job74141_jxq9e3d_/runs/run_004: Set directory modification time (using DirSetModTime)
2026/05/08 18:19:46 INFO  : PSE_without_fees_2026-04-13_to_2026-04-15/work_dir/backtests_eiie_20260414_075610_job74141_jxq9e3d_/runs/run_003: Set directory modification time (using DirSetModTime)
2026/05/08 18:19:46 INFO  : PSE_without_fees_2026-04-13_to_2026-04-15/work_dir/backtests_eiie_20260414_045947_job74140_h8ucwjhj/runs/run_004: Set directory modification time (using DirSetModTime)
2026/05/08 18:19:46 INFO  : PSE_without_fees_2026-04-13_to_2026-04-15/work_dir/backtests_eiie_20260414_075610_job74141_jxq9e3d_/runs/run_005: Set directory modification time (using DirSetModTime)
2026/05/08 18:19:46 INFO  : PSE_without_fees_2026-04-13_to_2026-04-15/work_dir/backtests_eiie_20260415_080216_job74149_0mddw9l9/prepared_data/clean_csv: Set directory modification time (using DirSetModTime)
2026/05/08 18:19:46 INFO  : PSE_without_fees_2026-04-13_to_2026-04-15/work_dir/backtests_eiie_20260414_075610_job74141_jxq9e3d_/runs/run_001: Set directory modification time (using DirSetModTime)
2026/05/08 18:19:46 INFO  : PSE_without_fees_2026-04-13_to_2026-04-15/work_dir/backtests_eiie_20260414_165644_job74144_dbwdzdc8/runs/run_002: Set directory modification time (using DirSetModTime)
2026/05/08 18:19:46 INFO  : PSE_without_fees_2026-04-13_to_2026-04-15/work_dir/backtests_eiie_20260414_165644_job74144_dbwdzdc8/runs/run_003: Set directory modification time (using DirSetModTime)
2026/05/08 18:19:47 INFO  : PSE_without_fees_2026-04-13_to_2026-04-15/work_dir/backtests_eiie_20260414_165644_job74144_dbwdzdc8/runs/run_001: Set directory modification time (using DirSetModTime)
2026/05/08 18:19:47 INFO  : NYSE_without_fees_2026-04-13_to_2026-04-15/work_dir/backtests_eiie_20260414_195750_job74128_o_ywey2v/runs/run_001: Set directory modification time (using DirSetModTime)
2026/05/08 18:19:47 INFO  : PSE_without_fees_2026-04-13_to_2026-04-15/work_dir/backtests_eiie_20260414_015729_job74139_46bfn538/runs/run_004: Set directory modification time (using DirSetModTime)
2026/05/08 18:19:47 INFO  : PSE_without_fees_2026-04-13_to_2026-04-15/work_dir/backtests_eiie_20260414_045947_job74140_h8ucwjhj/runs/run_005: Set directory modification time (using DirSetModTime)
2026/05/08 18:19:47 INFO  : PSE_without_fees_2026-04-13_to_2026-04-15/work_dir/backtests_eiie_20260414_045947_job74140_h8ucwjhj/runs/run_001: Set directory modification time (using DirSetModTime)
2026/05/08 18:19:47 INFO  : PSE_without_fees_2026-04-13_to_2026-04-15/work_dir/backtests_eiie_20260414_075610_job74141_jxq9e3d_/runs/run_002: Set directory modification time (using DirSetModTime)
2026/05/08 18:19:47 INFO  : PSE_without_fees_2026-04-13_to_2026-04-15/work_dir/backtests_eiie_20260414_195953_job74145__xmyv0fz/runs/run_002: Set directory modification time (using DirSetModTime)
2026/05/08 18:19:47 INFO  : PSE_without_fees_2026-04-13_to_2026-04-15/work_dir/backtests_eiie_20260414_195953_job74145__xmyv0fz/runs/run_004: Set directory modification time (using DirSetModTime)
2026/05/08 18:19:47 INFO  : PSE_without_fees_2026-04-13_to_2026-04-15/work_dir/backtests_eiie_20260414_195953_job74145__xmyv0fz/runs/run_001: Set directory modification time (using DirSetModTime)
2026/05/08 18:19:47 INFO  : PSE_without_fees_2026-04-13_to_2026-04-15/work_dir/backtests_eiie_20260414_195953_job74145__xmyv0fz/runs/run_005: Set directory modification time (using DirSetModTime)
2026/05/08 18:19:47 INFO  : PSE_without_fees_2026-04-13_to_2026-04-15/work_dir/backtests_eiie_20260414_195953_job74145__xmyv0fz/runs/run_003: Set directory modification time (using DirSetModTime)
2026/05/08 18:19:47 INFO  : PSE_without_fees_2026-04-13_to_2026-04-15/work_dir/backtests_eiie_20260414_165644_job74144_dbwdzdc8/runs/run_004: Set directory modification time (using DirSetModTime)
2026/05/08 18:19:47 INFO  : PSE_without_fees_2026-04-13_to_2026-04-15/work_dir/backtests_eiie_20260415_045928_job74148_9gausy9d/prepared_data/clean_csv: Set directory modification time (using DirSetModTime)
2026/05/08 18:19:47 INFO  : PSE_without_fees_2026-04-13_to_2026-04-15/work_dir/backtests_eiie_20260415_020042_job74147_86qdx6pe/runs/run_001: Set directory modification time (using DirSetModTime)
2026/05/08 18:19:47 INFO  : PSE_without_fees_2026-04-13_to_2026-04-15/work_dir/backtests_eiie_20260415_020042_job74147_86qdx6pe/runs/run_002: Set directory modification time (using DirSetModTime)
2026/05/08 18:19:48 INFO  : PSE_without_fees_2026-04-13_to_2026-04-15/work_dir/backtests_eiie_20260415_020042_job74147_86qdx6pe/runs/run_004: Set directory modification time (using DirSetModTime)
2026/05/08 18:19:48 INFO  : PSE_without_fees_2026-04-13_to_2026-04-15/work_dir/backtests_eiie_20260415_020042_job74147_86qdx6pe/runs/run_003: Set directory modification time (using DirSetModTime)
2026/05/08 18:19:48 INFO  : PSE_without_fees_2026-04-13_to_2026-04-15/work_dir/backtests_eiie_20260415_110513_job74150_f5h5w0n8/prepared_data/clean_csv: Set directory modification time (using DirSetModTime)
2026/05/08 18:19:48 INFO  : PSE_without_fees_2026-04-13_to_2026-04-15/work_dir/backtests_eiie_20260415_020042_job74147_86qdx6pe/runs/run_005: Set directory modification time (using DirSetModTime)
2026/05/08 18:19:48 INFO  : PSE_without_fees_2026-04-13_to_2026-04-15/work_dir/backtests_eiie_20260415_080216_job74149_0mddw9l9/runs/run_004: Set directory modification time (using DirSetModTime)
2026/05/08 18:19:48 INFO  : PSE_without_fees_2026-04-13_to_2026-04-15/work_dir/backtests_eiie_20260415_080216_job74149_0mddw9l9/runs/run_003: Set directory modification time (using DirSetModTime)
2026/05/08 18:19:48 INFO  : PSE_without_fees_2026-04-13_to_2026-04-15/work_dir/backtests_eiie_20260415_080216_job74149_0mddw9l9/runs/run_001: Set directory modification time (using DirSetModTime)
2026/05/08 18:19:48 INFO  : PSE_without_fees_2026-04-13_to_2026-04-15/work_dir/backtests_eiie_20260415_080216_job74149_0mddw9l9/runs/run_002: Set directory modification time (using DirSetModTime)
2026/05/08 18:19:48 INFO  : PSE_without_fees_2026-04-13_to_2026-04-15/work_dir/backtests_eiie_20260415_140329_job74151_2odpu3ez/prepared_data/clean_csv: Set directory modification time (using DirSetModTime)
2026/05/08 18:19:48 INFO  : PSE_without_fees_2026-04-13_to_2026-04-15/work_dir/backtests_eiie_20260415_045928_job74148_9gausy9d/runs/run_002: Set directory modification time (using DirSetModTime)
2026/05/08 18:19:48 INFO  : PSE_without_fees_2026-04-13_to_2026-04-15/work_dir/backtests_eiie_20260415_045928_job74148_9gausy9d/runs/run_003: Set directory modification time (using DirSetModTime)
2026/05/08 18:19:48 INFO  : PSE_without_fees_2026-04-13_to_2026-04-15/work_dir/backtests_eiie_20260415_045928_job74148_9gausy9d/runs/run_004: Set directory modification time (using DirSetModTime)
2026/05/08 18:19:48 INFO  : PSE_without_fees_2026-04-13_to_2026-04-15/work_dir/backtests_eiie_20260415_045928_job74148_9gausy9d/runs/run_005: Set directory modification time (using DirSetModTime)
2026/05/08 18:19:48 INFO  : PSE_without_fees_2026-04-13_to_2026-04-15/work_dir/backtests_eiie_20260415_110513_job74150_f5h5w0n8/runs/run_001: Set directory modification time (using DirSetModTime)
2026/05/08 18:19:48 INFO  : PSE_without_fees_2026-04-13_to_2026-04-15/work_dir/backtests_eiie_20260415_110513_job74150_f5h5w0n8/runs/run_005: Set directory modification time (using DirSetModTime)
2026/05/08 18:19:48 INFO  : PSE_without_fees_2026-04-13_to_2026-04-15/work_dir/backtests_eiie_20260415_110513_job74150_f5h5w0n8/runs/run_003: Set directory modification time (using DirSetModTime)
2026/05/08 18:19:48 INFO  : PSE_without_fees_2026-04-13_to_2026-04-15/work_dir/backtests_eiie_20260415_110513_job74150_f5h5w0n8/runs/run_002: Set directory modification time (using DirSetModTime)
2026/05/08 18:19:48 INFO  : PSE_without_fees_2026-04-13_to_2026-04-15/work_dir/backtests_eiie_20260415_140329_job74151_2odpu3ez/runs/run_005: Set directory modification time (using DirSetModTime)
2026/05/08 18:19:48 INFO  : PSE_without_fees_2026-04-13_to_2026-04-15/work_dir/backtests_eiie_20260415_110513_job74150_f5h5w0n8/runs/run_004: Set directory modification time (using DirSetModTime)
2026/05/08 18:19:48 INFO  : PSE_without_fees_2026-04-13_to_2026-04-15/work_dir/backtests_eiie_20260415_140329_job74151_2odpu3ez/runs/run_002: Set directory modification time (using DirSetModTime)
2026/05/08 18:19:49 INFO  : PSE_without_fees_2026-04-13_to_2026-04-15/work_dir/backtests_eiie_20260415_140329_job74151_2odpu3ez/runs/run_004: Set directory modification time (using DirSetModTime)
2026/05/08 18:19:49 INFO  : NYSE_without_fees_2026-04-13_to_2026-04-15/work_dir/backtests_eiie_20260413_165222_job74120_idnmrt72/prepared_data/clean_csv: Set directory modification time (using DirSetModTime)
2026/05/08 18:19:49 INFO  : PSE_without_fees_2026-04-13_to_2026-04-15/work_dir/backtests_eiie_20260415_140329_job74151_2odpu3ez/runs/run_003: Set directory modification time (using DirSetModTime)
2026/05/08 18:19:49 INFO  : NYSE_without_fees_2026-04-13_to_2026-04-15/work_dir/backtests_eiie_20260413_233931_job74122_rnnteafq/prepared_data/clean_csv: Set directory modification time (using DirSetModTime)
2026/05/08 18:19:49 INFO  : PSE_without_fees_2026-04-13_to_2026-04-15/work_dir/backtests_eiie_20260415_140329_job74151_2odpu3ez/runs/run_001: Set directory modification time (using DirSetModTime)
2026/05/08 18:19:49 INFO  : PSE_without_fees_2026-04-13_to_2026-04-15/work_dir/backtests_eiie_20260414_165644_job74144_dbwdzdc8/runs/run_005: Set directory modification time (using DirSetModTime)
2026/05/08 18:19:49 INFO  : PSE_without_fees_2026-04-13_to_2026-04-15/work_dir/backtests_eiie_20260415_080216_job74149_0mddw9l9/runs/run_005: Set directory modification time (using DirSetModTime)
2026/05/08 18:19:49 INFO  : PSE_without_fees_2026-04-13_to_2026-04-15/work_dir/backtests_eiie_20260415_045928_job74148_9gausy9d/runs/run_001: Set directory modification time (using DirSetModTime)
2026/05/08 18:19:49 INFO  : NYSE_without_fees_2026-04-13_to_2026-04-15/work_dir/backtests_eiie_20260413_233931_job74122_rnnteafq/runs/run_001: Set directory modification time (using DirSetModTime)
2026/05/08 18:19:49 INFO  : NYSE_without_fees_2026-04-13_to_2026-04-15/work_dir/backtests_eiie_20260413_233931_job74122_rnnteafq/runs/run_004: Set directory modification time (using DirSetModTime)
2026/05/08 18:19:49 INFO  : NYSE_without_fees_2026-04-13_to_2026-04-15/work_dir/backtests_eiie_20260413_165222_job74120_idnmrt72/runs/run_004: Set directory modification time (using DirSetModTime)
2026/05/08 18:19:49 INFO  : NYSE_without_fees_2026-04-13_to_2026-04-15/work_dir/backtests_eiie_20260413_165222_job74120_idnmrt72/runs/run_001: Set directory modification time (using DirSetModTime)
2026/05/08 18:19:49 INFO  : NYSE_without_fees_2026-04-13_to_2026-04-15/work_dir/backtests_eiie_20260413_233931_job74122_rnnteafq/runs/run_002: Set directory modification time (using DirSetModTime)
2026/05/08 18:19:49 INFO  : NYSE_without_fees_2026-04-13_to_2026-04-15/work_dir/backtests_eiie_20260413_165222_job74120_idnmrt72/runs/run_003: Set directory modification time (using DirSetModTime)
2026/05/08 18:19:49 INFO  : NYSE_without_fees_2026-04-13_to_2026-04-15/work_dir/backtests_eiie_20260413_165222_job74120_idnmrt72/runs/run_002: Set directory modification time (using DirSetModTime)
2026/05/08 18:19:49 INFO  : NYSE_without_fees_2026-04-13_to_2026-04-15/work_dir/backtests_eiie_20260413_233931_job74122_rnnteafq/runs/run_003: Set directory modification time (using DirSetModTime)
2026/05/08 18:19:49 INFO  : NYSE_without_fees_2026-04-13_to_2026-04-15/work_dir/backtests_eiie_20260413_233931_job74122_rnnteafq/runs/run_005: Set directory modification time (using DirSetModTime)
2026/05/08 18:19:50 INFO  : NYSE_without_fees_2026-04-13_to_2026-04-15/work_dir/backtests_eiie_20260413_165222_job74120_idnmrt72/runs/run_005: Set directory modification time (using DirSetModTime)
2026/05/08 18:19:51 INFO  : NYSE_without_fees_2026-04-13_to_2026-04-15/work_dir/backtests_eiie_20260414_062011_job74124_5nwqr3ja/prepared_data: Set directory modification time (using DirSetModTime)
2026/05/08 18:19:51 INFO  : NYSE_without_fees_2026-04-13_to_2026-04-15/work_dir/backtests_eiie_20260414_163153_job74127_5c1ikwkh/runs: Set directory modification time (using DirSetModTime)
2026/05/08 18:19:51 INFO  : NYSE_without_fees_2026-04-13_to_2026-04-15/work_dir/backtests_eiie_20260414_130918_job74126_62nqsn3t/prepared_data: Set directory modification time (using DirSetModTime)
2026/05/08 18:19:51 INFO  : NYSE_without_fees_2026-04-13_to_2026-04-15/work_dir/backtests_eiie_20260414_195750_job74128_o_ywey2v/runs: Set directory modification time (using DirSetModTime)
2026/05/08 18:19:51 INFO  : NYSE_without_fees_2026-04-13_to_2026-04-15/work_dir/backtests_eiie_20260414_062011_job74124_5nwqr3ja/runs: Set directory modification time (using DirSetModTime)
2026/05/08 18:19:51 INFO  : NYSE_without_fees_2026-04-13_to_2026-04-15/work_dir/backtests_eiie_20260414_094321_job74125_jbo5sdvx/prepared_data: Set directory modification time (using DirSetModTime)
2026/05/08 18:19:51 INFO  : NYSE_without_fees_2026-04-13_to_2026-04-15/work_dir/backtests_eiie_20260413_201351_job74121_gzd7n48c/runs: Set directory modification time (using DirSetModTime)
2026/05/08 18:19:51 INFO  : NYSE_without_fees_2026-04-13_to_2026-04-15/work_dir/backtests_eiie_20260414_030122_job74123_eryaem4m/prepared_data: Set directory modification time (using DirSetModTime)
2026/05/08 18:19:51 INFO  : NYSE_without_fees_2026-04-13_to_2026-04-15/work_dir/backtests_eiie_20260414_094321_job74125_jbo5sdvx/runs: Set directory modification time (using DirSetModTime)
2026/05/08 18:19:51 INFO  : NYSE_without_fees_2026-04-13_to_2026-04-15/work_dir/backtests_eiie_20260414_163153_job74127_5c1ikwkh/prepared_data: Set directory modification time (using DirSetModTime)
2026/05/08 18:19:51 INFO  : NYSE_without_fees_2026-04-13_to_2026-04-15/work_dir/backtests_eiie_20260414_030122_job74123_eryaem4m/runs: Set directory modification time (using DirSetModTime)
2026/05/08 18:19:51 INFO  : NYSE_without_fees_2026-04-13_to_2026-04-15/work_dir/backtests_eiie_20260414_195750_job74128_o_ywey2v/prepared_data: Set directory modification time (using DirSetModTime)
2026/05/08 18:19:51 INFO  : NYSE_without_fees_2026-04-13_to_2026-04-15/work_dir/backtests_eiie_20260414_231549_job74129_qj7ppkrx/prepared_data: Set directory modification time (using DirSetModTime)
2026/05/08 18:19:51 INFO  : NYSE_without_fees_2026-04-13_to_2026-04-15/work_dir/backtests_eiie_20260414_231549_job74129_qj7ppkrx/runs: Set directory modification time (using DirSetModTime)
2026/05/08 18:19:51 INFO  : NYSE_without_fees_2026-04-13_to_2026-04-15/work_dir/backtests_eiie_20260414_130918_job74126_62nqsn3t/runs: Set directory modification time (using DirSetModTime)
2026/05/08 18:19:51 INFO  : NYSE_without_fees_2026-04-13_to_2026-04-15/work_dir/backtests_eiie_20260413_201351_job74121_gzd7n48c/prepared_data: Set directory modification time (using DirSetModTime)
2026/05/08 18:19:52 INFO  : NYSE_without_fees_2026-04-13_to_2026-04-15/work_dir/backtests_eiie_20260415_023409_job74130_ujrrbycv/runs: Set directory modification time (using DirSetModTime)
2026/05/08 18:19:52 INFO  : NYSE_without_fees_2026-04-13_to_2026-04-15/work_dir/backtests_eiie_20260415_023409_job74130_ujrrbycv/prepared_data: Set directory modification time (using DirSetModTime)
2026/05/08 18:19:52 INFO  : NYSE_without_fees_2026-04-13_to_2026-04-15/work_dir/backtests_eiie_20260415_191636_job74135_ysebkrl3/runs: Set directory modification time (using DirSetModTime)
2026/05/08 18:19:52 INFO  : NYSE_without_fees_2026-04-13_to_2026-04-15/work_dir/backtests_eiie_20260415_091734_job74132_bow7t52g/prepared_data: Set directory modification time (using DirSetModTime)
2026/05/08 18:19:52 INFO  : NYSE_without_fees_2026-04-13_to_2026-04-15/work_dir/backtests_eiie_20260415_055739_job74131_tpjgyzkc/prepared_data: Set directory modification time (using DirSetModTime)
2026/05/08 18:19:52 INFO  : NYSE_without_fees_2026-04-13_to_2026-04-15/work_dir/backtests_eiie_20260415_055739_job74131_tpjgyzkc/runs: Set directory modification time (using DirSetModTime)
2026/05/08 18:19:52 INFO  : NYSE_without_fees_2026-04-13_to_2026-04-15/work_dir/backtests_eiie_20260415_155439_job74134_d24w3yak/prepared_data: Set directory modification time (using DirSetModTime)
2026/05/08 18:19:52 INFO  : NYSE_without_fees_2026-04-13_to_2026-04-15/work_dir/backtests_eiie_20260415_155439_job74134_d24w3yak/runs: Set directory modification time (using DirSetModTime)
2026/05/08 18:19:52 INFO  : NYSE_without_fees_2026-04-13_to_2026-04-15/work_dir/backtests_eiie_20260415_191636_job74135_ysebkrl3/prepared_data: Set directory modification time (using DirSetModTime)
2026/05/08 18:19:52 INFO  : PSE_without_fees_2026-04-13_to_2026-04-15/work_dir/backtests_eiie_20260414_135115_job74143_q08j1hi1/prepared_data: Set directory modification time (using DirSetModTime)
2026/05/08 18:19:52 INFO  : PSE_without_fees_2026-04-13_to_2026-04-15/work_dir/backtests_eiie_20260414_015729_job74139_46bfn538/prepared_data: Set directory modification time (using DirSetModTime)
2026/05/08 18:19:52 INFO  : PSE_without_fees_2026-04-13_to_2026-04-15/work_dir/backtests_eiie_20260414_015729_job74139_46bfn538/runs: Set directory modification time (using DirSetModTime)
2026/05/08 18:19:52 INFO  : NYSE_without_fees_2026-04-13_to_2026-04-15/work_dir/backtests_eiie_20260415_123453_job74133_kzz71nh_/prepared_data: Set directory modification time (using DirSetModTime)
2026/05/08 18:19:52 INFO  : PSE_without_fees_2026-04-13_to_2026-04-15/work_dir/backtests_eiie_20260414_135115_job74143_q08j1hi1/runs: Set directory modification time (using DirSetModTime)
2026/05/08 18:19:52 INFO  : PSE_without_fees_2026-04-13_to_2026-04-15/work_dir/backtests_eiie_20260413_165222_job74136_gkc4fhnc/runs: Set directory modification time (using DirSetModTime)
2026/05/08 18:19:52 INFO  : PSE_without_fees_2026-04-13_to_2026-04-15/work_dir/backtests_eiie_20260414_105331_job74142_ufplj8k7/prepared_data: Set directory modification time (using DirSetModTime)
2026/05/08 18:19:52 INFO  : PSE_without_fees_2026-04-13_to_2026-04-15/work_dir/backtests_eiie_20260414_225950_job74146_ur5evt9d/prepared_data: Set directory modification time (using DirSetModTime)
2026/05/08 18:19:52 INFO  : PSE_without_fees_2026-04-13_to_2026-04-15/work_dir/backtests_eiie_20260413_195251_job74137_dvcd7s8x/prepared_data: Set directory modification time (using DirSetModTime)
2026/05/08 18:19:52 INFO  : PSE_without_fees_2026-04-13_to_2026-04-15/work_dir/backtests_eiie_20260413_165222_job74136_gkc4fhnc/prepared_data: Set directory modification time (using DirSetModTime)
2026/05/08 18:19:52 INFO  : PSE_without_fees_2026-04-13_to_2026-04-15/work_dir/backtests_eiie_20260413_195251_job74137_dvcd7s8x/runs: Set directory modification time (using DirSetModTime)
2026/05/08 18:19:52 INFO  : PSE_without_fees_2026-04-13_to_2026-04-15/work_dir/backtests_eiie_20260413_225636_job74138_97ly951i/runs: Set directory modification time (using DirSetModTime)
2026/05/08 18:19:53 INFO  : PSE_without_fees_2026-04-13_to_2026-04-15/work_dir/backtests_eiie_20260414_225950_job74146_ur5evt9d/runs: Set directory modification time (using DirSetModTime)
2026/05/08 18:19:53 INFO  : PSE_without_fees_2026-04-13_to_2026-04-15/work_dir/backtests_eiie_20260413_225636_job74138_97ly951i/prepared_data: Set directory modification time (using DirSetModTime)
2026/05/08 18:19:53 INFO  : PSE_without_fees_2026-04-13_to_2026-04-15/work_dir/backtests_eiie_20260414_075610_job74141_jxq9e3d_/prepared_data: Set directory modification time (using DirSetModTime)
2026/05/08 18:19:53 INFO  : PSE_without_fees_2026-04-13_to_2026-04-15/work_dir/backtests_eiie_20260414_045947_job74140_h8ucwjhj/prepared_data: Set directory modification time (using DirSetModTime)
2026/05/08 18:19:53 INFO  : PSE_without_fees_2026-04-13_to_2026-04-15/work_dir/backtests_eiie_20260414_045947_job74140_h8ucwjhj/runs: Set directory modification time (using DirSetModTime)
2026/05/08 18:19:53 INFO  : PSE_without_fees_2026-04-13_to_2026-04-15/work_dir/backtests_eiie_20260414_105331_job74142_ufplj8k7/runs: Set directory modification time (using DirSetModTime)
2026/05/08 18:19:53 INFO  : NYSE_without_fees_2026-04-13_to_2026-04-15/work_dir/backtests_eiie_20260415_091734_job74132_bow7t52g/runs: Set directory modification time (using DirSetModTime)
2026/05/08 18:19:53 INFO  : PSE_without_fees_2026-04-13_to_2026-04-15/work_dir/backtests_eiie_20260414_075610_job74141_jxq9e3d_/runs: Set directory modification time (using DirSetModTime)
2026/05/08 18:19:53 INFO  : NYSE_without_fees_2026-04-13_to_2026-04-15/work_dir/backtests_eiie_20260415_123453_job74133_kzz71nh_/runs: Set directory modification time (using DirSetModTime)
2026/05/08 18:19:53 INFO  : PSE_without_fees_2026-04-13_to_2026-04-15/work_dir/backtests_eiie_20260414_165644_job74144_dbwdzdc8/runs: Set directory modification time (using DirSetModTime)
2026/05/08 18:19:53 INFO  : PSE_without_fees_2026-04-13_to_2026-04-15/work_dir/backtests_eiie_20260414_195953_job74145__xmyv0fz/runs: Set directory modification time (using DirSetModTime)
2026/05/08 18:19:53 INFO  : PSE_without_fees_2026-04-13_to_2026-04-15/work_dir/backtests_eiie_20260414_165644_job74144_dbwdzdc8/prepared_data: Set directory modification time (using DirSetModTime)
2026/05/08 18:19:53 INFO  : PSE_without_fees_2026-04-13_to_2026-04-15/work_dir/backtests_eiie_20260415_020042_job74147_86qdx6pe/prepared_data: Set directory modification time (using DirSetModTime)
2026/05/08 18:19:53 INFO  : PSE_without_fees_2026-04-13_to_2026-04-15/work_dir/backtests_eiie_20260415_080216_job74149_0mddw9l9/prepared_data: Set directory modification time (using DirSetModTime)
2026/05/08 18:19:53 INFO  : PSE_without_fees_2026-04-13_to_2026-04-15/work_dir/backtests_eiie_20260415_020042_job74147_86qdx6pe/runs: Set directory modification time (using DirSetModTime)
2026/05/08 18:19:53 INFO  : PSE_without_fees_2026-04-13_to_2026-04-15/work_dir/backtests_eiie_20260414_195953_job74145__xmyv0fz/prepared_data: Set directory modification time (using DirSetModTime)
2026/05/08 18:19:53 INFO  : PSE_without_fees_2026-04-13_to_2026-04-15/work_dir/backtests_eiie_20260415_045928_job74148_9gausy9d/prepared_data: Set directory modification time (using DirSetModTime)
2026/05/08 18:19:53 INFO  : PSE_without_fees_2026-04-13_to_2026-04-15/work_dir/backtests_eiie_20260415_080216_job74149_0mddw9l9/runs: Set directory modification time (using DirSetModTime)
2026/05/08 18:19:54 INFO  : PSE_without_fees_2026-04-13_to_2026-04-15/work_dir/backtests_eiie_20260415_110513_job74150_f5h5w0n8/prepared_data: Set directory modification time (using DirSetModTime)
2026/05/08 18:19:54 INFO  : PSE_without_fees_2026-04-13_to_2026-04-15/work_dir/backtests_eiie_20260415_140329_job74151_2odpu3ez/prepared_data: Set directory modification time (using DirSetModTime)
2026/05/08 18:19:54 INFO  : PSE_without_fees_2026-04-13_to_2026-04-15/work_dir/backtests_eiie_20260415_110513_job74150_f5h5w0n8/runs: Set directory modification time (using DirSetModTime)
2026/05/08 18:19:54 INFO  : PSE_without_fees_2026-04-13_to_2026-04-15/work_dir/backtests_eiie_20260415_140329_job74151_2odpu3ez/runs: Set directory modification time (using DirSetModTime)
2026/05/08 18:19:54 INFO  : PSE_without_fees_2026-04-13_to_2026-04-15/work_dir/backtests_eiie_20260415_045928_job74148_9gausy9d/runs: Set directory modification time (using DirSetModTime)
2026/05/08 18:19:54 INFO  : NYSE_without_fees_2026-04-13_to_2026-04-15/work_dir/backtests_eiie_20260413_233931_job74122_rnnteafq/prepared_data: Set directory modification time (using DirSetModTime)
2026/05/08 18:19:54 INFO  : NYSE_without_fees_2026-04-13_to_2026-04-15/work_dir/backtests_eiie_20260413_165222_job74120_idnmrt72/prepared_data: Set directory modification time (using DirSetModTime)
2026/05/08 18:19:54 INFO  : NYSE_without_fees_2026-04-13_to_2026-04-15/work_dir/backtests_eiie_20260413_165222_job74120_idnmrt72/runs: Set directory modification time (using DirSetModTime)
2026/05/08 18:19:54 INFO  : NYSE_without_fees_2026-04-13_to_2026-04-15/work_dir/backtests_eiie_20260413_233931_job74122_rnnteafq/runs: Set directory modification time (using DirSetModTime)
2026/05/08 18:19:55 INFO  : NYSE_without_fees_2026-04-13_to_2026-04-15/work_dir/backtests_eiie_20260415_055739_job74131_tpjgyzkc: Set directory modification time (using DirSetModTime)
2026/05/08 18:19:55 INFO  : NYSE_without_fees_2026-04-13_to_2026-04-15/work_dir/backtests_eiie_20260415_155439_job74134_d24w3yak: Set directory modification time (using DirSetModTime)
2026/05/08 18:19:55 INFO  : NYSE_without_fees_2026-04-13_to_2026-04-15/work_dir/backtests_eiie_20260415_023409_job74130_ujrrbycv: Set directory modification time (using DirSetModTime)
2026/05/08 18:19:55 INFO  : NYSE_without_fees_2026-04-13_to_2026-04-15/work_dir/backtests_eiie_20260414_062011_job74124_5nwqr3ja: Set directory modification time (using DirSetModTime)
2026/05/08 18:19:55 INFO  : NYSE_without_fees_2026-04-13_to_2026-04-15/work_dir/backtests_eiie_20260415_123453_job74133_kzz71nh_: Set directory modification time (using DirSetModTime)
2026/05/08 18:19:55 INFO  : NYSE_without_fees_2026-04-13_to_2026-04-15/work_dir/backtests_eiie_20260414_195750_job74128_o_ywey2v: Set directory modification time (using DirSetModTime)
2026/05/08 18:19:55 INFO  : NYSE_without_fees_2026-04-13_to_2026-04-15/work_dir/backtests_eiie_20260414_130918_job74126_62nqsn3t: Set directory modification time (using DirSetModTime)
2026/05/08 18:19:55 INFO  : NYSE_without_fees_2026-04-13_to_2026-04-15/work_dir/backtests_eiie_20260413_201351_job74121_gzd7n48c: Set directory modification time (using DirSetModTime)
2026/05/08 18:19:55 INFO  : NYSE_without_fees_2026-04-13_to_2026-04-15/work_dir/backtests_eiie_20260413_233931_job74122_rnnteafq: Set directory modification time (using DirSetModTime)
2026/05/08 18:19:55 INFO  : NYSE_without_fees_2026-04-13_to_2026-04-15/work_dir/backtests_eiie_20260414_094321_job74125_jbo5sdvx: Set directory modification time (using DirSetModTime)
2026/05/08 18:19:55 INFO  : NYSE_without_fees_2026-04-13_to_2026-04-15/work_dir/backtests_eiie_20260415_191636_job74135_ysebkrl3: Set directory modification time (using DirSetModTime)
2026/05/08 18:19:55 INFO  : NYSE_without_fees_2026-04-13_to_2026-04-15/work_dir/backtests_eiie_20260415_091734_job74132_bow7t52g: Set directory modification time (using DirSetModTime)
2026/05/08 18:19:55 INFO  : NYSE_without_fees_2026-04-13_to_2026-04-15/work_dir/backtests_eiie_20260413_165222_job74120_idnmrt72: Set directory modification time (using DirSetModTime)
2026/05/08 18:19:55 INFO  : NYSE_without_fees_2026-04-13_to_2026-04-15/work_dir/backtests_eiie_20260414_030122_job74123_eryaem4m: Set directory modification time (using DirSetModTime)
2026/05/08 18:19:55 INFO  : NYSE_without_fees_2026-04-13_to_2026-04-15/work_dir/backtests_eiie_20260414_163153_job74127_5c1ikwkh: Set directory modification time (using DirSetModTime)
2026/05/08 18:19:55 INFO  : NYSE_without_fees_2026-04-13_to_2026-04-15/work_dir/backtests_eiie_20260414_231549_job74129_qj7ppkrx: Set directory modification time (using DirSetModTime)
2026/05/08 18:19:55 INFO  : PSE_without_fees_2026-04-13_to_2026-04-15/work_dir/backtests_eiie_20260413_165222_job74136_gkc4fhnc: Set directory modification time (using DirSetModTime)
2026/05/08 18:19:55 INFO  : PSE_without_fees_2026-04-13_to_2026-04-15/work_dir/backtests_eiie_20260414_045947_job74140_h8ucwjhj: Set directory modification time (using DirSetModTime)
2026/05/08 18:19:55 INFO  : PSE_without_fees_2026-04-13_to_2026-04-15/work_dir/backtests_eiie_20260413_195251_job74137_dvcd7s8x: Set directory modification time (using DirSetModTime)
2026/05/08 18:19:55 INFO  : PSE_without_fees_2026-04-13_to_2026-04-15/work_dir/backtests_eiie_20260414_015729_job74139_46bfn538: Set directory modification time (using DirSetModTime)
2026/05/08 18:19:55 INFO  : PSE_without_fees_2026-04-13_to_2026-04-15/work_dir/backtests_eiie_20260414_105331_job74142_ufplj8k7: Set directory modification time (using DirSetModTime)
2026/05/08 18:19:55 INFO  : PSE_without_fees_2026-04-13_to_2026-04-15/work_dir/backtests_eiie_20260414_075610_job74141_jxq9e3d_: Set directory modification time (using DirSetModTime)
2026/05/08 18:19:55 INFO  : PSE_without_fees_2026-04-13_to_2026-04-15/work_dir/backtests_eiie_20260414_135115_job74143_q08j1hi1: Set directory modification time (using DirSetModTime)
2026/05/08 18:19:55 INFO  : PSE_without_fees_2026-04-13_to_2026-04-15/work_dir/backtests_eiie_20260413_225636_job74138_97ly951i: Set directory modification time (using DirSetModTime)
2026/05/08 18:19:56 INFO  : PSE_without_fees_2026-04-13_to_2026-04-15/work_dir/backtests_eiie_20260414_195953_job74145__xmyv0fz: Set directory modification time (using DirSetModTime)
2026/05/08 18:19:56 INFO  : PSE_without_fees_2026-04-13_to_2026-04-15/work_dir/backtests_eiie_20260415_045928_job74148_9gausy9d: Set directory modification time (using DirSetModTime)
2026/05/08 18:19:56 INFO  : PSE_without_fees_2026-04-13_to_2026-04-15/work_dir/backtests_eiie_20260414_165644_job74144_dbwdzdc8: Set directory modification time (using DirSetModTime)
2026/05/08 18:19:56 INFO  : PSE_without_fees_2026-04-13_to_2026-04-15/work_dir/backtests_eiie_20260415_020042_job74147_86qdx6pe: Set directory modification time (using DirSetModTime)
2026/05/08 18:19:56 INFO  : PSE_without_fees_2026-04-13_to_2026-04-15/work_dir/backtests_eiie_20260415_110513_job74150_f5h5w0n8: Set directory modification time (using DirSetModTime)
2026/05/08 18:19:56 INFO  : PSE_without_fees_2026-04-13_to_2026-04-15/work_dir/backtests_eiie_20260415_080216_job74149_0mddw9l9: Set directory modification time (using DirSetModTime)
2026/05/08 18:19:57 INFO  : PSE_without_fees_2026-04-13_to_2026-04-15/work_dir/backtests_eiie_20260415_140329_job74151_2odpu3ez: Set directory modification time (using DirSetModTime)
2026/05/08 18:19:57 INFO  : PSE_without_fees_2026-04-13_to_2026-04-15/work_dir/backtests_eiie_20260414_225950_job74146_ur5evt9d: Set directory modification time (using DirSetModTime)
2026/05/08 18:19:57 INFO  : PSE_without_fees_2026-04-13_to_2026-04-15/slurm_logs: Set directory modification time (using DirSetModTime)
2026/05/08 18:19:58 INFO  : PSE_without_fees_2026-04-13_to_2026-04-15/work_dir: Set directory modification time (using DirSetModTime)
2026/05/08 18:19:58 INFO  : NYSE_without_fees_2026-04-13_to_2026-04-15/slurm_logs: Set directory modification time (using DirSetModTime)
2026/05/08 18:19:58 INFO  : NYSE_without_fees_2026-04-13_to_2026-04-15/work_dir: Set directory modification time (using DirSetModTime)
2026/05/08 18:19:58 INFO  : PSE_without_fees_2026-04-13_to_2026-04-15: Set directory modification time (using DirSetModTime)
2026/05/08 18:19:59 INFO  : NYSE_without_fees_2026-04-13_to_2026-04-15: Set directory modification time (using DirSetModTime)
2026/05/08 18:19:59 INFO  : 
Transferred:   	    2.287 GiB / 2.287 GiB, 100%, 1.005 MiB/s, ETA 0s
Checks:                 0 / 0, -, Listed 3788
Transferred:         3330 / 3330, 100%
Elapsed time:    1h9m24.1s

2026/05/11 12:17:42 INFO  : NYSE_with_fees_2026-04-27_to_2026-04-29/summary_runs.csv: Copied (new)
2026/05/11 12:17:44 INFO  : PSE_with_fees_2026-04-27_to_2026-04-29/summary_runs.csv: Copied (new)
2026/05/11 12:19:38 INFO  : PSE_with_fees_2026-04-27_to_2026-04-29: Set directory modification time (using DirSetModTime)
2026/05/11 12:19:38 INFO  : NYSE_with_fees_2026-04-27_to_2026-04-29: Set directory modification time (using DirSetModTime)
2026/05/11 12:19:38 INFO  : 
Transferred:   	    2.811 KiB / 2.811 KiB, 100%, 411 B/s, ETA 0s
Checks:              3330 / 3330, 100%, Listed 7580
Transferred:            2 / 2, 100%
Elapsed time:       2m1.5s

2026/05/13 13:20:43 INFO  : PSE_with_fees_without_boardlot_2026-05-06_to_2026-05-08/summary_runs.csv: Copied (new)
2026/05/13 13:20:45 INFO  : PSE_with_fees_with_boardlot_2026-05-06_to_2026-05-08/summary_runs.csv: Copied (new)
2026/05/13 13:21:54 INFO  : PSE_with_fees_without_boardlot_2026-05-06_to_2026-05-08: Set directory modification time (using DirSetModTime)
2026/05/13 13:21:54 INFO  : PSE_with_fees_with_boardlot_2026-05-06_to_2026-05-08: Set directory modification time (using DirSetModTime)
2026/05/13 13:21:54 INFO  : 
Transferred:   	    2.840 KiB / 2.840 KiB, 100%, 484 B/s, ETA 0s
Checks:              3332 / 3332, 100%, Listed 7592
Transferred:            2 / 2, 100%
Elapsed time:      1m15.8s

